0,50,2,0.03125,0.133333,0.046875,0.933333,0.03125,0.133333,0.03125,0.466667,0.03125,0.466667,0.03125,0.466667,0.046875,0.894281,0.0625,1.10376,0.0625,0.954247,0.0625,0.954247,0.046875,0.894281,0.0625,1.10376,0.046875,1.00474,0.0625,1.10376,0.046875,0.933333,0.03125,0.133333,0.03125,0.466667,0.015625,0.733333,0.046875,1.00474,0.03125,1.18186,0.046875,0.933333,0.03125,0.466667,0.015625,0.733333,0.078125,1.63444,0.03125,1.08758,0.03125,0.133333,0.03125,0.466667,0.03125,0.466667,0.0625,1.17042,0.046875,0.933333,0.0625,1.17042,0.015625,0.733333,0.0625,1.17042,0.03125,0.133333,0.015625,0.733333,0.046875,0.933333,0.03125,0.133333,0.03125,0.133333,0.03125,0.466667,0.03125,0.133333,0.078125,1.5742,0.0625,1.17042,0.03125,1.08758,0.0625,0.954247,0.03125,0.133333,0.03125,0.133333,0.0625,0.954247,0.03125,0.133333,0.03125,0.133333,0.03125,0.133333,
1,50,2,0.078125,1.36422,0.015625,0.533333,0.046875,0.8,0.0625,1.05997,0.046875,1.03235,0.03125,0.533333,0.078125,1.50421,0.03125,0.266667,0.046875,1.0714,0.03125,0.266667,0.0625,0.533333,0.0625,1.20948,0.046875,0.666667,0.03125,0.266667,0.046875,0.666667,0.046875,0.8,0.0625,0.632352,0.046875,0.866667,0.0625,0.533333,0.03125,0.266667,0.015625,0.533333,0.046875,0.866667,0.0625,0.804738,0.03125,0.266667,0.0625,0.632352,0.03125,0.266667,0.0625,0.533333,0.0625,0.632352,0.046875,0.666667,0.0625,0.632352,0.046875,0.666667,0.046875,0.8,0.015625,0.533333,0.015625,0.533333,0.09375,1.79189,0.046875,0.8,0.09375,1.63258,0.0625,1.2647,0.046875,1.03235,0.046875,0.733333,0.0625,1.05997,0.015625,0.533333,0.03125,0.266667,0.0625,0.632352,0.046875,0.733333,0.0625,0.533333,0.03125,0.533333,0.0625,0.533333,0.046875,0.733333,0.046875,1.15425,
2,50,2,0.078125,1.50421,0.046875,0.933333,0.046875,0.6,0.03125,0,0.0625,1.23709,0.0625,0.466667,0.03125,0,0.0625,1.20948,0.109375,1.66352,0.03125,0,0.03125,0,0.03125,0.133333,0.03125,0.133333,0.078125,1.53182,0.046875,0.933333,0.03125,0.133333,0.03125,0.760948,0.0625,0.671405,0.03125,0.133333,0.0625,0.965685,0.03125,0.133333,0.03125,0,0.03125,0.133333,0.03125,0.760948,0.046875,0.733333,0.046875,0.866667,0.046875,0.6,0.046875,0.866667,0.0625,0.466667,0.03125,0,0.078125,1.04379,0.078125,1.15425,0.0625,0.466667,0.03125,0.133333,0.0625,0.965685,0.0625,0.466667,0.0625,0.6,0.0625,0.466667,0.046875,0.733333,0.03125,0,0.03125,0,0.078125,1.42588,0.03125,0,0.03125,0,0.0625,1.12663,0.046875,0.733333,0.078125,1.15425,0.046875,0.8,0.03125,0,0.046875,0.733333,
3,50,2,0.03125,0,0.0625,1.20948,0.0625,0.360948,0.03125,0,0.0625,0.360948,0.046875,0.6,0.046875,0.8,0.03125,0,0.015625,0.533333,0.0625,0.694281,0.03125,0,0.03125,0,0.03125,0,0.078125,1.15425,0.046875,0.733333,0.046875,0.733333,0.078125,1.12663,0.0625,0.4,0.015625,0.533333,0.078125,1.12663,0.03125,0,0.0625,1.29232,0.046875,0.8,0.046875,1.01618,0.0625,0.4,0.0625,0.360948,0.03125,0,0.03125,0,0.03125,0,0.03125,0,0.03125,0,0.03125,0,0.0625,0.6,0.0625,0.694281,0.046875,0.8,0.03125,0.8,0.046875,0.733333,0.0625,0.6,0.0625,0.4,0.078125,1.37708,0.03125,0,0.03125,0,0.015625,0.533333,0.03125,0,0.046875,0.866667,0.03125,0,0.078125,0.977124,0.0625,0.360948,0.03125,0,0.03125,0,
4,50,2,0.046875,0.8,0.03125,0,0.078125,0.938071,0.046875,0.533333,0.0625,0.2,0.03125,0.733333,0.046875,0.933333,0.03125,0,0.03125,0,0.03125,0,0.046875,0.6,0.046875,0.866667,0.015625,0.466667,0.0625,0.466667,0.0625,0.466667,0.046875,0.733333,0.046875,0.8,0.015625,0.466667,0.046875,0.6,0.046875,0.6,0.03125,0,0.046875,0.533333,0.03125,0,0.078125,0.938071,0.046875,0.6,0.0625,0.466667,0.0625,0.333333,0.03125,0,0.03125,0.866667,0.0625,0.333333,0.046875,0.6,0.078125,1.5254,0.0625,0.2,0.078125,0.866667,0.0625,0.333333,0.046875,0.533333,0.046875,0.6,0.046875,0.733333,0.046875,0.733333,0.046875,0.6,0.0625,0.2,0.0625,0.2,0.0625,0.466667,0.03125,0,0.03125,0,0.0625,0.466667,0.0625,0.6,0.03125,0,0.046875,0.733333,0.046875,0.733333,
5,50,2,0.046875,0.6,0.046875,0.666667,0.0625,0.133333,0.0625,0.866667,0.0625,0.2,0.0625,0.2,0.078125,1.24042,0.03125,0,0.0625,1.15425,0.046875,0.4,0.03125,0,0.046875,0.666667,0.03125,0,0.0625,0.2,0.0625,0.333333,0.0625,1.09902,0.03125,0,0.015625,0.466667,0.0625,0.133333,0.0625,0.333333,0.0625,0.133333,0.046875,0.666667,0.046875,0.4,0.03125,0,0.03125,0,0.03125,0,0.046875,0.8,0.046875,0.666667,0.046875,0.4,0.03125,0.666667,0.03125,0,0.0625,0.333333,0.0625,0.2,0.03125,0,0.046875,0.894281,0.0625,0.133333,0.03125,0,0.0625,0.2,0.0625,0.333333,0.078125,0.733333,0.0625,0.4,0.03125,0,0.046875,0.666667,0.03125,0,0.046875,0.6,0.09375,1.36231,0.046875,0.666667,0.0625,0.2,0.03125,0.8,0.046875,0.8,
6,50,2,0.0625,0.133333,0.03125,0,0.046875,0.4,0.0625,0.4,0.0625,0.133333,0.0625,0.0666667,0.03125,0,0.046875,0.733333,0.046875,0.4,0.0625,0.0666667,0.0625,1.03235,0.0625,0.977124,0.0625,0.0666667,0.0625,0.0666667,0.046875,0.533333,0.0625,0,0.078125,0.666667,0.078125,1.07614,0.046875,0.733333,0.046875,1.31993,0.03125,0,0.046875,0.8,0.046875,0.733333,0.046875,0.733333,0.03125,0.666667,0.046875,0.733333,0.046875,0.733333,0.0625,0.133333,0.046875,0.4,0.046875,0.4,0.0625,0.133333,0.046875,0.666667,0.0625,0,0.03125,0,0.046875,0.4,0.03125,0,0.03125,0,0.0625,0,0.03125,0,0.046875,0.533333,0.03125,0,0.0625,0,0.0625,0,0.03125,0,0.03125,0,0.078125,0.8,0.046875,0.6,0.078125,0.866667,0.046875,0.733333,0.0625,0.988562,
7,50,2,0.0625,1.08758,0.0625,0,0.03125,0,0.0625,1.05997,0.046875,0.866667,0.0625,0,0.0625,0.894281,0.046875,0.733333,0.0625,1.20948,0.0625,1.05997,0.0625,0,0.03125,0,0.046875,0.6,0.0625,0.133333,0.0625,1.08758,0.03125,0,0.0625,0.133333,0.0625,0.733333,0.046875,0.4,0.03125,0.6,0.0625,0.133333,0.078125,0.960948,0.046875,0.733333,0.03125,0,0.03125,0.6,0.03125,0,0.078125,0.666667,0.0625,0,0.0625,0.133333,0.0625,0.133333,0.046875,0.666667,0.03125,0.6,0.078125,0.866667,0.046875,0.8,0.0625,0.133333,0.03125,0.6,0.0625,0.894281,0.0625,0,0.0625,0.133333,0.0625,0,0.03125,0,0.03125,0,0.078125,1.08758,0.0625,0.133333,0.078125,1.11519,0.0625,0.733333,0.046875,0.6,0.046875,0.533333,0.0625,0,0.03125,0,
8,50,2,0.0625,0.0666667,0.078125,1.2647,0.109375,1.53182,0.078125,0.6,0.0625,0.0666667,0.046875,0.2,0.046875,0.466667,0.046875,0.666667,0.046875,0.2,0.078125,0.926633,0.078125,0.926633,0.078125,0.733333,0.0625,1.2647,0.0625,0,0.046875,0.2,0.046875,0.133333,0.046875,0.133333,0.046875,0.2,0.03125,0,0.046875,0.733333,0.0625,0.6,0.0625,0,0.046875,0.133333,0.0625,1.53182,0.109375,1.61658,0.046875,0.733333,0.046875,0.733333,0.0625,0,0.078125,1.23709,0.078125,1.54659,0.0625,0,0.03125,0,0.015625,0.466667,0.03125,0,0.046875,0.133333,0.03125,0,0.0625,0.0666667,0.046875,0.733333,0.0625,0.988562,0.03125,0,0.0625,0.6,0.046875,0.466667,0.046875,0.8,0.0625,1.29232,0.046875,0.2,0.046875,0.6,0.0625,1.12663,0.0625,0,0.0625,0,0.0625,0,
9,50,2,0.078125,1.5742,0.046875,0.6,0.0625,0,0.03125,0,0.046875,0.2,0.046875,0.2,0.046875,0.8,0.046875,0.8,0.046875,0.4,0.078125,0.832352,0.046875,0.666667,0.03125,0,0.0625,0,0.046875,0.533333,0.046875,0.733333,0.046875,0.866667,0.0625,1.09902,0.078125,0.832352,0.0625,0.933333,0.046875,0.2,0.0625,0.933333,0.046875,0.733333,0.03125,0,0.046875,0.733333,0.046875,0.2,0.078125,0.832352,0.03125,0,0.0625,0,0.0625,0.733333,0.0625,0.894281,0.0625,0,0.046875,0.4,0.046875,0.6,0.046875,0.666667,0.0625,1.15425,0.0625,0.933333,0.046875,0.666667,0.0625,0.933333,0.0625,0.0666667,0.046875,0.6,0.046875,0.2,0.046875,0.533333,0.03125,0.666667,0.03125,0,0.046875,0.933333,0.078125,0.933333,0.046875,0.533333,0.046875,0.533333,0.0625,0.2,0.0625,0,
10,50,2,0.03125,0,0.046875,0.466667,0.0625,0.533333,0.046875,0.133333,0.0625,0,0.0625,0.0666667,0.046875,0.8,0.09375,1.81308,0.09375,1.0714,0.03125,0.533333,0.0625,0,0.03125,0.533333,0.0625,0,0.03125,0,0.046875,0.4,0.03125,0,0.0625,0,0.03125,0,0.109375,1.55301,0.03125,0,0.046875,0.466667,0.078125,0.804738,0.03125,0,0.046875,0.466667,0.0625,0,0.0625,0.933333,0.03125,0,0.046875,0.133333,0.03125,0.533333,0.046875,0.4,0.078125,0.866667,0.046875,0.133333,0.0625,0.866667,0.03125,0,0.03125,0,0.046875,0.6,0.09375,1.2647,0.0625,0.866667,0.0625,0,0.109375,1.94323,0.0625,0,0.03125,0,0.046875,0.6,0.0625,0,0.0625,0,0.046875,0.8,0.0625,0,0.03125,0,0.03125,0,0.078125,0.533333,
11,50,2,0.0625,0.666667,0.078125,0.933333,0.0625,0,0.03125,0,0.09375,1.10376,0.03125,0,0.046875,0.333333,0.0625,0,0.0625,0.666667,0.0625,0.733333,0.046875,0.733333,0.09375,1.76427,0.046875,0.333333,0.078125,0.866667,0.015625,0.4,0.046875,0.8,0.046875,0.333333,0.0625,0.733333,0.0625,0.533333,0.0625,0.988562,0.09375,1.36422,0.046875,0.333333,0.046875,0.0666667,0.0625,0,0.046875,0.666667,0.03125,0,0.046875,0.0666667,0.0625,0,0.046875,0.733333,0.046875,0.6,0.03125,0,0.0625,0,0.046875,0.333333,0.0625,0,0.046875,0.333333,0.03125,0,0.046875,0.333333,0.03125,0,0.03125,0,0.0625,0,0.03125,0,0.046875,0.733333,0.0625,0,0.0625,0,0.046875,0.333333,0.03125,0,0.0625,0,0.09375,1.10376,0.03125,0,0.0625,0.933333,
12,50,2,0.09375,1.55301,0.109375,1.79189,0.0625,0.866667,0.0625,0,0.0625,0,0.0625,0,0.046875,0.733333,0.03125,0.466667,0.0625,0.866667,0.078125,1.5742,0.078125,1.34636,0.078125,0.899019,0.046875,0.466667,0.0625,0,0.046875,0.666667,0.0625,0,0.046875,0.733333,0.046875,0.733333,0.046875,0.466667,0.046875,0.666667,0.03125,0,0.0625,0.466667,0.078125,0.933333,0.09375,1.31993,0.046875,0.466667,0.078125,0.733333,0.046875,0.466667,0.078125,0.733333,0.078125,0.733333,0.078125,0.733333,0.078125,0.533333,0.046875,0.466667,0.046875,0.666667,0.046875,0,0.046875,0.733333,0.03125,0,0.046875,0.733333,0.03125,0,0.0625,0,0.0625,0,0.046875,0.466667,0.09375,1.2647,0.0625,0,0.046875,0.466667,0.109375,1.48945,0.078125,0.926633,0.0625,0.933333,0.0625,0.933333,0.0625,0,0.03125,0,
13,50,2,0.0625,0,0.0625,0,0.046875,0.6,0.03125,0,0.046875,0,0.0625,0.8,0.0625,0.333333,0.046875,0.6,0.0625,1.18186,0.0625,0,0.046875,0.333333,0.046875,0.266667,0.03125,0,0.046875,0.733333,0.046875,0,0.046875,0.333333,0.0625,0,0.078125,0.866667,0.046875,0.6,0.046875,0.266667,0.078125,0.733333,0.0625,1.20948,0.046875,0.266667,0.03125,0,0.0625,0,0.0625,1.15425,0.078125,0.933333,0.0625,0.333333,0.03125,0,0.046875,0.733333,0.0625,0,0.0625,0.8,0.046875,0,0.078125,0.866667,0.046875,0.6,0.109375,1.36231,0.0625,0,0.046875,0,0.0625,0,0.0625,1.20948,0.0625,0.333333,0.046875,0.266667,0.0625,0,0.0625,0.666667,0.046875,0.266667,0.078125,0.733333,0.046875,0.733333,0.09375,1.18186,0.0625,0.866667,0.046875,0.266667,
14,50,2,0.046875,0.266667,0.046875,0,0.03125,0,0.078125,1.23399,0.0625,0.333333,0.046875,0.533333,0.0625,0,0.046875,0.533333,0.0625,0,0.078125,0.804738,0.046875,0.266667,0.09375,1.2647,0.046875,0.733333,0.03125,0,0.046875,0.333333,0.03125,0,0.078125,0.666667,0.046875,0.8,0.015625,0.333333,0.046875,0.533333,0.046875,0.266667,0.109375,1.54659,0.03125,0,0.09375,1.47327,0.078125,0.866667,0.0625,0,0.03125,0,0.0625,0,0.0625,0.988562,0.0625,0,0.0625,0,0.046875,0.533333,0.078125,1.3347,0.0625,0.333333,0.0625,0.933333,0.0625,0,0.046875,0.333333,0.078125,0.866667,0.046875,0.266667,0.078125,0.866667,0.046875,0.733333,0.078125,0.866667,0.03125,0,0.03125,0,0.0625,0.933333,0.078125,0.933333,0.03125,0,0.046875,0.666667,0.046875,0.733333,0.078125,0.666667,
15,50,2,0.078125,0.804738,0.03125,0,0.046875,0.466667,0.0625,0,0.0625,0.866667,0.0625,0,0.109375,1.50421,0.078125,0.666667,0.0625,0,0.046875,0.2,0.09375,1.5254,0.046875,0.733333,0.0625,0,0.03125,0,0.0625,0,0.046875,0.266667,0.0625,0,0.0625,0,0.046875,0.2,0.09375,1.43422,0.046875,0.666667,0.03125,0,0.046875,0.2,0.0625,0,0.109375,1.60328,0.0625,0,0.078125,0.933333,0.0625,0,0.0625,0,0.0625,0,0.046875,0,0.078125,0.933333,0.046875,0.733333,0.0625,0.666667,0.078125,1.31351,0.046875,0.466667,0.078125,1.14281,0.046875,0.2,0.0625,1.01618,0.046875,0.266667,0.078125,1.48302,0.03125,0,0.015625,0.266667,0.046875,0.266667,0.046875,0.266667,0.03125,0,0.046875,0,0.0625,0,0.046875,0.6,0.0625,0,
16,50,2,0.03125,0,0.046875,0.666667,0.046875,0.8,0.09375,1.5254,0.0625,0.6,0.0625,0,0.0625,1.04379,0.046875,0.333333,0.03125,0,0.0625,0,0.078125,0.926633,0.0625,0,0.03125,0,0.09375,1.29232,0.046875,0.4,0.046875,0.0666667,0.0625,0.866667,0.09375,1.46183,0.078125,1.23709,0.046875,0.733333,0.0625,0,0.046875,0.2,0.03125,0,0.0625,0.8,0.09375,1.50421,0.078125,0.926633,0.046875,0.4,0.078125,0.933333,0.046875,0.666667,0.078125,0.533333,0.03125,0,0.046875,0.8,0.0625,0,0.046875,0.2,0.078125,1.31993,0.0625,0.866667,0.0625,0.733333,0.0625,0.6,0.046875,0.4,0.078125,0.533333,0.0625,0,0.0625,0,0.046875,0.133333,0.046875,0.666667,0.03125,0,0.078125,0.866667,0.03125,0,0.0625,0.333333,0.0625,0,0.09375,1.34636,
17,50,2,0.0625,0.8,0.046875,0.0666667,0.078125,0.533333,0.0625,0.866667,0.03125,0,0.078125,0.533333,0.046875,0,0.046875,0.333333,0.078125,0.933333,0.046875,1.0714,0.0625,0,0.0625,0,0.09375,1.15425,0.0625,0,0.125,1.83094,0.09375,1.29113,0.09375,1.2097,0.0625,0.866667,0.09375,0.949509,0.046875,0.6,0.046875,0.6,0.0625,0.866667,0.03125,0,0.046875,0,0.0625,0.6,0.03125,0.4,0.09375,1.2647,0.0625,0,0.0625,0.8,0.03125,0,0.046875,0.6,0.046875,0,0.046875,0,0.0625,0,0.03125,0,0.09375,1.2647,0.078125,0.933333,0.078125,1.31993,0.0625,0.8,0.0625,0,0.0625,0.6,0.046875,0.733333,0.0625,0,0.0625,0,0.046875,0.266667,0.046875,0,0.046875,0.4,0.046875,0,0.09375,1.2097,0.0625,0,
18,50,2,0.078125,0.749509,0.0625,0,0.046875,0.6,0.046875,0.4,0.046875,0.4,0.0625,0,0.046875,0.8,0.03125,0,0.0625,0,0.046875,0.266667,0.03125,0,0.046875,0.266667,0.03125,0,0.078125,0.933333,0.09375,1.20948,0.0625,0.8,0.046875,0,0.0625,0.2,0.0625,0,0.0625,0.866667,0.03125,0,0.078125,0.866667,0.125,1.56591,0.046875,0.733333,0.0625,0.977124,0.0625,0,0.046875,0.4,0.0625,0,0.0625,0.2,0.0625,0.933333,0.0625,0,0.078125,0.933333,0.046875,0.8,0.0625,1.08758,0.046875,0.266667,0.0625,0.733333,0.078125,0.866667,0.09375,0.933333,0.046875,0.266667,0.046875,0,0.046875,0,0.046875,0,0.09375,1.29232,0.0625,0.866667,0.0625,0,0.046875,0,0.03125,0,0.0625,0.933333,0.0625,0,0.0625,0,
19,50,2,0.0625,0,0.0625,0,0.046875,0.133333,0.046875,0.533333,0.0625,0.733333,0.0625,0.866667,0.0625,0,0.0625,0.733333,0.0625,0.2,0.046875,0.0666667,0.09375,1.18186,0.046875,0.133333,0.0625,0.8,0.0625,0,0.0625,0,0.046875,0.4,0.03125,0,0.03125,0,0.0625,0.8,0.03125,0,0.03125,0.333333,0.0625,0,0.0625,0.988562,0.078125,0.655228,0.0625,0.866667,0.078125,0.733333,0.03125,0.533333,0.03125,0,0.078125,0.466667,0.046875,0,0.0625,1.20948,0.046875,0.4,0.046875,0.4,0.0625,0.733333,0.0625,0,0.078125,1.20948,0.0625,0,0.0625,0,0.078125,0.694281,0.078125,0.866667,0.03125,0,0.046875,0.533333,0.109375,1.48945,0.09375,1.2647,0.078125,0.655228,0.046875,0.133333,0.046875,0.666667,0.0625,0,0.0625,0,0.046875,0,
20,50,2,0.046875,0.133333,0.0625,0.866667,0.078125,0.533333,0.03125,0,0.046875,0,0.0625,0.866667,0.078125,0.866667,0.03125,0,0.078125,0.804738,0.03125,0,0.078125,1.23709,0.0625,0,0.0625,0.866667,0.046875,0.4,0.03125,0,0.03125,0,0.0625,0,0.0625,0,0.0625,0.866667,0.0625,0.866667,0.03125,0,0.0625,0.733333,0.03125,0,0.046875,0.133333,0.046875,0.666667,0.046875,0.133333,0.0625,0,0.046875,0,0.046875,0.933333,0.03125,0.2,0.109375,1.64566,0.046875,0.666667,0.046875,0,0.078125,0.533333,0.078125,0.866667,0.078125,0.6,0.03125,0,0.078125,0.655228,0.03125,0.466667,0.046875,0.466667,0.0625,0,0.046875,0.8,0.046875,0.0666667,0.078125,0.733333,0.09375,1.2647,0.015625,0.266667,0.046875,0.133333,0.046875,0.133333,0.03125,0.2,0.0625,0.894281,
21,50,2,0.078125,1.18186,0.078125,0.6,0.09375,1.65231,0.0625,0,0.078125,0.866667,0.0625,0.8,0.046875,0,0.0625,0,0.0625,1.23709,0.0625,0,0.046875,0,0.0625,0.8,0.046875,0,0.03125,0,0.03125,0,0.0625,0,0.046875,0.6,0.078125,1.18186,0.015625,0.266667,0.078125,0.333333,0.0625,0,0.09375,1.2647,0.078125,0.666667,0.078125,0.866667,0.0625,0,0.078125,0.533333,0.046875,0,0.078125,0.333333,0.078125,0.866667,0.078125,0.933333,0.0625,0.933333,0.0625,0,0.03125,0,0.03125,0.4,0.046875,0,0.046875,0,0.0625,0,0.03125,0,0.046875,0.2,0.078125,1.18186,0.078125,0.933333,0.09375,1.23709,0.046875,0.733333,0.0625,0,0.09375,1.17042,0.046875,0.2,0.078125,0.533333,0.0625,0,0.046875,0,0.0625,0,
22,50,2,0.046875,0.133333,0.046875,0,0.0625,0,0.0625,0,0.078125,0.933333,0.0625,0.666667,0.0625,0.8,0.078125,0.777124,0.046875,0,0.0625,0.666667,0.046875,0,0.046875,0,0.0625,0.8,0.0625,0.666667,0.03125,0,0.046875,0,0.09375,1.5742,0.03125,0.2,0.09375,1.18186,0.078125,1.20948,0.078125,0.333333,0.0625,0,0.09375,1.20948,0.0625,0,0.046875,0.466667,0.0625,0.8,0.09375,1.00948,0.078125,0.6,0.046875,0.8,0.0625,0,0.0625,0.866667,0.046875,0.333333,0.0625,0,0.078125,0.866667,0.0625,0,0.09375,1.02091,0.046875,0,0.0625,0.8,0.03125,0,0.046875,0,0.03125,0,0.109375,1.38231,0.046875,0.466667,0.03125,0,0.078125,0.333333,0.0625,0.866667,0.03125,0,0.09375,0.926633,0.046875,0,0.046875,0.333333,
23,50,2,0.046875,0.466667,0.0625,0,0.09375,1.15425,0.078125,0.933333,0.046875,0,0.0625,0,0.0625,0.666667,0.0625,0.666667,0.046875,0.2,0.0625,0,0.046875,0.333333,0.09375,0.915195,0.0625,0,0.03125,0,0.078125,0.933333,0.046875,0,0.125,1.99044,0.09375,1.14281,0.09375,1.0714,0.046875,0.733333,0.03125,0,0.046875,0.733333,0.0625,0,0.078125,0.6,0.046875,0,0.0625,0.666667,0.078125,0.933333,0.0625,0,0.078125,1.05997,0.0625,0.866667,0.0625,0.866667,0.03125,0.333333,0.078125,0.466667,0.0625,0,0.046875,0.0666667,0.078125,0.466667,0.109375,1.31993,0.0625,0,0.0625,0,0.046875,0.666667,0.125,1.8488,0.0625,0,0.078125,0.866667,0.0625,0.866667,0.09375,0.8,0.046875,0.0666667,0.03125,0,0.0625,0.733333,0.046875,0.733333,0.0625,0.866667,
24,50,2,0.046875,0.133333,0.09375,1.48945,0.0625,0,0.03125,0,0.046875,0.133333,0.109375,1.23258,0.03125,0,0.0625,0,0.03125,0,0.09375,1.51064,0.046875,0.4,0.046875,0,0.046875,0.0666667,0.078125,1.39826,0.0625,0,0.09375,0.7933,0.0625,0,0.109375,1.72376,0.078125,0.866667,0.0625,0,0.046875,0.4,0.09375,1.23709,0.078125,0.933333,0.0625,0,0.078125,0.666667,0.0625,0,0.046875,0.333333,0.0625,1.08758,0.109375,1.8488,0.046875,0,0.046875,0,0.046875,0,0.0625,0,0.0625,0.933333,0.0625,0,0.109375,1.34304,0.0625,1.09902,0.046875,0.4,0.078125,0.8,0.0625,0,0.078125,0.866667,0.046875,0,0.0625,0.733333,0.0625,0,0.09375,0.866667,0.0625,0.6,0.0625,0.533333,0.078125,1.39184,0.0625,0.733333,0.0625,0.533333,
25,50,2,0.078125,0.533333,0.0625,0,0.03125,0,0.0625,0,0.078125,1.05997,0.078125,1.09902,0.0625,0.8,0.03125,0,0.078125,0.866667,0.078125,0.866667,0.046875,0.733333,0.078125,0.733333,0.09375,0.733333,0.046875,0,0.078125,0.866667,0.078125,0.938071,0.078125,0.666667,0.046875,0.533333,0.09375,0.749509,0.078125,1.29232,0.0625,0,0.046875,0,0.0625,0.666667,0.015625,0.2,0.0625,0,0.03125,0,0.0625,0,0.0625,0.910457,0.078125,0.4,0.03125,0,0.078125,0.866667,0.125,2.17086,0.0625,0,0.09375,0.749509,0.046875,0.533333,0.046875,0.4,0.0625,0.533333,0.078125,0.866667,0.078125,0.866667,0.109375,1.239,0.046875,0.266667,0.0625,0,0.078125,1.19804,0.046875,0.266667,0.0625,0,0.09375,1.31993,0.0625,1.18186,0.125,1.82881,0.046875,0,0.078125,0.733333,
26,50,2,0.0625,0.666667,0.078125,0.6,0.0625,0,0.03125,0,0.0625,0.733333,0.09375,1.09902,0.078125,0.8,0.0625,0,0.09375,1.23399,0.0625,0.733333,0.078125,0.333333,0.09375,1.5254,0.0625,0.866667,0.078125,0.866667,0.0625,0,0.046875,0,0.078125,1.05997,0.078125,1.59539,0.0625,0.8,0.109375,1.09902,0.0625,0.533333,0.09375,0.960948,0.0625,0.866667,0.046875,0.333333,0.078125,1.51064,0.125,1.35589,0.09375,1.00474,0.109375,1.19804,0.0625,1.20948,0.0625,0,0.078125,0.4,0.0625,0,0.0625,0,0.0625,0,0.046875,0,0.046875,0,0.078125,0.8,0.09375,0.64379,0.109375,1.44064,0.078125,0.6,0.0625,0.8,0.03125,0,0.078125,0.733333,0.0625,0.533333,0.0625,0,0.0625,0,0.09375,1.28589,0.0625,0.6,0.046875,0,0.078125,0.333333,
27,50,2,0.09375,1.45541,0.078125,1.55301,0.0625,0.8,0.0625,0.866667,0.046875,0,0.09375,1.04379,0.09375,0.866667,0.109375,1.2647,0.046875,0.0666667,0.0625,0.933333,0.0625,0,0.03125,0,0.109375,1.44707,0.0625,0,0.0625,0,0.0625,0,0.109375,1.15425,0.078125,0.533333,0.09375,0.921895,0.078125,1.23709,0.0625,0.133333,0.125,1.55301,0.078125,0.6,0.03125,0,0.09375,1.50421,0.0625,0,0.03125,0,0.078125,1.14281,0.09375,0.549509,0.125,1.87058,0.0625,0.733333,0.078125,0.777124,0.09375,1.18186,0.0625,0.866667,0.109375,1.51064,0.03125,0,0.109375,1.08758,0.078125,0.866667,0.09375,1.38541,0.109375,1.44064,0.0625,0.666667,0.078125,0.333333,0.078125,1.30708,0.078125,0.866667,0.046875,0,0.09375,1.2128,0.0625,0,0.078125,0.965685,0.0625,0,0.078125,0.866667,
28,50,2,0.09375,1.23066,0.078125,1.20948,0.0625,0,0.046875,0.266667,0.078125,0.333333,0.09375,1.38874,0.046875,0.266667,0.046875,0.4,0.09375,1.31993,0.0625,0.666667,0.09375,1.29232,0.078125,0.866667,0.109375,1.7059,0.09375,0.333333,0.078125,0.266667,0.109375,1.92962,0.0625,0,0.125,2.03978,0.078125,0.8,0.078125,0.8,0.09375,0.666667,0.09375,1.14281,0.078125,0.733333,0.109375,1.37065,0.078125,1.23709,0.09375,0.749509,0.09375,1.20948,0.046875,0.4,0.0625,0.8,0.046875,0.333333,0.0625,0,0.0625,0,0.109375,1.79521,0.078125,0.8,0.078125,0.333333,0.078125,0.666667,0.0625,0.8,0.046875,0,0.109375,0.866667,0.046875,0.266667,0.078125,0.333333,0.046875,0,0.140625,2.05552,0.03125,0,0.0625,0,0.0625,0,0.046875,0,0.09375,0.333333,0.046875,0,0.0625,0,
29,50,2,0.0625,0,0.109375,1.46183,0.125,2.15512,0.109375,1.46826,0.078125,1.20948,0.09375,1.15425,0.078125,0.533333,0.0625,0.533333,0.078125,0.733333,0.109375,1.04379,0.0625,0.8,0.0625,0,0.0625,0,0.078125,1.08758,0.09375,0.333333,0.0625,0.8,0.0625,0.866667,0.078125,0.84379,0.078125,1.20948,0.109375,1.2647,0.09375,1.09902,0.078125,1.11519,0.046875,0.333333,0.09375,1.18186,0.078125,0.666667,0.09375,1.37398,0.078125,0.933333,0.09375,1.29232,0.078125,0.266667,0.0625,0.866667,0.125,1.53182,0.09375,1.41945,0.09375,1.19804,0.078125,1.05997,0.078125,0.866667,0.09375,1.03235,0.0625,0.8,0.0625,0,0.046875,0.266667,0.078125,0.8,0.046875,0.6,0.109375,1.28589,0.0625,0.8,0.0625,0,0.03125,0,0.0625,0,0.078125,1.29423,0.078125,1.2647,0.046875,0.6,0.09375,0.333333,
30,50,2,0.0625,0,0.078125,0.8,0.109375,1.68471,0.046875,0,0.109375,1.17566,0.109375,1.53182,0.125,1.4766,0.09375,1.23709,0.046875,0,0.0625,0.8,0.078125,0.933333,0.0625,0,0.0625,0.866667,0.0625,0,0.046875,0.733333,0.140625,2.03766,0.109375,1.64069,0.046875,0,0.078125,1.23709,0.078125,0.533333,0.125,1.2647,0.0625,0.533333,0.078125,0.866667,0.0625,0,0.0625,0,0.078125,1.15425,0.0625,0.466667,0.109375,1.41945,0.109375,1.23709,0.109375,1.64069,0.0625,0,0.078125,1.20948,0.09375,1.09902,0.0625,0.8,0.046875,0.333333,0.046875,0.6,0.078125,0.2,0.0625,0,0.125,1.71711,0.078125,0.9933,0.078125,0.2,0.0625,0,0.046875,0,0.0625,0.466667,0.046875,0.333333,0.109375,1.55301,0.078125,1.53182,0.109375,1.18186,0.09375,1.2647,0.109375,1.18186,
31,50,2,0.0625,0.866667,0.046875,0.6,0.078125,0.866667,0.0625,0,0.0625,0.733333,0.078125,1.15425,0.0625,1.19804,0.09375,1.18186,0.109375,1.50421,0.109375,1.59539,0.078125,1.44707,0.109375,1.44707,0.125,1.29232,0.109375,1.79521,0.046875,0,0.109375,1.79521,0.0625,0.866667,0.125,1.55301,0.09375,1.14281,0.109375,1.51064,0.09375,1.48302,0.109375,1.17042,0.109375,1.29232,0.0625,0,0.09375,1.46826,0.09375,1.09902,0.078125,0.266667,0.0625,0,0.0625,0,0.078125,0.733333,0.0625,0,0.078125,0.8,0.046875,0.133333,0.09375,1.61658,0.03125,0,0.046875,0.733333,0.0625,0.8,0.0625,0.733333,0.0625,0,0.109375,1.18186,0.078125,1.23709,0.09375,1.00474,0.03125,0.333333,0.09375,1.18186,0.109375,1.4066,0.125,1.5742,0.0625,0.788562,0.0625,1.3347,0.0625,0.8,0.046875,0.133333,
32,50,2,0.078125,0.866667,0.109375,1.50736,0.109375,1.55301,0.0625,0.8,0.109375,1.72522,0.046875,0.133333,0.09375,1.48302,0.078125,1.18186,0.078125,0.8,0.046875,0,0.0625,0.894281,0.078125,1.48945,0.078125,1.2647,0.078125,0.855228,0.0625,0.466667,0.125,2.01647,0.078125,1.2647,0.046875,0,0.0625,0,0.03125,0,0.0625,0.466667,0.046875,0.333333,0.078125,0.866667,0.046875,0.133333,0.078125,1.20948,0.09375,1.45541,0.109375,1.48945,0.046875,0,0.078125,0.777124,0.09375,1.48302,0.078125,0.533333,0.078125,1.14281,0.078125,1.23709,0.0625,0,0.03125,0,0.0625,0,0.171875,2.35047,0.0625,0,0.125,1.65231,0.09375,1.20948,0.0625,0.133333,0.078125,0.933333,0.0625,0.949509,0.109375,1.40469,0.078125,0.6,0.0625,0,0.0625,0.666667,0.046875,0.4,0.078125,0.8,0.109375,1.38874,
33,50,2,0.109375,1.57735,0.09375,1.4766,0.125,1.92537,0.0625,0.466667,0.0625,0,0.078125,0,0.078125,1.2647,0.046875,0.133333,0.078125,0.533333,0.046875,0,0.046875,0.666667,0.078125,0.949509,0.0625,0.933333,0.078125,0.533333,0.078125,0,0.125,1.81308,0.125,1.53182,0.0625,0,0.09375,1.15425,0.078125,1.20948,0.0625,0.666667,0.078125,0.6,0.078125,0,0.125,2.03978,0.078125,0.721895,0.109375,1.89602,0.078125,0.866667,0.03125,0,0.109375,1.15425,0.0625,0.8,0.078125,0.933333,0.125,1.54326,0.09375,0.933333,0.109375,1.2616,0.0625,0.988562,0.125,1.28589,0.09375,1.23709,0.078125,0.855228,0.0625,0.8,0.078125,0,0.0625,0,0.046875,0,0.0625,0,0.0625,0.733333,0.0625,0.866667,0.0625,0.866667,0.140625,1.9075,0.078125,1.29232,0.078125,0.6,0.0625,0,
34,50,2,0.078125,0.533333,0.078125,1.11519,0.078125,0.933333,0.125,1.63112,0.09375,0.866667,0.078125,1.18186,0.0625,1.12663,0.078125,0.866667,0.09375,1.2647,0.046875,0.333333,0.09375,0.988562,0.125,1.4766,0.140625,1.82761,0.078125,0.8,0.125,1.55301,0.109375,1.66352,0.046875,0.333333,0.125,1.57566,0.09375,1.55301,0.078125,0,0.0625,0,0.09375,1.27947,0.078125,0.466667,0.078125,0.733333,0.078125,0.855228,0.109375,1.51064,0.140625,1.96956,0.140625,1.5742,0.078125,0.533333,0.046875,0.666667,0.09375,1.12996,0.078125,0,0.03125,0,0.109375,1.67163,0.078125,0.8,0.0625,0,0.078125,0.533333,0.046875,0,0.0625,0,0.09375,1.23709,0.0625,0.733333,0.109375,1.11519,0.140625,1.77735,0.078125,1.4766,0.046875,0,0.125,1.64566,0.078125,1.17042,0.09375,0.8,0.09375,1.2647,0.078125,1.12663,
35,50,2,0.078125,1.2647,0.109375,1.31993,0.078125,0,0.09375,0.965685,0.140625,2.01677,0.078125,0.733333,0.078125,1.20948,0.09375,1.46183,0.0625,0,0.0625,1.15425,0.078125,0.866667,0.0625,0,0.078125,0.8,0.078125,0.866667,0.078125,1.29232,0.078125,1.18186,0.09375,1.53182,0.078125,0.8,0.078125,0.533333,0.109375,1.75616,0.03125,0.133333,0.09375,1.23709,0.140625,1.63258,0.09375,1.34112,0.09375,1.41303,0.125,1.48302,0.078125,0.855228,0.09375,1.17042,0.078125,0.733333,0.03125,0.133333,0.078125,0.8,0.0625,0,0.09375,0.965685,0.078125,1.20948,0.109375,1.68471,0.09375,0.666667,0.109375,1.50421,0.09375,1.2647,0.078125,0.466667,0.078125,0.910457,0.09375,1.11519,0.078125,1.23709,0.09375,1.41945,0.0625,0.866667,0.09375,0.882843,0.078125,0,0.03125,0.333333,0.0625,0.866667,0.0625,0.733333,0.078125,0.8,
36,50,2,0.09375,1.32517,0.03125,0,0.046875,0,0.078125,0.733333,0.09375,1.15425,0.078125,0.2,0.09375,0.965685,0.0625,0.666667,0.078125,0.866667,0.09375,0.733333,0.078125,0.866667,0.09375,0.8,0.078125,0.9933,0.0625,0.8,0.078125,0.9933,0.078125,0.866667,0.09375,1.20948,0.0625,0.8,0.078125,0.466667,0.078125,1.04379,0.03125,0,0.09375,1.09902,0.109375,1.69925,0.109375,1.30066,0.0625,0,0.09375,0.733333,0.046875,0.0666667,0.0625,0.8,0.09375,1.03235,0.09375,0.8,0.046875,0,0.0625,0.8,0.0625,0,0.125,1.4766,0.078125,0.2,0.0625,0.8,0.109375,1.80975,0.140625,1.72043,0.125,1.79521,0.078125,1.32185,0.046875,0.733333,0.046875,0,0.0625,0,0.046875,0.6,0.046875,0.2,0.0625,0.8,0.09375,1.39184,0.09375,1.12663,0.015625,0.2,0.109375,1.64898,
37,50,2,0.046875,0.133333,0.078125,1.04379,0.0625,0.733333,0.09375,1.10877,0.046875,0,0.0625,1.04379,0.09375,1.09902,0.078125,0.9933,0.09375,1.44707,0.125,1.95897,0.125,1.36113,0.125,1.32827,0.0625,1.12663,0.046875,0,0.109375,1.55301,0.109375,1.44707,0.03125,0.266667,0.125,1.44064,0.0625,0,0.125,1.8488,0.09375,0.871405,0.09375,1.02091,0.09375,1.51064,0.078125,1.31993,0.125,1.68138,0.09375,0.960948,0.09375,1.41945,0.09375,1.48302,0.171875,2.05401,0.078125,1.18186,0.09375,1.50421,0.140625,1.64566,0.0625,0,0.09375,0.910457,0.125,1.72043,0.078125,0.533333,0.046875,0.2,0.046875,0.2,0.109375,1.55301,0.0625,0.827614,0.125,1.50421,0.078125,0.827614,0.09375,1.12663,0.09375,1.62137,0.078125,0.733333,0.03125,0,0.09375,1.23709,0.078125,0.733333,0.109375,1.5254,0.0625,0,
38,50,2,0.03125,0.0666667,0.078125,0.533333,0.078125,0.8,0.09375,1.09902,0.046875,0,0.125,1.95897,0.125,1.53182,0.109375,1.51064,0.0625,0.8,0.078125,0.4,0.078125,0.899019,0.125,2.08549,0.09375,0.333333,0.0625,0,0.125,1.19804,0.078125,1.0714,0.078125,0.866667,0.078125,1.09902,0.078125,0.866667,0.0625,0.733333,0.109375,1.23709,0.109375,1.23709,0.0625,1.09902,0.125,1.53182,0.03125,0,0.0625,0,0.046875,0.266667,0.09375,1.20948,0.078125,0.988562,0.0625,0,0.140625,1.66352,0.03125,0,0.078125,0.533333,0.109375,1.20948,0.0625,0.733333,0.09375,1.09091,0.09375,1.33994,0.140625,2.03615,0.140625,2.1088,0.140625,1.69925,0.046875,0.533333,0.078125,0.866667,0.0625,0,0.09375,1.15425,0.109375,1.18186,0.109375,1.50421,0.109375,1.66684,0.078125,0.866667,0.15625,1.90538,0.046875,0.666667,
39,50,2,0.109375,1.41945,0.078125,0.6,0.109375,1.23709,0.09375,0.988562,0.0625,0.666667,0.15625,1.9063,0.0625,1.03235,0.078125,1.29232,0.0625,0,0.09375,0.733333,0.09375,0.899019,0.078125,1.03235,0.125,1.48302,0.0625,0,0.046875,0,0.09375,0.988562,0.046875,0.666667,0.078125,1.0714,0.078125,0.466667,0.09375,1.42588,0.046875,0,0.09375,1.34304,0.0625,1.01618,0.078125,0,0.078125,0.8,0.0625,1.0714,0.0625,0,0.109375,1.74162,0.125,1.79521,0.125,1.61658,0.109375,1.37065,0.09375,1.12663,0.078125,1.18186,0.078125,0.8,0.078125,1.00474,0.078125,0,0.140625,1.83094,0.125,1.29232,0.078125,1.29232,0.078125,1.17042,0.109375,1.48945,0.109375,1.25185,0.046875,0,0.109375,1.35589,0.09375,1.08758,0.078125,0.866667,0.125,1.56778,0.078125,0.866667,0.09375,0.266667,0.109375,1.5742,
40,50,2,0.078125,0.533333,0.046875,0,0.125,1.53182,0.046875,0.133333,0.09375,1.47992,0.078125,0.816176,0.078125,1.11519,0.109375,1.29232,0.0625,0,0.078125,1.00474,0.140625,1.66352,0.078125,0.2,0.03125,0,0.109375,0.9933,0.046875,0,0.09375,1.50421,0.078125,0.8,0.046875,0.133333,0.09375,1.23709,0.03125,0,0.09375,1.2647,0.109375,1.38541,0.140625,1.50421,0.078125,1.20948,0.109375,1.20948,0.0625,0,0.109375,1.39184,0.09375,1.18186,0.0625,0.8,0.078125,0.733333,0.109375,1.15425,0.03125,0,0.09375,1.41945,0.140625,1.71711,0.046875,0.133333,0.03125,0,0.046875,0,0.0625,0.8,0.109375,1.15425,0.09375,0.933333,0.078125,1.20948,0.15625,1.91992,0.046875,0.2,0.078125,0.733333,0.1875,2.1978,0.078125,0.733333,0.046875,0.2,0.078125,0,0.0625,0.666667,0.078125,0.466667,
41,50,2,0.09375,1.08758,0.078125,0.266667,0.078125,1.08758,0.109375,1.34946,0.078125,0.266667,0.109375,1.76432,0.0625,0.8,0.109375,1.31993,0.03125,0,0.09375,0.666667,0.09375,1.25185,0.0625,0.866667,0.078125,0.866667,0.078125,0,0.09375,0.733333,0.078125,0.466667,0.078125,1.15425,0.078125,0.866667,0.0625,0,0.109375,1.29232,0.078125,0.694281,0.109375,0.965685,0.078125,0.466667,0.09375,0.910457,0.046875,0.2,0.125,1.53182,0.0625,0,0.109375,1.79521,0.078125,1.2647,0.046875,0,0.09375,1.03235,0.046875,0,0.09375,0.949509,0.125,1.56924,0.03125,0.0666667,0.0625,0.733333,0.078125,1.29232,0.09375,0.733333,0.09375,1.20948,0.0625,0.8,0.125,1.18186,0.109375,0.84379,0.0625,0.866667,0.046875,0.466667,0.125,1.98166,0.09375,1.18186,0.078125,0.4,0.078125,1.15425,0.09375,1.36755,0.09375,0.733333,
42,50,2,0.0625,0,0.125,1.08758,0.03125,0,0.046875,0.666667,0.0625,0.8,0.0625,0.666667,0.125,1.5742,0.09375,1.11519,0.09375,1.20948,0.125,1.2647,0.09375,0.2,0.09375,1.1609,0.109375,1.29232,0.109375,1.45541,0.046875,0.133333,0.109375,1.32517,0.078125,0.871405,0.078125,1.23709,0.078125,0.866667,0.125,1.77735,0.0625,0,0.09375,0.988562,0.109375,0.933333,0.09375,1.20948,0.125,1.98832,0.15625,2.25128,0.0625,0.977124,0.078125,0,0.125,1.81308,0.046875,0.133333,0.046875,0.133333,0.0625,0.733333,0.109375,1.35589,0.078125,1.18186,0.09375,1.48302,0.078125,0.733333,0.046875,0,0.109375,1.23709,0.0625,0,0.09375,1.39826,0.078125,1.09902,0.109375,1.29232,0.140625,1.44064,0.09375,1.72376,0.125,1.46183,0.109375,1.15425,0.046875,0,0.078125,0.933333,0.09375,1.00474,0.09375,1.42114,
43,50,2,0.09375,0.8,0.140625,1.69925,0.078125,0,0.09375,0.760948,0.078125,1.0714,0.046875,0,0.109375,1.31542,0.0625,0.933333,0.0625,0.733333,0.09375,0.866667,0.078125,0.466667,0.078125,0,0.078125,1.03235,0.0625,0.733333,0.109375,0.977124,0.078125,1.14281,0.109375,1.44707,0.078125,1.20948,0.03125,0,0.078125,0.949509,0.046875,0,0.0625,0.8,0.0625,0.933333,0.09375,1.11519,0.109375,0.977124,0.078125,0.988562,0.09375,0.910457,0.03125,0,0.03125,0,0.140625,1.91175,0.046875,0.533333,0.140625,1.69925,0.125,1.71711,0.09375,0.910457,0.109375,1.30066,0.125,1.29423,0.078125,0.333333,0.078125,0.8,0.125,1.38541,0.09375,0.855228,0.046875,0,0.109375,1.23399,0.109375,1.20948,0.09375,1.2647,0.109375,1.18186,0.0625,0.866667,0.0625,0.733333,0.078125,0.333333,0.046875,0,0.109375,0.871405,
44,50,2,0.09375,0.6,0.046875,0,0.09375,0.733333,0.125,1.62779,0.09375,0.899019,0.078125,0.6,0.078125,0.6,0.09375,1.04379,0.109375,1.46826,0.15625,1.87815,0.109375,1.29232,0.125,1.51064,0.109375,1.53182,0.046875,0.4,0.109375,1.23709,0.0625,0,0.0625,0.8,0.078125,0,0.046875,0.0666667,0.09375,1.2647,0.140625,1.65044,0.109375,1.42588,0.078125,0.466667,0.078125,1.23709,0.078125,0.6,0.0625,0.666667,0.0625,1.12663,0.0625,0.933333,0.09375,0.666667,0.09375,1.29232,0.0625,0,0.078125,0.2,0.046875,0.4,0.09375,0.733333,0.078125,1.09902,0.109375,0.804738,0.09375,1.31993,0.125,1.36422,0.125,1.68471,0.09375,0.8,0.125,1.5742,0.140625,2.03827,0.046875,1.18186,0.078125,0.6,0.09375,0.899019,0.078125,0.2,0.09375,0.933333,0.109375,1.59539,0.09375,0.977124,0.09375,0.938071,
45,50,2,0.125,1.73724,0.109375,1.24042,0.078125,0.8,0.125,1.25185,0.09375,0.666667,0.078125,0.866667,0.078125,0,0.078125,1.12663,0.046875,0,0.078125,0,0.125,1.46183,0.078125,0.965685,0.0625,0,0.0625,0,0.140625,2.00831,0.078125,1.00474,0.078125,0.333333,0.125,1.51064,0.0625,0.733333,0.0625,0.733333,0.109375,0.866667,0.078125,0.977124,0.125,1.56755,0.078125,0.2,0.09375,1.14281,0.09375,0.866667,0.09375,0.933333,0.09375,1.09902,0.09375,0.666667,0.0625,0.666667,0.03125,0,0.03125,0,0.0625,0,0.109375,1.19804,0.0625,0,0.046875,0,0.171875,1.95897,0.109375,1.17042,0.140625,1.37708,0.078125,0.2,0.078125,0.733333,0.09375,1.2647,0.09375,0.975436,0.09375,0.733333,0.078125,0.9933,0.109375,1.61472,0.125,1.44064,0.09375,1.2647,0.078125,0,0.0625,0.666667,
46,50,2,0.09375,0.933333,0.0625,0.866667,0.078125,0.733333,0.046875,0,0.0625,0.8,0.046875,0.0666667,0.078125,1.15425,0.09375,1.44707,0.078125,0.855228,0.09375,1.23709,0.078125,0.866667,0.046875,0,0.109375,0.788562,0.109375,0.827614,0.109375,1.19161,0.078125,0.84379,0.09375,1.20948,0.140625,1.63112,0.125,1.8055,0.0625,0.8,0.078125,0.933333,0.0625,0,0.171875,1.94323,0.0625,0.866667,0.109375,1.36422,0.140625,2.13938,0.078125,0.4,0.015625,0.133333,0.09375,0.733333,0.125,1.38541,0.125,1.36755,0.0625,0.666667,0.03125,0.0666667,0.09375,0.666667,0.125,1.46826,0.0625,0,0.125,1.40469,0.140625,1.7567,0.09375,0.894281,0.125,1.70257,0.078125,0.933333,0.0625,0.666667,0.109375,1.42588,0.0625,0.8,0.09375,1.12663,0.0625,0,0.109375,1.08758,0.109375,1.4066,0.109375,0.804738,0.109375,1.5254,
47,50,2,0.09375,0.666667,0.109375,1.61658,0.09375,0.8,0.078125,0.8,0.078125,1.04379,0.078125,0.8,0.078125,0.8,0.109375,1.31993,0.078125,0.8,0.078125,1.36231,0.09375,1.09902,0.078125,0.4,0.09375,1.23709,0.0625,0.8,0.109375,1.55301,0.109375,1.31542,0.109375,1.3347,0.03125,0.0666667,0.03125,0,0.046875,0.933333,0.046875,0,0.0625,0.949509,0.109375,1.00474,0.109375,1.63112,0.09375,0.866667,0.109375,1.32185,0.046875,0,0.09375,1.42588,0.078125,1.0714,0.0625,0.866667,0.078125,1.15425,0.125,1.71764,0.109375,1.09902,0.078125,0.266667,0.125,1.59207,0.09375,0.933333,0.125,1.75616,0.0625,0.6,0.078125,0.4,0.09375,1.23709,0.046875,0,0.078125,1.05997,0.0625,0,0.125,1.68138,0.125,1.3578,0.09375,1.20948,0.109375,1.46183,0.09375,1.08758,0.0625,0.6,0.078125,0,
48,50,2,0.09375,1.18186,0.125,1.54659,0.09375,0.533333,0.078125,0.866667,0.0625,0.733333,0.140625,1.44707,0.09375,0.6,0.125,1.69592,0.0625,0,0.0625,0,0.09375,0.733333,0.09375,0.733333,0.125,1.20948,0.0625,0,0.0625,0,0.078125,0,0.09375,0.6,0.125,1.61658,0.078125,0,0.109375,1.0714,0.078125,0,0.109375,1.72043,0.09375,0.933333,0.046875,0.333333,0.09375,0.533333,0.078125,0.866667,0.15625,1.56755,0.0625,0.866667,0.09375,0.533333,0.109375,1.02091,0.09375,0.882843,0.0625,0.8,0.09375,1.0714,0.078125,0.133333,0.078125,0.8,0.109375,1.23709,0.046875,0.6,0.03125,0,0.078125,0.949509,0.09375,0.733333,0.09375,0.866667,0.078125,0.866667,0.125,0.965685,0.078125,0.938071,0.046875,0.133333,0.078125,0.733333,0.0625,1.2647,0.09375,1.51064,0.09375,1.75949,0.0625,0,
49,50,2,0.125,1.81308,0.09375,0.933333,0.15625,1.55301,0.125,1.48945,0.0625,0.866667,0.078125,0.855228,0.078125,0.866667,0.109375,0.965685,0.09375,1.09902,0.125,1.73497,0.0625,0,0.09375,0.859966,0.109375,1.53182,0.09375,1.55301,0.109375,1.5254,0.0625,0,0.109375,1.12663,0.15625,1.66019,0.109375,1.18186,0.078125,1.20948,0.078125,0,0.109375,0.965685,0.140625,1.63112,0.078125,0,0.03125,0,0.09375,1.04379,0.0625,0,0.09375,0.910457,0.109375,1.2647,0.078125,0.733333,0.140625,1.46183,0.109375,0.655228,0.046875,0.4,0.078125,0,0.078125,1.11519,0.09375,0.8,0.109375,0.977124,0.078125,1.3347,0.078125,0.8,0.09375,0.933333,0.0625,0,0.140625,1.48945,0.09375,1.20948,0.109375,1.18186,0.109375,1.19161,0.109375,1.23709,0.078125,0.733333,0.0625,0.8,0.109375,1.07614,0.109375,1.09902,
50,50,2,0.109375,1.12663,0.078125,0,0.09375,0.8,0.109375,1.2066,0.0625,0,0.078125,0.866667,0.078125,0.899019,0.109375,1.28781,0.140625,1.14281,0.09375,1.51064,0.0625,0.866667,0.0625,0,0.140625,1.48945,0.09375,0.866667,0.109375,0.8,0.125,1.09902,0.109375,1.68138,0.109375,1.69592,0.078125,0.866667,0.078125,0,0.078125,0.733333,0.109375,0.855228,0.140625,1.14281,0.078125,1.09902,0.078125,1.39826,0.078125,0,0.03125,0,0.078125,0.533333,0.078125,1.11519,0.078125,1.34946,0.0625,0,0.109375,0.733333,0.078125,0.666667,0.046875,0,0.125,1.40469,0.078125,1.00474,0.078125,0.333333,0.09375,0.6,0.0625,0.733333,0.09375,0.533333,0.0625,0,0.0625,0,0.125,1.5383,0.046875,0.133333,0.0625,0.733333,0.109375,1.31351,0.109375,1.28781,0.140625,2.12303,0.125,1.53182,0.125,1.51064,
51,50,2,0.078125,0.938071,0.140625,1.88028,0.125,1.48302,0.078125,0.988562,0.171875,1.75616,0.078125,0,0.09375,0.866667,0.0625,0,0.09375,1.28589,0.109375,0.666667,0.078125,0.8,0.125,1.5742,0.09375,1.2647,0.046875,0,0.09375,1.20948,0.140625,1.72522,0.09375,0.616176,0.109375,1.53182,0.078125,0,0.109375,1.5742,0.078125,0.8,0.0625,0,0.078125,0.6,0.078125,0.0666667,0.09375,1.32517,0.09375,1.41303,0.109375,1.29232,0.109375,1.74096,0.0625,0.933333,0.125,1.75284,0.046875,0,0.125,1.05997,0.125,1.12353,0.125,1.4766,0.125,1.22424,0.0625,0.6,0.0625,0,0.109375,0.666667,0.0625,0,0.078125,1.00474,0.125,1.29232,0.140625,1.32827,0.09375,0.666667,0.09375,1.00474,0.03125,0,0.0625,0.827614,0.078125,1.03235,0.09375,0.616176,0.0625,1.17042,0.078125,0.8,
52,50,2,0.109375,1.32827,0.109375,1.01618,0.046875,0,0.15625,2.10033,0.046875,0.133333,0.0625,0.8,0.0625,0.733333,0.078125,1.29232,0.09375,0.8,0.15625,1.86513,0.109375,1.32827,0.0625,0.733333,0.078125,0.466667,0.0625,0.533333,0.078125,0.0666667,0.09375,1.34946,0.078125,0.6,0.09375,0.8,0.0625,0.533333,0.078125,0.733333,0.078125,0.866667,0.046875,0,0.15625,1.31542,0.09375,0.533333,0.109375,0.8,0.09375,0.733333,0.0625,0.733333,0.078125,0.466667,0.109375,1.41945,0.109375,0.977124,0.078125,1.20948,0.078125,0.8,0.109375,1.08758,0.109375,1.70257,0.078125,0.4,0.109375,1.41635,0.09375,0.533333,0.0625,0.6,0.078125,0,0.109375,0.666667,0.171875,1.81308,0.0625,0,0.109375,1.04379,0.09375,0.866667,0.125,1.70736,0.0625,0.733333,0.078125,0,0.109375,0.666667,0.078125,0.894281,0.109375,1.40469,
53,50,2,0.09375,0.733333,0.125,0.866667,0.078125,0.733333,0.0625,0.933333,0.125,1.27947,0.109375,0.8,0.109375,0.788562,0.109375,1.32185,0.140625,1.30398,0.109375,1.51064,0.078125,0.921895,0.109375,1.20948,0.09375,1.31993,0.125,1.23709,0.09375,0.4,0.0625,0,0.125,1.63444,0.078125,0.8,0.171875,1.87815,0.09375,0.933333,0.0625,0.466667,0.109375,1.23709,0.109375,1.08758,0.109375,1.43089,0.109375,1.44707,0.09375,1.20948,0.109375,1.3347,0.0625,0,0.03125,0.266667,0.078125,0,0.109375,0.788562,0.078125,0.6,0.140625,2.05099,0.109375,1.15425,0.078125,0.6,0.125,1.15425,0.109375,1.23709,0.109375,1.18186,0.0625,0.466667,0.09375,0.4,0.078125,0.866667,0.140625,1.89602,0.109375,1.15425,0.15625,1.32827,0.078125,0.6,0.09375,1.14281,0.109375,1.42588,0.125,1.5254,0.140625,1.69925,0.140625,1.81308,
54,50,2,0.0625,0,0.078125,0.8,0.109375,1.2647,0.15625,1.86513,0.125,0.871405,0.140625,1.51064,0.09375,1.09902,0.078125,0.333333,0.09375,1.11519,0.109375,1.04379,0.0625,0.894281,0.125,1.55301,0.125,1.44707,0.15625,1.75616,0.078125,0.266667,0.125,1.61658,0.046875,0,0.09375,0.4,0.109375,1.11519,0.09375,0.733333,0.046875,0,0.046875,0.6,0.125,1.50731,0.109375,1.5254,0.09375,0.4,0.0625,0.866667,0.09375,1.09902,0.078125,0.8,0.109375,1.5254,0.09375,1.04853,0.09375,1.41303,0.140625,1.77402,0.0625,1.09902,0.125,1.48945,0.109375,1.29232,0.046875,0,0.109375,1.04379,0.140625,1.20948,0.0625,0.8,0.109375,1.23709,0.09375,0.666667,0.078125,0.6,0.109375,1.3316,0.09375,1.29232,0.0625,0.733333,0.046875,0,0.0625,0.733333,0.109375,1.14281,0.109375,0.871405,0.078125,0.666667,
55,50,2,0.109375,0.921895,0.0625,0.733333,0.078125,0.333333,0.078125,1.59539,0.078125,1.2128,0.109375,1.75949,0.109375,0.9933,0.0625,0.466667,0.140625,1.66352,0.078125,1.00474,0.0625,0.666667,0.046875,0.333333,0.09375,0.8,0.109375,0.921895,0.0625,0,0.125,1.20948,0.0625,0.866667,0.09375,0.954247,0.140625,0.9933,0.140625,1.19804,0.109375,1.18186,0.078125,0.8,0.0625,0.866667,0.0625,0.4,0.09375,0.977124,0.140625,1.75616,0.09375,1.00474,0.078125,0.866667,0.09375,1.20948,0.0625,0,0.109375,1.29232,0.109375,1.46826,0.078125,0.816176,0.109375,1.44707,0.09375,0.84379,0.140625,1.64069,0.09375,0.733333,0.09375,0.8,0.09375,1.04379,0.078125,0.666667,0.109375,0.926633,0.109375,1.20948,0.046875,0.0666667,0.125,1.20948,0.078125,0,0.109375,1.48945,0.078125,0.6,0.03125,0,0.078125,0,0.078125,0.533333,
56,50,2,0.125,0.866667,0.078125,0,0.109375,0.866667,0.09375,1.2647,0.09375,1.20948,0.09375,1.09902,0.0625,0.8,0.109375,1.08758,0.109375,0.965685,0.078125,1.45541,0.1875,2.20876,0.046875,0.6,0.125,1.05997,0.09375,1.0714,0.15625,1.72376,0.109375,1.00474,0.0625,0.4,0.109375,1.6066,0.109375,0.8,0.09375,0.8,0.09375,0.866667,0.078125,0.2,0.078125,0,0.078125,0.466667,0.078125,1.14281,0.0625,0.666667,0.078125,1.09902,0.109375,0.816176,0.09375,1.23709,0.078125,0.6,0.09375,1.41635,0.109375,0.6,0.09375,0.933333,0.0625,0.466667,0.09375,0.866667,0.078125,0.733333,0.109375,0.733333,0.140625,2.21505,0.046875,0,0.140625,1.88769,0.0625,0,0.109375,0.8,0.140625,1.45873,0.078125,0.866667,0.078125,0.466667,0.09375,1.05997,0.09375,0.616176,0.078125,0.866667,0.109375,1.05997,0.046875,0,
57,50,2,0.0625,0,0.09375,0.921895,0.109375,0.9933,0.125,1.95352,0.125,1.11519,0.09375,1.05997,0.09375,0.882843,0.109375,0.9933,0.078125,0.4,0.046875,0.933333,0.140625,1.54969,0.078125,0.866667,0.09375,0.533333,0.078125,0.466667,0.078125,0.133333,0.078125,0.882843,0.078125,0.6,0.078125,0.466667,0.078125,1.18186,0.0625,0.666667,0.0625,0.8,0.171875,1.39826,0.125,1.81308,0.109375,0.866667,0.09375,1.01618,0.0625,0.4,0.046875,0,0.046875,0,0.09375,1.48945,0.078125,0.133333,0.078125,0.666667,0.125,1.55301,0.125,1.15425,0.0625,0,0.078125,0.8,0.109375,0.733333,0.0625,0,0.109375,1.3835,0.0625,0.6,0.078125,0.788562,0.109375,1.15757,0.0625,0,0.125,1.35589,0.109375,0.8,0.078125,1.20948,0.0625,0,0.09375,0.8,0.09375,1.01618,0.03125,0,0.03125,0,
58,50,2,0.09375,1.09902,0.171875,1.64566,0.0625,0,0.09375,1.23709,0.078125,1.03235,0.109375,1.58564,0.078125,0.266667,0.0625,0.533333,0.109375,1.59539,0.0625,0,0.140625,1.15757,0.09375,1.18186,0.109375,1.03235,0.09375,0.6,0.109375,1.32185,0.078125,0.533333,0.0625,0.8,0.109375,0.666667,0.078125,0.866667,0.140625,1.46183,0.09375,0.6,0.109375,0.926633,0.09375,0.938071,0.125,1.37065,0.109375,0.921895,0.078125,1.14281,0.109375,1.55301,0.078125,0.733333,0.09375,0.894281,0.109375,0.866667,0.09375,0.866667,0.140625,1.40328,0.0625,0,0.109375,1.26803,0.03125,0.266667,0.09375,0.8,0.140625,1.10376,0.078125,0.533333,0.09375,0.866667,0.046875,0.533333,0.0625,0.666667,0.0625,0.666667,0.140625,1.44707,0.078125,0.8,0.140625,1.39826,0.046875,0.6,0.109375,0.926633,0.078125,0.8,0.0625,0,0.078125,0.866667,
59,50,2,0.109375,1.12663,0.046875,0,0.078125,1.29232,0.078125,0.6,0.125,1.53182,0.109375,0.84379,0.09375,0.533333,0.09375,1.23709,0.140625,1.70257,0.078125,0.8,0.078125,0,0.109375,0.871405,0.15625,1.99044,0.078125,0.533333,0.078125,0.733333,0.09375,0.933333,0.140625,1.32827,0.0625,0.4,0.125,1.18186,0.109375,1.29232,0.03125,0,0.09375,0.8,0.0625,0.938071,0.078125,1.09902,0.09375,0.666667,0.109375,0.910457,0.0625,0.533333,0.125,1.46826,0.109375,0.894281,0.109375,1.18186,0.0625,0.4,0.078125,0.333333,0.0625,0.8,0.09375,1.01618,0.09375,0.4,0.0625,0.866667,0.109375,1.14281,0.0625,0,0.140625,1.86454,0.09375,1.48302,0.09375,1.56422,0.078125,0.666667,0.0625,0,0.078125,0.533333,0.109375,1.08758,0.109375,0.9933,0.078125,0.2,0.078125,0.921895,0.109375,1.07614,0.0625,0.666667,
60,50,2,0.078125,0.533333,0.046875,0.533333,0.109375,0.749509,0.03125,0.266667,0.078125,0.733333,0.125,1.03235,0.0625,0,0.0625,0.133333,0.0625,0,0.0625,0.4,0.0625,0.733333,0.078125,0,0.109375,1.53182,0.046875,0,0.078125,0.866667,0.0625,0.133333,0.09375,1.17042,0.078125,0.733333,0.0625,0,0.0625,0.133333,0.125,1.20948,0.09375,0.933333,0.15625,1.08758,0.109375,1.3347,0.0625,0,0.09375,1.46183,0.0625,0.533333,0.09375,0.6,0.125,1.54969,0.140625,1.05997,0.0625,0,0.078125,0.749509,0.109375,0.8,0.09375,0.8,0.109375,0.733333,0.078125,0.533333,0.078125,0,0.078125,0.666667,0.078125,0.6,0.078125,0.8,0.125,0.977124,0.078125,0.666667,0.125,1.48945,0.109375,1.15425,0.09375,0.6,0.0625,0.133333,0.09375,0.910457,0.109375,1.7219,0.078125,0.733333,0.09375,0.4,
61,50,2,0.09375,1.15425,0.15625,1.88299,0.125,0.8,0.09375,0.8,0.078125,0.694281,0.09375,0.8,0.078125,0.894281,0.078125,0.866667,0.109375,0.6,0.078125,0.733333,0.125,1.38541,0.0625,0,0.078125,0.733333,0.078125,0.8,0.140625,1.2647,0.078125,0.827614,0.109375,0.8,0.078125,0.6,0.09375,1.09902,0.125,1.25518,0.125,1.23709,0.109375,0.6,0.109375,1.23709,0.03125,0,0.109375,0.733333,0.078125,0.666667,0.109375,0.6,0.0625,0,0.0625,0.2,0.046875,0.533333,0.09375,0.666667,0.125,1.20305,0.078125,1.08758,0.140625,1.72043,0.109375,0.749509,0.140625,1.87815,0.078125,0.6,0.171875,1.86454,0.0625,0,0.109375,1.08758,0.078125,0.733333,0.03125,0,0.140625,1.41303,0.0625,0.4,0.078125,0.266667,0.09375,0.6,0.078125,0.133333,0.109375,0.533333,0.09375,1.23709,0.078125,0.894281,
62,50,2,0.09375,1.23709,0.125,1.05997,0.078125,0.733333,0.0625,0.866667,0.046875,0.466667,0.078125,0.4,0.046875,0,0.09375,1.08758,0.15625,1.62779,0.109375,0.733333,0.0625,0.8,0.09375,0.6,0.15625,1.95139,0.078125,0.133333,0.078125,1.23709,0.09375,1.31993,0.0625,0.666667,0.078125,0.666667,0.0625,0,0.109375,0.6,0.09375,0.866667,0.046875,0.266667,0.109375,0.954247,0.078125,0.666667,0.078125,0.666667,0.125,1.59539,0.109375,0.6,0.046875,0,0.09375,1.09902,0.09375,1.2647,0.09375,1.20948,0.140625,1.44064,0.09375,0.533333,0.125,1.15425,0.09375,0.6,0.078125,0.666667,0.09375,1.50421,0.0625,0.866667,0.0625,0.466667,0.078125,0.2,0.0625,0,0.046875,0,0.09375,0.466667,0.109375,0.8,0.09375,0.8,0.09375,1.18186,0.125,0.866667,0.0625,0,0.078125,0.866667,0.15625,1.82351,
63,50,2,0.078125,1.12663,0.09375,1.01618,0.078125,0.882843,0.09375,1.42588,0.0625,0.666667,0.078125,0.8,0.078125,0.8,0.09375,0.4,0.09375,0.866667,0.03125,0,0.09375,1.01618,0.078125,0,0.140625,1.45518,0.09375,0.4,0.109375,1.23709,0.078125,1.23066,0.109375,0.859966,0.125,1.45541,0.0625,0.466667,0.09375,0.894281,0.109375,1.29232,0.109375,1.0714,0.09375,1.14281,0.09375,1.29232,0.046875,0,0.0625,0,0.0625,0.921895,0.109375,1.51064,0.09375,0.866667,0.09375,1.29232,0.0625,0.466667,0.09375,0.866667,0.109375,1.05997,0.0625,0.866667,0.15625,2.07126,0.09375,0.8,0.125,0.9933,0.0625,0,0.078125,0.666667,0.078125,0.533333,0.09375,1.04379,0.078125,0.666667,0.0625,0,0.109375,0.749509,0.09375,0.910457,0.109375,1.37708,0.078125,0.733333,0.078125,0.533333,0.09375,1.37708,0.109375,0.533333,
64,50,2,0.109375,0.6,0.078125,0,0.09375,0.333333,0.0625,0,0.078125,0,0.125,1.05997,0.0625,1.18186,0.078125,0.2,0.140625,1.10376,0.109375,1.29232,0.125,1.74428,0.0625,0.6,0.09375,0.866667,0.078125,0,0.109375,1.31993,0.109375,0.921895,0.0625,0.6,0.078125,0.8,0.125,1.04853,0.078125,1.04379,0.15625,1.77522,0.15625,1.7383,0.109375,1.05997,0.078125,0.533333,0.109375,1.29232,0.046875,0.866667,0.09375,0.8,0.046875,0,0.046875,0,0.078125,0.533333,0.09375,0.733333,0.078125,0.2,0.09375,1.53182,0.109375,0.8,0.125,0.733333,0.046875,0,0.109375,0.733333,0.046875,0,0.078125,1.15425,0.078125,0,0.109375,1.00474,0.0625,0.4,0.078125,1.04853,0.078125,0.4,0.09375,1.51064,0.109375,0.533333,0.0625,0.666667,0.09375,0.333333,0.078125,1.0714,0.078125,0.6,
65,50,2,0.109375,1.2647,0.09375,1.67806,0.046875,0.466667,0.09375,1.23709,0.0625,0.8,0.125,1.5254,0.046875,0,0.078125,0.333333,0.09375,0.333333,0.078125,0.8,0.125,0.8,0.09375,0.866667,0.078125,0.866667,0.109375,1.37065,0.0625,0.788562,0.078125,0.8,0.125,1.0714,0.125,1.55301,0.078125,1.2647,0.109375,1.14281,0.109375,0.84379,0.078125,0.0666667,0.0625,0.466667,0.078125,0.0666667,0.0625,0.4,0.078125,0,0.046875,0,0.078125,0,0.109375,1.23709,0.09375,0.2,0.078125,0,0.0625,0,0.078125,0.4,0.09375,0.8,0.0625,0,0.09375,0.6,0.078125,0.8,0.078125,0.788562,0.09375,1.00474,0.078125,1.12663,0.0625,0,0.109375,1.15425,0.109375,0.827614,0.078125,0.0666667,0.109375,0.733333,0.109375,1.29232,0.125,0.8,0.078125,0.4,0.140625,0.949509,0.078125,0.8,
66,50,2,0.03125,0,0.046875,0,0.0625,0,0.078125,1.03235,0.109375,0.882843,0.078125,1.11519,0.09375,0.6,0.0625,0.733333,0.109375,1.41303,0.046875,0,0.0625,0.866667,0.09375,1.05997,0.1875,2.22864,0.09375,1.01618,0.078125,0,0.078125,0.8,0.0625,0,0.140625,1.56755,0.09375,1.09902,0.0625,0,0.109375,0.533333,0.09375,1.01618,0.0625,0,0.125,1.5254,0.109375,1.32827,0.09375,0.2,0.09375,0.8,0.09375,1.23709,0.09375,0.6,0.046875,0,0.109375,1.56113,0.078125,0,0.078125,0,0.109375,1.44707,0.09375,1.38541,0.09375,0.2,0.09375,1.53994,0.125,1.73497,0.09375,1.17876,0.125,1.18186,0.109375,0.933333,0.09375,0.6,0.109375,1.2647,0.09375,0.2,0.109375,1.23709,0.046875,0,0.09375,1.41635,0.09375,0.2,0.09375,0.8,0.109375,0.733333,
67,50,2,0.09375,0.855228,0.0625,0.133333,0.09375,0.866667,0.109375,1.50421,0.109375,1.08758,0.0625,0.8,0.140625,1.20948,0.109375,0.977124,0.0625,0.8,0.0625,0.533333,0.078125,0.133333,0.0625,0,0.09375,1.05997,0.109375,0.721895,0.0625,0.133333,0.09375,0.8,0.125,1.18186,0.078125,0.0666667,0.109375,0.921895,0.09375,0.4,0.0625,0.733333,0.09375,0.533333,0.046875,0,0.109375,1.08758,0.046875,0,0.09375,0.866667,0.109375,1.58541,0.078125,0.8,0.078125,1.12663,0.078125,0.133333,0.046875,0,0.078125,1.05997,0.078125,0.666667,0.09375,0.866667,0.0625,0,0.09375,0.133333,0.109375,1.37065,0.078125,0,0.0625,0.4,0.09375,1.23709,0.078125,0.6,0.0625,0.666667,0.109375,0.710457,0.09375,1.34304,0.109375,0.733333,0.125,1.17544,0.03125,0,0.078125,1.00474,0.140625,1.75949,0.109375,0.666667,
68,50,2,0.140625,1.08758,0.078125,0.666667,0.125,1.31993,0.0625,0.466667,0.109375,1.62447,0.078125,0,0.078125,0.866667,0.078125,0.8,0.09375,0.933333,0.09375,1.20948,0.125,0.949509,0.109375,1.37065,0.109375,0.733333,0.09375,0.760948,0.0625,0.4,0.09375,0.855228,0.078125,0.6,0.140625,1.44707,0.125,1.29232,0.109375,0.466667,0.109375,1.2647,0.109375,0.8,0.078125,0.977124,0.0625,0.6,0.125,1.34946,0.125,0.949509,0.140625,1.64233,0.09375,0.921895,0.0625,0.666667,0.0625,0.733333,0.09375,0.921895,0.09375,0.933333,0.09375,1.03235,0.0625,0.533333,0.0625,0.333333,0.0625,0.133333,0.09375,0.733333,0.078125,0.4,0.09375,0.333333,0.125,1.04379,0.0625,0,0.0625,0,0.109375,1.68138,0.09375,1.35589,0.09375,1.15425,0.125,1.6359,0.078125,0.4,0.125,1.09902,0.09375,1.2647,0.078125,0,
69,50,2,0.125,1.22565,0.109375,1.27947,0.0625,0,0.078125,0.8,0.046875,0,0.09375,0.666667,0.0625,0.533333,0.0625,0.533333,0.09375,0.733333,0.109375,0.827614,0.09375,0.894281,0.078125,1.18519,0.0625,1.0714,0.109375,0.721895,0.140625,1.74162,0.09375,1.20948,0.109375,0.6,0.078125,0,0.078125,0,0.09375,1.12663,0.046875,0,0.09375,0.866667,0.109375,0.588562,0.078125,0.0666667,0.09375,1.23709,0.109375,1.04853,0.078125,0.933333,0.09375,0.8,0.09375,0.4,0.140625,1.89602,0.078125,0.666667,0.125,1.59539,0.046875,0.866667,0.09375,1.11519,0.046875,0,0.125,1.44064,0.109375,1.15425,0.109375,1.36231,0.09375,0.6,0.109375,1.46183,0.0625,0.466667,0.078125,0,0.140625,1.3347,0.09375,1.00474,0.078125,0.733333,0.046875,0,0.0625,0,0.109375,1.11519,0.078125,0,0.078125,0,
70,50,2,0.046875,0.333333,0.109375,0.6,0.0625,0.0666667,0.125,1.48945,0.09375,1.18186,0.046875,0,0.109375,0.6,0.0625,0.8,0.09375,1.19804,0.109375,1.12663,0.078125,0.866667,0.078125,0.733333,0.109375,0.6,0.0625,0.6,0.0625,0.333333,0.046875,0,0.203125,2.31458,0.078125,0.466667,0.0625,0.466667,0.046875,0,0.140625,1.54969,0.078125,0.533333,0.109375,1.31351,0.125,1.30708,0.09375,0.6,0.078125,0.733333,0.078125,0.6,0.0625,0.266667,0.125,0.827614,0.046875,0.733333,0.078125,1.05997,0.0625,0.894281,0.0625,0.0666667,0.125,1.05997,0.078125,0,0.078125,0.533333,0.09375,1.23709,0.140625,1.48945,0.125,0.882843,0.09375,0.733333,0.078125,0.533333,0.078125,0.866667,0.109375,1.05997,0.09375,0.4,0.078125,0.533333,0.0625,0.466667,0.109375,1.56591,0.09375,0.8,0.078125,0.733333,0.0625,0.333333,
71,50,2,0.109375,0.533333,0.0625,0,0.078125,0,0.125,0.866667,0.0625,0,0.0625,0,0.0625,0,0.078125,0,0.078125,0.533333,0.09375,1.05997,0.0625,0,0.109375,1.59539,0.078125,0.866667,0.078125,0.0666667,0.125,1.05997,0.09375,0.4,0.0625,0.6,0.046875,0,0.0625,0,0.09375,0.588562,0.109375,0.733333,0.09375,0.949509,0.078125,0.533333,0.109375,0.8,0.09375,1.48945,0.078125,0.933333,0.09375,1.00474,0.03125,0,0.0625,0,0.109375,0.8,0.09375,0.949509,0.15625,1.48302,0.109375,0.694281,0.109375,1.29232,0.078125,0.9933,0.09375,0.866667,0.125,0.866667,0.09375,1.34946,0.0625,0.533333,0.0625,0,0.046875,0,0.0625,0,0.125,1.12663,0.125,1.3578,0.046875,0,0.046875,0,0.078125,0.910457,0.09375,1.46826,0.125,1.8727,0.109375,1.08758,
72,50,2,0.15625,1.51064,0.09375,1.0714,0.0625,0,0.046875,0,0.09375,0.2,0.09375,0.533333,0.109375,0.6,0.078125,0.8,0.140625,1.5742,0.109375,1.14281,0.125,1.12663,0.109375,0.466667,0.109375,1.18186,0.125,0.666667,0.0625,0.333333,0.078125,0.816176,0.078125,0.4,0.0625,0,0.09375,0.2,0.078125,0.866667,0.078125,0.533333,0.078125,0.666667,0.09375,1.20948,0.109375,0.533333,0.125,1.03235,0.109375,1.20948,0.078125,0.4,0.109375,0.733333,0.109375,1.17042,0.109375,0.866667,0.15625,1.5742,0.0625,0.921895,0.109375,0.866667,0.0625,0,0.09375,0.965685,0.125,1.00474,0.125,0.8,0.09375,0.2,0.234375,2.4432,0.046875,0,0.078125,0.6,0.078125,0.466667,0.09375,0.2,0.03125,0,0.0625,0.8,0.140625,1.20948,0.046875,0.6,0.125,1.30708,0.09375,0.8,0.125,1.53994,
73,50,2,0.09375,0.733333,0.125,0.938071,0.09375,0.8,0.078125,0.533333,0.109375,0.533333,0.109375,0.866667,0.109375,1.20948,0.109375,0.866667,0.125,0.910457,0.109375,1.11519,0.078125,0.8,0.078125,0.266667,0.109375,0.8,0.09375,0.882843,0.109375,1.05997,0.125,1.50421,0.078125,0.266667,0.125,1.0714,0.046875,0,0.09375,0.666667,0.109375,1.5578,0.09375,1.43422,0.109375,1.72043,0.0625,0.4,0.0625,0.4,0.0625,0,0.109375,0.666667,0.0625,0,0.078125,0.733333,0.109375,0.494281,0.078125,0.266667,0.078125,0.733333,0.109375,0.882843,0.03125,0,0.109375,0.4,0.125,1.4066,0.078125,0.533333,0.09375,1.37065,0.03125,0,0.0625,0.894281,0.109375,0.4,0.09375,0.333333,0.09375,0.666667,0.09375,0.960948,0.078125,0.965685,0.078125,0.333333,0.125,1.20948,0.078125,0,0.09375,0.8,0.09375,0.8,
74,50,2,0.0625,0,0.046875,0,0.0625,0.4,0.09375,0.333333,0.078125,0.6,0.078125,0,0.09375,0.2,0.078125,0.6,0.0625,0.666667,0.09375,0.882843,0.0625,0,0.078125,0.882843,0.109375,0.921895,0.125,1.83094,0.0625,0,0.09375,0.949509,0.09375,1.09902,0.109375,0.2,0.109375,0.4,0.09375,0.977124,0.0625,0,0.109375,0.533333,0.109375,0.2,0.078125,0.6,0.078125,0.533333,0.109375,1.39826,0.109375,0.2,0.140625,1.60018,0.078125,0.8,0.09375,0.8,0.09375,0.6,0.078125,0.9933,0.15625,1.39826,0.09375,0.666667,0.140625,1.13638,0.15625,1.97471,0.203125,1.98832,0.078125,0.866667,0.109375,0.8,0.078125,0,0.125,0.910457,0.0625,0.6,0.109375,0.733333,0.09375,1.09902,0.078125,0.6,0.0625,0,0.0625,0.8,0.0625,0,0.109375,0.8,0.046875,0,
75,50,2,0.09375,0.6,0.078125,0.866667,0.109375,1.42588,0.125,1.32517,0.09375,0.866667,0.0625,0.533333,0.078125,0.2,0.109375,0.666667,0.078125,0.4,0.109375,0.9933,0.125,0.866667,0.09375,0.694281,0.0625,0.8,0.046875,0,0.09375,0.6,0.125,1.08758,0.09375,0.866667,0.09375,0.8,0.09375,0.694281,0.125,1.03235,0.046875,0.4,0.125,1.12663,0.078125,0.8,0.09375,0.333333,0.125,1.08758,0.140625,1.23709,0.109375,0.733333,0.078125,0.533333,0.046875,0,0.078125,0.533333,0.0625,0,0.046875,0.4,0.078125,0.266667,0.109375,0.8,0.140625,0.8,0.09375,0.466667,0.078125,0.8,0.109375,0.6,0.046875,0,0.046875,0.666667,0.09375,0.866667,0.09375,0.466667,0.078125,0.133333,0.078125,0.2,0.09375,0.466667,0.046875,0,0.140625,1.57088,0.125,1.73497,0.09375,0.6,0.078125,0.4,
76,50,2,0.09375,0.733333,0.109375,0.933333,0.125,1.39184,0.078125,0,0.046875,0,0.109375,0.866667,0.078125,0.8,0.109375,0.866667,0.0625,0,0.09375,0.533333,0.0625,0,0.09375,0.866667,0.109375,0.8,0.109375,0.266667,0.140625,1.15425,0.09375,0.8,0.078125,0.866667,0.09375,0.8,0.09375,0.588562,0.09375,0.666667,0.078125,0.733333,0.078125,0.666667,0.140625,0.882843,0.125,1.0714,0.078125,0,0.09375,0.733333,0.078125,0.8,0.046875,0.4,0.109375,0.9933,0.09375,0.8,0.15625,1.46826,0.09375,0.866667,0.09375,0.533333,0.109375,0.666667,0.0625,0.733333,0.109375,0.466667,0.0625,0,0.09375,0.8,0.109375,0.266667,0.125,0.666667,0.109375,1.23709,0.046875,0,0.09375,0.949509,0.078125,0,0.09375,0.666667,0.125,1.2647,0.046875,0,0.09375,0.855228,0.109375,1.05997,0.0625,0,
77,50,2,0.109375,1.51064,0.078125,0.8,0.109375,1.31351,0.078125,0.666667,0.125,0.666667,0.125,0.666667,0.125,0.733333,0.125,0.84379,0.0625,0,0.15625,1.79521,0.078125,0,0.109375,0.866667,0.109375,0.988562,0.0625,0,0.109375,0.733333,0.09375,0.133333,0.125,1.07614,0.03125,0,0.140625,1.11519,0.0625,0.733333,0.09375,1.42588,0.0625,0,0.0625,0,0.046875,0,0.09375,0.733333,0.078125,0.2,0.078125,0.733333,0.046875,0,0.109375,0.866667,0.09375,0.466667,0.125,0.733333,0.15625,1.52686,0.09375,0.933333,0.0625,0,0.125,0.733333,0.09375,0.866667,0.09375,0.333333,0.125,1.55301,0.09375,0.666667,0.140625,1.30708,0.09375,0.466667,0.09375,0.866667,0.078125,0.866667,0.15625,1.72376,0.078125,0,0.109375,1.41303,0.078125,0,0.03125,0,0.0625,0.933333,0.09375,0.960948,
78,50,2,0.171875,1.48302,0.109375,0.977124,0.078125,0.733333,0.078125,0,0.125,1.15425,0.125,0.6,0.109375,0.733333,0.09375,0.533333,0.125,0.6,0.125,0.6,0.0625,0,0.109375,0.8,0.0625,0.466667,0.09375,1.23709,0.09375,0.866667,0.078125,0.6,0.078125,0.466667,0.109375,1.23709,0.109375,0.855228,0.09375,0.84379,0.140625,1.29232,0.0625,0.266667,0.046875,0,0.125,0.6,0.09375,0.866667,0.09375,1.30708,0.09375,0,0.078125,0,0.03125,0,0.078125,0.466667,0.09375,0.560948,0.09375,0.8,0.125,0.6,0.109375,1.09902,0.09375,0,0.078125,0.4,0.0625,0,0.109375,0.733333,0.078125,0,0.09375,0.533333,0.046875,0,0.09375,0.8,0.078125,0.666667,0.125,0.6,0.09375,0.8,0.09375,1.33661,0.09375,0.8,0.0625,0.6,0.125,0.6,0.09375,0.666667,
79,50,2,0.09375,0.8,0.09375,0.933333,0.171875,1.79521,0.0625,0,0.0625,0.6,0.078125,0.466667,0.0625,0.0666667,0.125,0.666667,0.140625,1.11519,0.140625,1.12663,0.09375,0.466667,0.09375,0.749509,0.125,0.666667,0.078125,0,0.03125,0,0.09375,0.749509,0.15625,1.59539,0.109375,0.6,0.09375,0.8,0.125,1.46183,0.109375,0.8,0.0625,0.0666667,0.109375,1.56113,0.09375,0.2,0.078125,0,0.125,1.05997,0.0625,0.0666667,0.09375,0.466667,0.125,1.66684,0.078125,0.333333,0.125,0.855228,0.109375,1.46183,0.0625,0.0666667,0.15625,1.7383,0.109375,0.8,0.09375,0.2,0.09375,0.8,0.078125,0.949509,0.109375,0.666667,0.09375,0.466667,0.125,0.866667,0.09375,1.37065,0.109375,1.20948,0.078125,0,0.140625,1.74162,0.03125,0.266667,0.09375,0.666667,0.09375,0.466667,0.09375,0.666667,0.078125,0.866667,
80,50,2,0.078125,0.694281,0.109375,0.266667,0.078125,0.8,0.09375,0.4,0.125,1.04379,0.078125,0.8,0.078125,0,0.078125,0,0.046875,0,0.09375,0.266667,0.140625,1.03235,0.109375,0.866667,0.125,1.11852,0.0625,0,0.0625,0,0.109375,0.466667,0.109375,0.466667,0.109375,0.9933,0.0625,0,0.0625,0.6,0.125,0.733333,0.078125,0.2,0.09375,0.266667,0.09375,0.4,0.09375,0.733333,0.09375,0.4,0.09375,0.866667,0.15625,1.48302,0.15625,1.95352,0.109375,1.05997,0.0625,0,0.09375,1.16732,0.09375,0.6,0.140625,0.8,0.09375,0,0.125,0.666667,0.109375,0.866667,0.109375,0.266667,0.0625,0,0.140625,1.54659,0.09375,0.266667,0.078125,0.938071,0.0625,0.882843,0.09375,1.00474,0.09375,0.8,0.09375,0,0.0625,0.533333,0.09375,0.4,0.046875,0,0.109375,0.733333,
81,50,2,0.15625,1.42588,0.109375,0.894281,0.109375,0.666667,0.046875,0,0.09375,0.4,0.09375,0.721895,0.09375,0.333333,0.09375,0,0.125,0.666667,0.078125,0.733333,0.125,0.8,0.15625,1.57256,0.125,0.6,0.15625,1.5742,0.078125,0.4,0.125,0.8,0.15625,1.48302,0.09375,0.866667,0.09375,0.2,0.109375,0.866667,0.09375,0,0.078125,0.2,0.09375,0.933333,0.109375,1.34636,0.09375,0.733333,0.0625,0.4,0.09375,0,0.09375,0,0.140625,1.30066,0.0625,0,0.078125,0,0.046875,0,0.078125,0.733333,0.09375,0.8,0.09375,0.666667,0.078125,0,0.140625,1.15425,0.0625,0.2,0.0625,0.2,0.09375,0.2,0.078125,0.4,0.09375,0.827614,0.0625,0.2,0.09375,0.721895,0.109375,0.8,0.125,1.34304,0.125,0.6,0.0625,0,0.125,0.6,0.09375,0.666667,
82,50,2,0.0625,0.2,0.09375,0.666667,0.109375,0.8,0.078125,0.0666667,0.078125,0.666667,0.078125,0,0.109375,1.18186,0.046875,0,0.046875,0,0.0625,0.866667,0.09375,0.333333,0.125,0.666667,0.09375,0,0.046875,0,0.109375,1.20948,0.046875,0,0.109375,0.733333,0.078125,0,0.0625,0,0.09375,0.4,0.125,0.6,0.125,0.533333,0.125,1.48302,0.15625,1.2647,0.09375,0,0.078125,0.0666667,0.15625,1.7383,0.078125,0.0666667,0.09375,0.333333,0.078125,0.6,0.140625,1.42588,0.125,0.533333,0.125,0.949509,0.078125,0.8,0.0625,0.2,0.125,0.533333,0.109375,0.8,0.046875,0,0.109375,1.18186,0.171875,1.81308,0.078125,0.8,0.046875,0.533333,0.140625,1.32185,0.0625,0,0.078125,0.6,0.0625,0.8,0.078125,0.666667,0.140625,1.50421,0.09375,0.266667,0.0625,0,
83,50,2,0.125,1.41945,0.125,1.18186,0.125,1.28922,0.09375,0.266667,0.0625,0,0.078125,0.666667,0.125,0.988562,0.078125,0.466667,0.125,0.6,0.09375,0.2,0.09375,0.266667,0.09375,0.133333,0.078125,0,0.09375,0,0.15625,1.43422,0.078125,0,0.0625,0,0.09375,0.466667,0.171875,1.4766,0.109375,0.6,0.078125,0,0.0625,0,0.09375,0.2,0.0625,0,0.109375,0.855228,0.1875,1.97471,0.125,1.11519,0.09375,0.133333,0.09375,0.533333,0.078125,0,0.078125,0,0.109375,0.988562,0.078125,0,0.109375,0.938071,0.140625,1.46826,0.09375,0.6,0.109375,0.4,0.078125,0,0.109375,1.47327,0.140625,1.45541,0.109375,0.6,0.09375,0.466667,0.15625,1.22424,0.0625,0,0.078125,0.666667,0.109375,0.6,0.09375,0.733333,0.09375,0,0.125,0.933333,0.09375,0.133333,
84,50,2,0.125,0.6,0.140625,1.29232,0.109375,0.466667,0.0625,0,0.09375,0.6,0.125,0.8,0.109375,1.2647,0.125,0.733333,0.078125,0,0.09375,0,0.078125,0.466667,0.171875,1.48302,0.109375,0.2,0.09375,0.133333,0.125,1.50088,0.09375,0.133333,0.09375,0.933333,0.0625,0.2,0.109375,0.466667,0.109375,0.466667,0.09375,0.733333,0.0625,0.866667,0.15625,1.23709,0.125,0.466667,0.0625,0.8,0.078125,0,0.140625,1.25828,0.109375,0.8,0.078125,0.666667,0.0625,0,0.078125,0.666667,0.171875,1.52686,0.15625,1.34304,0.078125,0,0.140625,1.42757,0.0625,0.2,0.125,0.466667,0.09375,1.29756,0.109375,0.4,0.125,1.02091,0.1875,1.54326,0.109375,0.2,0.140625,1.50421,0.078125,0,0.03125,0.2,0.09375,0.133333,0.109375,0.666667,0.15625,1.29232,0.09375,0.8,0.109375,0.466667,
85,50,2,0.109375,0.466667,0.078125,0,0.09375,0.133333,0.078125,0.466667,0.125,0.871405,0.09375,1.28589,0.078125,0,0.046875,0.333333,0.046875,0.466667,0.09375,0.533333,0.0625,0,0.140625,1.18186,0.0625,0.866667,0.0625,0.866667,0.125,0.666667,0.109375,0.466667,0.078125,0.466667,0.09375,0.733333,0.09375,0.866667,0.09375,0.733333,0.109375,0.8,0.109375,0.466667,0.09375,0.6,0.140625,0.733333,0.09375,0.533333,0.09375,0.733333,0.046875,0,0.109375,0.8,0.078125,0.6,0.078125,0.2,0.078125,0,0.140625,1.5742,0.0625,0.2,0.0625,0,0.0625,0.533333,0.046875,0,0.09375,0.8,0.09375,0,0.09375,0.133333,0.078125,1.2647,0.0625,0.533333,0.125,1.14281,0.109375,0.466667,0.078125,0,0.125,1.15425,0.140625,1.20948,0.109375,0.733333,0.109375,0.2,0.140625,1.45541,0.140625,0.882843,
86,50,2,0.140625,1.09902,0.125,0.788562,0.109375,0.133333,0.0625,0,0.09375,1.15425,0.09375,0.0666667,0.109375,0.4,0.109375,0.533333,0.109375,0.8,0.078125,0.133333,0.09375,0.666667,0.09375,0.2,0.078125,0.466667,0.125,0.666667,0.109375,0.733333,0.0625,0,0.09375,0.988562,0.0625,0.666667,0.171875,1.49446,0.078125,0,0.109375,0.933333,0.125,0.533333,0.109375,1.20948,0.140625,0.733333,0.140625,0.965685,0.109375,0.733333,0.109375,1.2647,0.125,0.949509,0.140625,0.965685,0.0625,0,0.109375,1.34946,0.109375,0.6,0.078125,0,0.09375,0.466667,0.15625,1.15425,0.140625,1.3835,0.0625,0.133333,0.078125,0.466667,0.1875,1.84939,0.109375,0.466667,0.0625,0.133333,0.078125,0.533333,0.078125,0.666667,0.15625,1.2647,0.109375,0.733333,0.0625,0,0.15625,1.08758,0.09375,0.733333,0.109375,1.18186,0.125,0.533333,
87,50,2,0.078125,0.894281,0.125,0.866667,0.09375,0.0666667,0.09375,0.6,0.078125,0.133333,0.078125,0,0.109375,0.977124,0.078125,0.466667,0.15625,1.62779,0.078125,0.0666667,0.09375,0.0666667,0.15625,1.92537,0.078125,0.6,0.109375,0.6,0.09375,0.666667,0.125,1.20948,0.125,0.533333,0.15625,1.75616,0.078125,0,0.109375,1.00474,0.0625,0,0.125,1.03235,0.03125,0,0.109375,0.733333,0.15625,1.70257,0.140625,0.733333,0.171875,1.86029,0.09375,0.6,0.078125,0.133333,0.078125,0,0.078125,0.6,0.125,0.894281,0.15625,1.43112,0.140625,1.17042,0.109375,0.933333,0.0625,0.133333,0.109375,0.666667,0.109375,0.933333,0.078125,0.133333,0.125,1.23709,0.09375,0.733333,0.0625,0.133333,0.125,1.55301,0.078125,0,0.109375,0.977124,0.140625,0.965685,0.109375,0.133333,0.15625,1.14281,0.140625,1.32185,0.15625,1.20948,
88,50,2,0.078125,0,0.109375,0.4,0.078125,0,0.109375,0.466667,0.046875,0,0.09375,0.8,0.046875,0,0.078125,0.466667,0.0625,0.733333,0.09375,0.8,0.078125,0,0.078125,0.866667,0.125,1.12663,0.078125,0.6,0.109375,0.4,0.0625,0.2,0.125,0.533333,0.03125,0,0.109375,1.3347,0.09375,0,0.09375,0.6,0.109375,0.466667,0.109375,1.04853,0.109375,0.8,0.125,1.09902,0.09375,0.133333,0.0625,0.533333,0.15625,1.59207,0.0625,0.8,0.140625,1.55301,0.0625,0,0.078125,0,0.125,0.533333,0.09375,0.733333,0.0625,0,0.09375,0.8,0.140625,1.18186,0.078125,0,0.125,1.04379,0.125,0.8,0.109375,1.05997,0.109375,0.133333,0.15625,1.30708,0.09375,0.733333,0.03125,0,0.09375,0,0.109375,0.466667,0.125,0.533333,0.046875,0,0.09375,0.733333,
89,50,2,0.109375,0.733333,0.0625,0,0.109375,0.949509,0.078125,0.4,0.0625,0,0.09375,0.133333,0.125,0.855228,0.15625,1.21613,0.046875,0,0.125,0.832352,0.125,0.8,0.078125,0,0.125,1.2647,0.109375,0.533333,0.078125,0,0.09375,0.866667,0.125,1.29423,0.078125,0.8,0.109375,0.8,0.109375,0.733333,0.078125,0.6,0.140625,1.20948,0.0625,0.733333,0.109375,0.333333,0.09375,0,0.171875,2.34932,0.078125,0.6,0.140625,0.855228,0.171875,1.62779,0.078125,0.466667,0.078125,0,0.15625,1.03235,0.0625,0,0.03125,0,0.09375,0.8,0.0625,0.866667,0.09375,0.6,0.09375,0.8,0.078125,0,0.15625,1.48945,0.140625,1.42588,0.125,1.18186,0.09375,0,0.109375,0.133333,0.0625,0.733333,0.125,1.48302,0.09375,0,0.125,0.832352,0.109375,0.733333,0.140625,0.855228,
90,50,2,0.09375,0.666667,0.140625,0.949509,0.109375,0.4,0.109375,0.8,0.078125,0.6,0.140625,0.954247,0.109375,0.666667,0.125,0.733333,0.09375,0,0.125,1.12663,0.078125,0,0.078125,0.666667,0.09375,0.733333,0.140625,0.760948,0.0625,0,0.09375,0.965685,0.09375,0.733333,0.09375,0.133333,0.0625,0.466667,0.140625,0.733333,0.09375,0.533333,0.109375,0.4,0.09375,0,0.078125,0.866667,0.109375,1.31875,0.125,0.466667,0.15625,1.23709,0.125,1.14281,0.125,0.466667,0.0625,0.666667,0.078125,0.133333,0.09375,0.866667,0.09375,0.666667,0.09375,0.533333,0.125,1.43422,0.109375,0.333333,0.15625,1.66019,0.125,1.00474,0.0625,0.666667,0.109375,1.09902,0.09375,0.965685,0.109375,0.894281,0.125,1.20948,0.078125,0,0.0625,0,0.09375,0,0.09375,0.533333,0.109375,0.666667,0.140625,0.760948,0.0625,0,
91,50,2,0.09375,0.666667,0.109375,0.2,0.140625,0.733333,0.109375,0.466667,0.09375,0,0.09375,0.4,0.109375,0,0.109375,0.8,0.109375,0.2,0.125,0.466667,0.078125,0.933333,0.09375,0.6,0.125,0.733333,0.09375,1.21923,0.15625,1.78219,0.125,1.35589,0.109375,1.2616,0.140625,1.12663,0.109375,0,0.09375,0.866667,0.09375,0,0.0625,0.466667,0.078125,0.733333,0.21875,2.21374,0.09375,0,0.125,0.466667,0.125,0.866667,0.125,0.954247,0.125,0.8,0.0625,0,0.078125,0.466667,0.15625,1.23066,0.140625,1.85817,0.109375,0.910457,0.046875,0,0.046875,0,0.09375,0,0.03125,0,0.09375,0,0.125,0.466667,0.078125,0,0.078125,0.6,0.09375,0.2,0.109375,0.533333,0.140625,1.27304,0.046875,0.466667,0.09375,0,0.125,0.466667,0.109375,0.733333,0.078125,0,
92,50,2,0.109375,0.855228,0.078125,0.6,0.109375,0.910457,0.078125,0.533333,0.140625,0.788562,0.171875,1.77031,0.125,1.05997,0.109375,0.666667,0.125,1.45851,0.09375,0.8,0.140625,0.9933,0.078125,0.8,0.078125,0.733333,0.140625,1.20948,0.046875,0.333333,0.15625,0.9933,0.109375,0.4,0.09375,0,0.15625,1.50567,0.15625,1.31351,0.109375,0.533333,0.09375,0.133333,0.125,1.34304,0.078125,0.466667,0.0625,0,0.15625,2.01376,0.109375,0.733333,0.109375,0.933333,0.125,0.866667,0.09375,0.466667,0.078125,0.533333,0.078125,0.733333,0.109375,0.733333,0.109375,0.333333,0.09375,1.10376,0.078125,0.2,0.109375,0.866667,0.078125,0.533333,0.140625,0.733333,0.09375,0.466667,0.125,0.733333,0.125,1.04379,0.140625,0.9933,0.09375,0.533333,0.078125,0,0.078125,0,0.078125,0,0.125,1.11519,0.15625,1.3835,0.1875,1.72407,
93,50,2,0.140625,1.29756,0.09375,0.6,0.109375,0,0.078125,0,0.140625,1.41945,0.15625,0.882843,0.078125,0,0.09375,0.466667,0.109375,1.29232,0.078125,0,0.109375,1.17042,0.09375,0.866667,0.109375,0.949509,0.109375,0.84379,0.109375,0.8,0.09375,0.666667,0.046875,0,0.109375,0.4,0.09375,0.6,0.140625,0.666667,0.140625,1.00474,0.078125,0,0.09375,0.8,0.140625,1.18186,0.109375,1.18186,0.109375,0,0.1875,1.79521,0.09375,0.866667,0.140625,1.20948,0.125,1.03235,0.09375,0,0.09375,0.4,0.109375,0.788562,0.109375,1.29232,0.125,1.08758,0.125,0.466667,0.09375,0.8,0.140625,1.09902,0.109375,0.133333,0.109375,1.0714,0.109375,1.15425,0.09375,0.666667,0.0625,0.0666667,0.125,0.466667,0.109375,0.466667,0.171875,1.28589,0.046875,0,0.09375,0.871405,0.140625,0.8,0.0625,0,
94,50,2,0.078125,0.666667,0.0625,0.8,0.109375,0.666667,0.1875,1.8067,0.109375,0.666667,0.109375,0.721895,0.125,0.666667,0.09375,0,0.09375,0,0.09375,0,0.109375,0.266667,0.15625,0.855228,0.09375,1.20948,0.109375,0.8,0.09375,0.8,0.09375,0,0.078125,0.466667,0.140625,1.36422,0.078125,0.933333,0.140625,1.75284,0.09375,0.8,0.09375,0.733333,0.078125,0,0.109375,1.20328,0.09375,0,0.125,0.6,0.171875,1.53182,0.078125,0,0.078125,0.533333,0.09375,0.466667,0.078125,0,0.09375,0.466667,0.125,1.02091,0.125,1.20948,0.140625,0.6,0.109375,0.949509,0.078125,0.666667,0.125,0.733333,0.171875,1.20948,0.078125,0.6,0.078125,0.2,0.125,0.855228,0.109375,0.533333,0.0625,0,0.078125,0,0.109375,0.533333,0.0625,0,0.09375,0.466667,0.09375,0.733333,0.109375,0.533333,
95,50,2,0.15625,1.69925,0.109375,0,0.125,1.05997,0.0625,0.0666667,0.09375,0.6,0.109375,1.2647,0.140625,0.921895,0.125,1.12663,0.09375,0,0.09375,0.6,0.0625,0.266667,0.109375,0,0.09375,0.6,0.15625,1.8587,0.15625,1.53994,0.125,1.00474,0.109375,1.32185,0.09375,0,0.078125,0,0.078125,0,0.109375,0.866667,0.109375,0.466667,0.15625,1.07304,0.09375,0,0.078125,0.4,0.125,0.733333,0.078125,0,0.125,0.4,0.109375,0.666667,0.09375,0,0.125,0.921895,0.125,1.50421,0.109375,0.8,0.09375,0.333333,0.0625,0.4,0.109375,0.6,0.140625,1.31542,0.09375,0.733333,0.140625,1.03235,0.15625,1.19804,0.09375,0.333333,0.109375,0.2,0.09375,0,0.046875,0.333333,0.109375,0.926633,0.078125,0,0.09375,0,0.09375,0.938071,0.109375,1.20948,0.09375,0.933333,
96,50,2,0.109375,1.0714,0.09375,0.733333,0.109375,0.6,0.078125,0,0.125,1.09902,0.125,0.8,0.09375,1.2647,0.125,0.8,0.09375,0,0.125,1.20948,0.0625,0,0.078125,0.666667,0.109375,0.6,0.125,0.788562,0.09375,0.933333,0.109375,0.832352,0.0625,0,0.046875,0,0.125,1.09902,0.125,1.19353,0.109375,0.4,0.109375,0.733333,0.09375,0,0.109375,0.666667,0.109375,0,0.078125,0.6,0.125,0.859966,0.078125,0,0.109375,0.333333,0.125,0.666667,0.109375,0.921895,0.078125,0.533333,0.109375,0.788562,0.0625,0,0.09375,0,0.140625,1.18186,0.15625,1.27327,0.0625,0,0.078125,0.266667,0.0625,0,0.09375,0.6,0.0625,0.8,0.09375,0,0.09375,0,0.046875,0,0.125,0.8,0.078125,0.266667,0.125,1.01618,0.125,0.733333,0.109375,0.533333,
97,50,2,0.09375,0.8,0.125,0.910457,0.09375,0,0.09375,0,0.109375,0.6,0.0625,0,0.0625,0.8,0.046875,0.866667,0.0625,0,0.125,0.666667,0.125,0.466667,0.140625,1.37708,0.09375,0.866667,0.15625,1.19161,0.125,0.933333,0.109375,0.4,0.109375,0.333333,0.09375,0,0.125,0.666667,0.125,0.666667,0.125,1.08758,0.140625,0.977124,0.078125,0,0.09375,0.4,0.125,0.866667,0.09375,0,0.15625,1.69925,0.140625,1.20948,0.15625,1.59539,0.140625,0.733333,0.125,0.910457,0.09375,1.14281,0.109375,1.12663,0.109375,0.8,0.109375,0.6,0.09375,0,0.078125,0.2,0.046875,0,0.09375,0.933333,0.078125,0,0.09375,1.15425,0.109375,0.666667,0.09375,0.533333,0.140625,0.938071,0.078125,0,0.109375,0.666667,0.09375,0.4,0.078125,0.733333,0.171875,1.27969,0.125,0.333333,
