0,100,2,0.046875,0.8,0.0625,1.15425,0.0625,0.949509,0.03125,0,0.03125,0.333333,0.046875,0.866667,0.0625,1.17042,0.046875,0.666667,0.078125,1.59539,0.0625,0.6,0.046875,1.09902,0.03125,0,0.0625,0.804738,0.0625,1.17042,0.046875,0.666667,0.046875,0.933333,0.015625,0.8,0.03125,0,0.0625,0.738071,0.03125,0.721895,0.078125,1.1414,0.03125,0.721895,0.0625,1.2647,0.046875,0.8,0.03125,0.333333,0.015625,0.8,0.015625,0.8,0.03125,0,0.0625,0.738071,0.09375,1.47969,0.0625,0.949509,0.0625,0.832352,0.0625,1.15425,0.0625,1.40469,0.03125,0.333333,0.046875,0.666667,0.0625,0.832352,0.03125,0.333333,0.03125,0,0.046875,1.09902,0.03125,0,0.0625,0.738071,0.0625,0.832352,0.0625,1.15425,0.0625,0.738071,0.03125,0,0.03125,0.949509,0.03125,0,0.078125,1.17544,0.03125,0,0.046875,0.8,0.0625,0.6,0.0625,0.832352,0.03125,0,0.046875,0.8,0.0625,1.18186,0.03125,0.721895,0.03125,0,0.046875,0.666667,0.046875,0.866667,0.03125,0.333333,0.0625,0.804738,0.03125,0.721895,0.0625,0.804738,0.03125,0,0.046875,0.8,0.046875,0.933333,0.03125,0.949509,0.03125,0.333333,0.046875,0.8,0.046875,0.8,0.0625,0.738071,0.078125,1.09902,0.046875,0.733333,0.046875,0.733333,0.0625,0.6,0.046875,0.733333,0.0625,0.6,0.03125,0,0.03125,0.333333,0.03125,0.333333,0.0625,0.804738,0.046875,0.666667,0.0625,0.6,0.03125,0,0.03125,0.333333,0.03125,0.333333,0.0625,1.23709,0.0625,0.738071,0.046875,0.8,0.0625,0.6,0.03125,0.721895,0.03125,0,0.046875,0.733333,0.046875,0.8,0.046875,0.933333,0.078125,1.48302,0.0625,0.832352,0.0625,0.804738,0.078125,1.12663,
1,100,2,0.03125,0,0.046875,0.466667,0.03125,0,0.0625,0.494281,0.046875,0.733333,0.03125,0.2,0.015625,0.8,0.046875,0.4,0.0625,0.533333,0.03125,0.866667,0.046875,0.6,0.046875,0.4,0.03125,0.2,0.03125,0.2,0.0625,0.533333,0.0625,0.494281,0.03125,0,0.015625,0.8,0.046875,0.733333,0.0625,0.4,0.046875,0.466667,0.078125,1.12663,0.046875,0.6,0.046875,0.933333,0.046875,0.4,0.046875,0.733333,0.0625,0.4,0.0625,0.4,0.0625,0.494281,0.03125,0.2,0.03125,0,0.046875,0.733333,0.0625,0.4,0.0625,0.533333,0.046875,0.866667,0.046875,0.733333,0.0625,0.494281,0.03125,0.866667,0.0625,0.4,0.078125,1.3347,0.078125,1.59539,0.03125,0,0.03125,0,0.0625,1.2647,0.046875,0.6,0.015625,0.8,0.03125,0,0.0625,0.8,0.046875,0.4,0.0625,0.4,0.046875,0.866667,0.03125,0.733333,0.046875,0.733333,0.046875,0.466667,0.109375,1.57899,0.0625,0.533333,0.03125,0.2,0.0625,1.0714,0.0625,0.4,0.046875,0.733333,0.078125,0.921895,0.078125,0.977124,0.03125,0.2,0.0625,0.494281,0.046875,0.977124,0.046875,0.4,0.0625,0.4,0.03125,0.733333,0.078125,0.977124,0.078125,0.988562,0.046875,0.466667,0.03125,0.2,0.03125,0.2,0.0625,0.4,0.0625,0.4,0.03125,0.2,0.046875,0.733333,0.046875,0.733333,0.046875,0.6,0.0625,1.18186,0.03125,0,0.03125,0,0.046875,0.4,0.03125,0,0.046875,0.6,0.046875,0.4,0.046875,0.977124,0.0625,0.533333,0.046875,0.466667,0.0625,0.494281,0.078125,1.38874,0.046875,0.466667,0.03125,0,0.0625,0.4,0.0625,1.20948,0.0625,0.533333,0.03125,0,0.046875,0.733333,0.0625,0.4,0.03125,0.2,
2,100,2,0.0625,0.4,0.03125,0.866667,0.0625,0.4,0.09375,1.79189,0.046875,0.4,0.03125,0,0.03125,0,0.0625,0.133333,0.078125,0.8,0.046875,0.8,0.0625,0.133333,0.046875,0.533333,0.0625,0.266667,0.03125,0,0.0625,0.4,0.0625,1.20948,0.046875,0.8,0.078125,1.0714,0.046875,0.733333,0.046875,0.866667,0.0625,1.12663,0.0625,1.12663,0.03125,0,0.03125,0,0.046875,0.666667,0.0625,0.4,0.0625,1.05997,0.03125,0,0.046875,0.866667,0.046875,0.4,0.046875,0.666667,0.046875,0.533333,0.0625,0.266667,0.0625,0.949509,0.03125,0,0.046875,0.533333,0.03125,0,0.0625,1.19804,0.046875,0.333333,0.03125,0,0.046875,0.533333,0.046875,0.533333,0.0625,0.133333,0.046875,0.666667,0.03125,0,0.0625,0.133333,0.0625,0.266667,0.078125,0.8,0.0625,0.133333,0.046875,0.333333,0.046875,0.866667,0.03125,0.8,0.03125,0,0.0625,0.133333,0.0625,0.4,0.046875,0.666667,0.046875,0.4,0.046875,0.8,0.03125,0,0.0625,1.2647,0.046875,0.666667,0.078125,0.933333,0.046875,0.960948,0.0625,0.133333,0.046875,0.533333,0.046875,0.733333,0.046875,0.533333,0.0625,0.266667,0.078125,1.20948,0.046875,0.533333,0.0625,0.266667,0.0625,0.4,0.03125,0,0.03125,0,0.046875,0.333333,0.046875,0.4,0.0625,0.4,0.03125,0,0.03125,0,0.078125,1.27947,0.0625,0.4,0.0625,0.733333,0.0625,1.2647,0.0625,0.933333,0.03125,0,0.0625,1.00474,0.046875,0.666667,0.078125,0.921895,0.0625,0.133333,0.046875,0.4,0.03125,0,0.0625,0.266667,0.046875,0.333333,0.0625,0.960948,0.03125,0,0.0625,0.266667,0.078125,0.894281,0.046875,0.4,0.046875,0.533333,0.0625,0.949509,
3,100,2,0.03125,0,0.0625,0.333333,0.078125,1.04853,0.0625,0.333333,0.03125,0,0.0625,0.949509,0.09375,1.12663,0.078125,1.31875,0.078125,0.8,0.03125,0,0.015625,0.8,0.046875,0.466667,0.046875,0.333333,0.0625,1.15425,0.046875,0.6,0.046875,0.6,0.046875,0.8,0.03125,0,0.0625,0,0.0625,0.866667,0.078125,0.8,0.0625,0.333333,0.0625,0.2,0.0625,1.18186,0.078125,1.31875,0.03125,0,0.046875,0.4,0.015625,0.8,0.09375,1.23709,0.09375,1.20948,0.03125,0,0.046875,0.466667,0.078125,1.04379,0.03125,0,0.046875,0.4,0.03125,0,0.046875,0.666667,0.046875,0.666667,0.046875,0.466667,0.046875,0.333333,0.109375,1.61325,0.0625,0.2,0.046875,0.6,0.03125,0,0.03125,0,0.046875,0.466667,0.03125,0,0.078125,0.733333,0.03125,0,0.03125,0,0.0625,0.333333,0.078125,0.960948,0.03125,0,0.0625,0.2,0.046875,0.6,0.03125,0,0.0625,0.333333,0.0625,0.333333,0.046875,0.4,0.0625,1.20948,0.078125,0.8,0.03125,0,0.078125,0.733333,0.03125,0.8,0.0625,1.17042,0.046875,0.866667,0.046875,0.333333,0.0625,0.933333,0.0625,1.03235,0.0625,0,0.0625,0.2,0.125,2.15663,0.03125,0.866667,0.0625,0.2,0.046875,0.466667,0.046875,0.866667,0.046875,0.666667,0.0625,0.866667,0.0625,0,0.03125,0,0.03125,0,0.078125,0.988562,0.0625,0,0.0625,0.2,0.046875,0.6,0.046875,0.466667,0.046875,0.4,0.03125,0,0.046875,0.333333,0.09375,1.2647,0.03125,0,0.046875,0.333333,0.03125,0,0.03125,0,0.078125,1.15757,0.0625,0.333333,0.03125,0,0.046875,0.4,0.0625,0,0.0625,0.894281,
4,100,2,0.09375,1.31542,0.078125,0.666667,0.046875,0.6,0.03125,0,0.046875,0.466667,0.046875,0.333333,0.0625,0.133333,0.078125,1.0714,0.078125,0.8,0.03125,0,0.078125,0.733333,0.03125,0,0.078125,0.866667,0.0625,1.18186,0.046875,0.466667,0.0625,0.333333,0.078125,1.41303,0.0625,1.20948,0.046875,0.2,0.046875,0.333333,0.046875,0.2,0.0625,0,0.0625,0.133333,0.046875,0.4,0.03125,0,0.046875,0.133333,0.046875,0.333333,0.078125,1.2647,0.046875,0.866667,0.0625,0.666667,0.046875,0.133333,0.0625,0,0.078125,1.20948,0.03125,0.8,0.046875,0.8,0.046875,0.133333,0.0625,1.08758,0.0625,0.4,0.0625,0.933333,0.078125,0.733333,0.078125,1.08758,0.046875,0.133333,0.015625,0.733333,0.046875,0.4,0.0625,0,0.03125,0.8,0.09375,1.12663,0.0625,0.933333,0.046875,0.6,0.03125,0,0.046875,1.09902,0.109375,1.86845,0.046875,0.733333,0.078125,0.965685,0.03125,0,0.046875,0.333333,0.03125,0,0.015625,0.733333,0.046875,0.333333,0.078125,0.899019,0.109375,1.50421,0.09375,1.23709,0.03125,0,0.03125,0,0.03125,0,0.03125,0,0.046875,0.4,0.0625,0,0.0625,0.133333,0.0625,0,0.0625,1.23709,0.03125,0,0.046875,0.733333,0.046875,0.2,0.0625,1.20948,0.078125,1.30066,0.03125,0,0.078125,1.55301,0.0625,0.8,0.09375,1.29423,0.046875,0.133333,0.046875,0.6,0.0625,0.4,0.046875,0.6,0.09375,1.48302,0.046875,0.8,0.0625,0.866667,0.03125,0,0.046875,0.333333,0.078125,0.666667,0.015625,0.733333,0.03125,0,0.046875,0.6,0.0625,0.866667,0.0625,0.4,0.0625,0.133333,0.03125,0,0.046875,0.2,0.046875,0.133333,0.09375,1.55301,
5,100,2,0.0625,0,0.046875,0.8,0.03125,0,0.0625,0,0.0625,0,0.0625,0,0.046875,0.866667,0.046875,0.4,0.046875,0.133333,0.03125,0,0.046875,0.4,0.046875,0.666667,0.09375,1.23709,0.046875,0.4,0.03125,0,0.0625,0,0.03125,0,0.0625,0.8,0.078125,0.733333,0.09375,1.55301,0.0625,0.933333,0.0625,0,0.0625,0,0.0625,0,0.0625,0,0.078125,0.933333,0.0625,0,0.09375,1.02091,0.078125,0.866667,0.03125,0,0.046875,0.133333,0.078125,0.6,0.046875,0.533333,0.0625,0,0.0625,0,0.0625,0,0.09375,1.03235,0.078125,0.6,0.03125,0,0.09375,1.02091,0.0625,0.855228,0.078125,0.6,0.0625,0,0.046875,0.2,0.078125,0.866667,0.0625,0,0.046875,0.666667,0.0625,0.733333,0.0625,0.2,0.0625,0,0.0625,0,0.0625,0,0.078125,1.05997,0.03125,0.733333,0.03125,0.733333,0.0625,0.733333,0.0625,0.2,0.0625,1.04379,0.0625,0,0.0625,0.8,0.03125,0,0.0625,0,0.046875,0.4,0.078125,0.9933,0.046875,0.6,0.0625,0.933333,0.046875,0.666667,0.03125,0,0.078125,0.721895,0.0625,1.18186,0.09375,1.18186,0.125,1.8391,0.0625,0.2,0.046875,0.533333,0.046875,0.4,0.078125,0.6,0.046875,0.4,0.03125,0,0.078125,0.960948,0.078125,0.933333,0.03125,0,0.046875,0.6,0.03125,0,0.046875,0.133333,0.09375,0.949509,0.0625,0.933333,0.03125,0,0.09375,1.23709,0.046875,0.666667,0.0625,0.6,0.046875,0.533333,0.046875,0.4,0.046875,0.466667,0.046875,0.4,0.0625,0.8,0.078125,0.721895,0.03125,0,0.0625,0,0.046875,0.666667,0.078125,0.6,
6,100,2,0.046875,0.466667,0.046875,0,0.078125,0.933333,0.0625,0,0.078125,0.627614,0.046875,0,0.0625,0.921895,0.046875,0.466667,0.078125,0.866667,0.078125,0.933333,0.09375,1.19804,0.09375,1.12663,0.0625,1.00474,0.0625,0,0.0625,0,0.0625,0.988562,0.046875,0,0.0625,0.8,0.0625,0.816176,0.0625,0,0.046875,0,0.046875,0.977124,0.078125,0.84379,0.109375,1.70257,0.046875,0.533333,0.03125,0,0.046875,0.466667,0.0625,0,0.046875,0,0.0625,0,0.046875,0,0.0625,0,0.078125,0.933333,0.078125,0.733333,0.078125,0.933333,0.0625,0,0.0625,0,0.03125,0,0.046875,0.466667,0.03125,0,0.0625,0,0.0625,0,0.078125,1.02091,0.046875,0,0.046875,0.466667,0.046875,0,0.0625,0,0.046875,0.466667,0.0625,0,0.046875,0,0.078125,0.627614,0.046875,0,0.046875,0.466667,0.03125,0,0.09375,1.18186,0.078125,1.30708,0.046875,0.8,0.0625,0.6,0.0625,0,0.03125,0,0.078125,1.20948,0.0625,0,0.0625,0.866667,0.09375,1.19804,0.0625,0.816176,0.0625,0,0.0625,0,0.078125,0.533333,0.046875,0,0.046875,0.666667,0.0625,0.8,0.078125,0.627614,0.078125,0.866667,0.0625,0.866667,0.078125,1.34946,0.03125,0,0.0625,0.855228,0.125,1.79521,0.046875,0,0.0625,0,0.0625,0,0.046875,0,0.078125,0.533333,0.03125,0,0.0625,0,0.0625,0,0.046875,0,0.046875,0.533333,0.078125,0.533333,0.046875,0.8,0.046875,0,0.0625,0.866667,0.078125,1.20948,0.046875,0.8,0.03125,0.733333,0.0625,0,0.09375,1.29232,0.046875,0.533333,0.078125,0.733333,0.078125,0.933333,
7,100,2,0.03125,0.733333,0.046875,0.733333,0.078125,1.18186,0.046875,0.866667,0.03125,0,0.0625,0,0.0625,0.8,0.046875,0,0.0625,0.6,0.09375,0.894281,0.0625,0,0.03125,0,0.046875,0,0.078125,0.666667,0.078125,0.933333,0.046875,0.466667,0.0625,0.0666667,0.03125,0,0.078125,1.25828,0.0625,0.6,0.0625,0,0.0625,0,0.078125,1.12663,0.03125,0,0.0625,0,0.0625,0,0.046875,0.6,0.03125,0.733333,0.0625,0,0.046875,0.8,0.03125,0,0.078125,0.866667,0.0625,0.6,0.046875,0,0.046875,0.466667,0.0625,0.6,0.0625,0,0.09375,1.32517,0.046875,0.533333,0.078125,0.666667,0.0625,0.333333,0.0625,0.333333,0.03125,0,0.046875,1.12663,0.0625,0.866667,0.0625,0,0.0625,0.333333,0.09375,1.0714,0.0625,0,0.046875,0.466667,0.0625,0.333333,0.0625,0,0.078125,0.533333,0.046875,0.466667,0.046875,0.466667,0.03125,0,0.0625,0,0.03125,0,0.078125,0.866667,0.0625,0.8,0.046875,0.4,0.078125,0.866667,0.109375,1.56113,0.046875,0,0.0625,0.6,0.0625,0,0.0625,0.8,0.078125,0.866667,0.0625,0,0.078125,0.866667,0.078125,0.933333,0.015625,0.733333,0.078125,1.09902,0.0625,0.333333,0.0625,0.866667,0.0625,0.866667,0.046875,0,0.0625,0,0.046875,0,0.09375,1.2128,0.0625,0.8,0.078125,1.20948,0.0625,0,0.046875,0.533333,0.03125,0,0.03125,0,0.046875,0.6,0.078125,1.37708,0.046875,0.827614,0.046875,0.466667,0.0625,0,0.046875,0.6,0.046875,0.466667,0.03125,0,0.0625,1.01618,0.0625,0,0.078125,0.988562,0.0625,0.933333,0.03125,0,0.0625,0,
8,100,2,0.0625,0,0.046875,0.666667,0.0625,0,0.0625,0,0.0625,1.01618,0.046875,0.4,0.03125,0,0.03125,0,0.0625,0,0.046875,0.4,0.0625,0.866667,0.0625,0.6,0.125,1.54969,0.078125,0.866667,0.078125,1.12663,0.078125,0.6,0.0625,0,0.046875,0.333333,0.0625,0,0.03125,0,0.046875,0.666667,0.046875,0.4,0.078125,0.8,0.03125,0,0.0625,0,0.0625,0.733333,0.09375,1.05997,0.0625,0,0.078125,0.733333,0.09375,1.11519,0.046875,0.4,0.046875,0.2,0.0625,0,0.0625,1.18186,0.0625,0.6,0.125,1.58541,0.0625,0,0.078125,0.866667,0.078125,0.6,0.03125,0.666667,0.03125,0.666667,0.0625,0,0.046875,1.15425,0.0625,0.8,0.03125,0,0.03125,0,0.078125,0.938071,0.03125,0,0.046875,0.2,0.0625,0,0.078125,0.926633,0.046875,0,0.0625,0.8,0.03125,0,0.0625,0.6,0.046875,0.333333,0.0625,0,0.03125,0,0.09375,1.11519,0.078125,0.666667,0.046875,0.4,0.078125,0.933333,0.0625,0,0.046875,0.4,0.0625,0,0.078125,0.6,0.078125,0.466667,0.046875,0.4,0.078125,0.6,0.046875,0,0.0625,0,0.03125,0,0.03125,0,0.0625,0,0.046875,0.666667,0.09375,1.03235,0.09375,1.51064,0.046875,0,0.078125,0.466667,0.0625,0,0.046875,0,0.0625,0,0.03125,0.666667,0.0625,0,0.0625,0,0.03125,0.666667,0.09375,1.12663,0.046875,0.733333,0.046875,0,0.0625,0,0.046875,0,0.046875,0.2,0.09375,1.04853,0.046875,0.333333,0.0625,0,0.125,1.8055,0.0625,0.8,0.0625,0,0.078125,1.17042,0.0625,0,
9,100,2,0.078125,0.6,0.0625,0,0.078125,0.694281,0.0625,0.866667,0.03125,0,0.078125,1.18186,0.078125,1.48945,0.046875,0.6,0.078125,0.933333,0.15625,1.94323,0.046875,0,0.046875,0.6,0.0625,0,0.09375,1.09733,0.0625,0,0.078125,0.666667,0.09375,1.44707,0.046875,0.733333,0.0625,0,0.0625,0,0.078125,0.949509,0.046875,0.733333,0.03125,0,0.09375,0.721895,0.046875,0.0666667,0.09375,1.18186,0.0625,0,0.03125,0,0.09375,1.03235,0.0625,0.933333,0.03125,0.6,0.046875,0.0666667,0.0625,0,0.09375,1.23709,0.078125,0.933333,0.125,1.46826,0.046875,0.333333,0.078125,1.07614,0.0625,0,0.0625,0,0.046875,0,0.0625,0,0.09375,1.18186,0.0625,1.00474,0.0625,0.733333,0.09375,1.43422,0.0625,0.8,0.046875,0,0.046875,0.466667,0.078125,1.46183,0.0625,0,0.109375,1.20948,0.046875,0.733333,0.09375,0.84379,0.109375,1.18186,0.03125,0.6,0.0625,0,0.046875,0,0.078125,0.933333,0.0625,0.733333,0.046875,0.466667,0.0625,0,0.078125,0.8,0.03125,0,0.046875,0,0.0625,0,0.046875,0.0666667,0.03125,0.666667,0.0625,0.933333,0.0625,0,0.09375,1.05997,0.0625,0,0.0625,0,0.0625,0,0.078125,0.949509,0.0625,0.827614,0.0625,0,0.03125,0,0.046875,0.6,0.09375,1.2647,0.078125,0.866667,0.0625,0,0.046875,0.0666667,0.078125,0.8,0.046875,0.333333,0.0625,1.03235,0.09375,0.721895,0.078125,0.933333,0.09375,1.20948,0.078125,0.8,0.078125,1.29232,0.0625,0,0.0625,0,0.0625,0.866667,0.0625,0,0.0625,0,0.078125,0.694281,0.078125,0.866667,0.0625,0.466667,0.03125,0,
10,100,2,0.0625,0.733333,0.03125,0,0.078125,0.266667,0.078125,0.266667,0.078125,0.866667,0.046875,0.0666667,0.078125,0.8,0.0625,0.666667,0.046875,0.2,0.046875,0.0666667,0.078125,0.949509,0.03125,0,0.078125,0.933333,0.046875,0.6,0.046875,0.466667,0.03125,0,0.0625,1.09902,0.0625,0,0.078125,1.20948,0.09375,0.694281,0.046875,0.2,0.0625,0.8,0.0625,0.965685,0.109375,1.5742,0.046875,0,0.046875,0.533333,0.078125,0.8,0.0625,0.866667,0.09375,0.866667,0.078125,0.933333,0.09375,0.627614,0.09375,1.12663,0.078125,0.266667,0.046875,0,0.0625,0.733333,0.125,1.67496,0.0625,0,0.09375,1.3347,0.078125,0.533333,0.0625,0,0.046875,0.2,0.046875,0,0.09375,1.5742,0.125,1.3316,0.046875,0,0.0625,0.8,0.0625,0,0.03125,0,0.03125,0,0.109375,1.29232,0.03125,0,0.046875,0.333333,0.0625,0,0.078125,1.48945,0.109375,1.11519,0.125,1.50421,0.0625,0,0.078125,0.827614,0.078125,0.694281,0.0625,0.866667,0.078125,0.533333,0.0625,0.8,0.0625,0.733333,0.046875,0.466667,0.0625,1.05997,0.078125,1.2647,0.03125,0.6,0.046875,0.6,0.03125,0,0.078125,0.866667,0.09375,1.19804,0.046875,0.866667,0.078125,0.749509,0.0625,0,0.046875,0.333333,0.0625,0,0.046875,0.733333,0.046875,0,0.0625,0,0.046875,0.4,0.046875,0,0.03125,0,0.078125,0.866667,0.0625,0.866667,0.125,1.51064,0.046875,0.2,0.09375,0.694281,0.0625,0.666667,0.046875,0.333333,0.078125,0.827614,0.046875,0.533333,0.078125,1.23709,0.09375,1.19804,0.109375,1.41945,0.078125,0.266667,0.09375,1.2647,0.09375,1.20948,0.0625,0,0.109375,1.2647,0.0625,0,
11,100,2,0.0625,0,0.09375,1.00474,0.046875,0.666667,0.078125,0.8,0.078125,0.266667,0.0625,1.2647,0.0625,0.866667,0.09375,1.40469,0.03125,0,0.0625,0.733333,0.0625,0,0.0625,0,0.0625,0.733333,0.0625,1.09902,0.0625,0.733333,0.046875,0.266667,0.046875,0.266667,0.078125,0.866667,0.078125,0.6,0.03125,0,0.078125,1.50421,0.09375,1.18186,0.0625,0,0.09375,0.882843,0.0625,0,0.046875,0.666667,0.0625,0.933333,0.109375,1.20948,0.09375,1.04379,0.046875,0.133333,0.078125,1.18186,0.046875,0,0.078125,0.866667,0.0625,0.8,0.109375,1.38874,0.09375,0.6,0.046875,0.266667,0.078125,0.988562,0.109375,1.164,0.09375,1.43422,0.09375,1.28589,0.046875,0.133333,0.109375,1.37065,0.078125,0.8,0.078125,0.866667,0.078125,0.866667,0.0625,0.666667,0.109375,1.164,0.09375,1.01618,0.078125,0.733333,0.09375,1.23709,0.078125,1.66684,0.0625,0.933333,0.046875,0,0.046875,0.8,0.03125,0,0.046875,0.666667,0.046875,0.266667,0.09375,0.9933,0.078125,0.6,0.09375,0.8,0.046875,0.266667,0.109375,1.45873,0.0625,0,0.0625,0.933333,0.140625,1.86242,0.046875,0.266667,0.046875,0,0.078125,0.733333,0.0625,0,0.046875,0.333333,0.078125,0.733333,0.0625,0.894281,0.078125,0.749509,0.078125,0.6,0.0625,0,0.046875,0,0.0625,0.666667,0.0625,0.666667,0.046875,0,0.046875,0,0.0625,0,0.078125,0.8,0.0625,0.666667,0.078125,0.6,0.09375,1.00474,0.09375,0.6,0.046875,0.266667,0.046875,0,0.125,1.46826,0.0625,0.666667,0.0625,0,0.09375,1.20948,0.0625,0,0.0625,0,0.078125,0.733333,0.109375,1.84668,0.09375,1.18186,0.046875,0.266667,0.0625,0.666667,
12,100,2,0.09375,1.28279,0.078125,0.333333,0.0625,0,0.046875,0.133333,0.09375,0.910457,0.078125,0.666667,0.03125,0,0.09375,0.855228,0.0625,0,0.0625,0.666667,0.046875,0.6,0.109375,0.977124,0.09375,1.45541,0.0625,0.977124,0.09375,1.20948,0.046875,0.133333,0.09375,1.23709,0.0625,0.866667,0.0625,0,0.078125,0.733333,0.09375,1.18186,0.09375,0.533333,0.046875,0.2,0.046875,0.133333,0.0625,0.733333,0.0625,0.8,0.0625,0,0.078125,0.721895,0.046875,0,0.078125,0.666667,0.046875,0.6,0.078125,0.666667,0.046875,0.133333,0.125,1.68803,0.09375,0.533333,0.03125,0,0.09375,1.18186,0.09375,0.666667,0.0625,0.977124,0.0625,0,0.109375,1.30398,0.0625,0.882843,0.09375,1.51064,0.078125,0.866667,0.03125,0.666667,0.046875,0.733333,0.078125,0.666667,0.09375,0.666667,0.078125,1.0714,0.0625,1.12663,0.0625,0,0.046875,0.133333,0.109375,1.37708,0.09375,1.14281,0.0625,0.666667,0.0625,0,0.078125,0.666667,0.0625,0.733333,0.0625,0.816176,0.09375,1.05997,0.0625,1.17042,0.078125,0.866667,0.03125,0,0.015625,0.733333,0.0625,0.882843,0.0625,0.6,0.078125,1.2647,0.09375,1.17042,0.078125,0.333333,0.0625,0,0.09375,1.05997,0.0625,0,0.046875,0,0.0625,0,0.0625,0.8,0.078125,0.666667,0.046875,0,0.078125,1.00474,0.0625,0.8,0.15625,1.72043,0.09375,0.666667,0.078125,0.333333,0.09375,0.910457,0.0625,0,0.0625,0,0.078125,0.866667,0.078125,1.20948,0.046875,0,0.109375,1.02091,0.0625,0,0.09375,0.8,0.03125,0,0.0625,0.733333,0.078125,0.333333,0.0625,0,0.09375,0.666667,0.09375,1.15425,0.078125,1.15425,0.046875,0,0.078125,0.866667,
13,100,2,0.046875,0.333333,0.0625,0.4,0.078125,0.8,0.078125,0.4,0.09375,1.18186,0.078125,0.4,0.09375,1.23709,0.09375,1.46183,0.09375,1.37708,0.078125,0.6,0.03125,0,0.03125,0,0.125,1.26803,0.0625,0.8,0.078125,0.4,0.078125,0.6,0.078125,0.6,0.0625,0,0.0625,0.666667,0.046875,0.133333,0.109375,1.50421,0.078125,0.866667,0.046875,0.6,0.0625,0,0.046875,0,0.109375,1.44064,0.0625,0.4,0.09375,1.36422,0.09375,0.938071,0.0625,0.4,0.0625,0.866667,0.09375,1.12663,0.078125,0.866667,0.0625,0,0.0625,0,0.03125,0,0.078125,0.733333,0.046875,0,0.09375,0.8,0.09375,1.09902,0.09375,1.23709,0.0625,0,0.109375,1.75191,0.046875,0.333333,0.109375,1.23709,0.09375,1.19804,0.0625,0,0.09375,0.466667,0.0625,0.4,0.09375,0.899019,0.0625,0,0.0625,0.666667,0.0625,0,0.109375,1.5742,0.109375,0.977124,0.0625,0,0.078125,0.266667,0.09375,0.666667,0.09375,0.466667,0.078125,1.18186,0.046875,0.266667,0.09375,1.19804,0.046875,0.133333,0.0625,0,0.0625,0.733333,0.0625,0.6,0.078125,1.05997,0.0625,0.8,0.09375,1.23399,0.078125,0.866667,0.0625,0,0.109375,1.25208,0.109375,1.0714,0.09375,0.866667,0.09375,1.2647,0.09375,0.866667,0.09375,1.15425,0.078125,0.8,0.0625,0.882843,0.09375,0.466667,0.046875,0.666667,0.0625,0.921895,0.078125,0.882843,0.09375,1.15425,0.046875,0,0.03125,0.6,0.046875,0.266667,0.125,1.46826,0.078125,0.6,0.0625,0.666667,0.0625,0.866667,0.0625,0,0.0625,0.4,0.0625,0,0.09375,1.23709,0.0625,0,0.046875,0,0.046875,0.333333,0.09375,0.871405,0.046875,0.133333,
14,100,2,0.0625,0.866667,0.109375,1.23709,0.09375,1.41945,0.078125,1.12663,0.0625,0,0.0625,0.533333,0.0625,1.09902,0.078125,0.666667,0.09375,1.11519,0.078125,0.733333,0.0625,0,0.046875,0.2,0.109375,1.8488,0.09375,0.666667,0.0625,0,0.078125,0.8,0.0625,0.666667,0.09375,0.666667,0.03125,0.6,0.09375,0.866667,0.046875,0.2,0.0625,0,0.046875,0.8,0.03125,0,0.0625,0,0.078125,0.266667,0.0625,0.533333,0.09375,1.11519,0.078125,0.8,0.140625,1.70257,0.0625,0,0.078125,1.18186,0.078125,0.938071,0.046875,0.2,0.078125,0.866667,0.09375,1.14281,0.09375,1.55301,0.0625,0.733333,0.0625,0,0.109375,1.53182,0.078125,0.266667,0.109375,1.23709,0.109375,1.23709,0.078125,0.933333,0.078125,1.12663,0.078125,0.533333,0.09375,1.00474,0.0625,0,0.03125,0,0.046875,0,0.109375,1.72043,0.078125,0.2,0.109375,1.15425,0.0625,0.666667,0.0625,0,0.109375,0.760948,0.0625,0.933333,0.078125,0.733333,0.046875,0.333333,0.046875,0.533333,0.078125,0.533333,0.109375,0.760948,0.03125,0,0.03125,0,0.09375,1.11519,0.0625,0.666667,0.078125,0.533333,0.125,1.15256,0.0625,0.866667,0.109375,1.59539,0.046875,0.2,0.0625,0.6,0.078125,0.266667,0.046875,0,0.0625,0,0.0625,0.855228,0.09375,0.938071,0.078125,1.164,0.0625,0,0.109375,1.55301,0.125,1.46826,0.078125,0.8,0.09375,1.5742,0.0625,0.533333,0.0625,0,0.09375,1.05997,0.09375,1.66019,0.125,1.53182,0.078125,1.0714,0.09375,1.03235,0.0625,0,0.0625,0.855228,0.078125,0.8,0.03125,0.6,0.046875,0.2,0.09375,0.866667,0.109375,1.39826,0.0625,0.8,0.09375,1.08758,0.046875,0.866667,
15,100,2,0.09375,1.15425,0.09375,0.466667,0.109375,1.72376,0.15625,1.83094,0.109375,1.44064,0.046875,0.466667,0.078125,0.733333,0.0625,0,0.046875,0,0.09375,1.27637,0.0625,0.6,0.046875,0,0.03125,0.6,0.09375,1.12663,0.078125,1.29232,0.078125,1.03235,0.046875,0,0.0625,0.6,0.078125,0.733333,0.109375,1.42588,0.078125,1.20948,0.09375,1.12663,0.109375,0.871405,0.109375,1.77402,0.03125,0,0.125,1.25518,0.09375,0.466667,0.078125,1.51064,0.0625,0.733333,0.09375,1.15425,0.046875,0.6,0.078125,0.666667,0.09375,1.04379,0.0625,0.733333,0.078125,0.933333,0.046875,0.666667,0.078125,0.533333,0.078125,0.333333,0.078125,0.666667,0.0625,0.666667,0.046875,0,0.03125,0,0.109375,1.37708,0.09375,1.29232,0.078125,1.36422,0.09375,1.48945,0.0625,0,0.0625,0,0.046875,0,0.0625,0,0.109375,1.01618,0.046875,0.2,0.03125,0,0.0625,0,0.0625,0,0.078125,0.666667,0.0625,0,0.0625,0.533333,0.0625,0.8,0.078125,0.333333,0.078125,0.6,0.09375,0.8,0.09375,1.12663,0.0625,0.8,0.109375,0.910457,0.0625,0.6,0.0625,0,0.125,1.75616,0.09375,1.21923,0.046875,0.466667,0.09375,0.8,0.125,1.25518,0.09375,1.64566,0.0625,0.827614,0.046875,0.333333,0.046875,0.6,0.109375,1.23709,0.0625,0.6,0.109375,1.39826,0.0625,0.866667,0.109375,1.0714,0.078125,0.733333,0.09375,0.866667,0.09375,1.41303,0.078125,0.866667,0.140625,1.75887,0.078125,0.733333,0.09375,1.18186,0.09375,1.20948,0.078125,0.533333,0.140625,1.45541,0.078125,0.84379,0.0625,0.6,0.125,1.55301,0.046875,0,0.078125,0.533333,0.046875,0.6,0.0625,0,0.0625,0.866667,0.109375,1.26662,
16,100,2,0.0625,0.733333,0.03125,0.466667,0.0625,0,0.078125,1.12663,0.0625,0.8,0.0625,0.666667,0.109375,1.30066,0.078125,1.23709,0.0625,0.949509,0.109375,0.827614,0.109375,1.39184,0.0625,0.533333,0.046875,0,0.125,1.96109,0.125,1.55301,0.09375,1.2647,0.046875,0.533333,0.109375,0.9933,0.09375,1.31993,0.078125,1.12663,0.0625,0.466667,0.0625,0,0.078125,0.855228,0.09375,0.855228,0.078125,0.871405,0.078125,0.666667,0.125,1.31351,0.09375,0.866667,0.046875,0.533333,0.078125,1.18186,0.140625,1.24875,0.078125,0.533333,0.078125,1.18186,0.078125,0.8,0.078125,0.466667,0.09375,1.15425,0.109375,1.60328,0.0625,0.466667,0.09375,1.23709,0.078125,0.6,0.046875,0.866667,0.078125,0.733333,0.046875,0,0.078125,1.20948,0.0625,0.533333,0.046875,0.2,0.171875,1.98619,0.125,1.55301,0.078125,0.333333,0.078125,0.866667,0.09375,0.788562,0.0625,0.8,0.0625,0.533333,0.09375,0.8,0.03125,0,0.046875,0,0.046875,0.133333,0.078125,0.866667,0.109375,1.48945,0.078125,0.466667,0.078125,0.866667,0.0625,0,0.109375,1.79521,0.078125,0.466667,0.09375,0.894281,0.078125,0.855228,0.0625,0.921895,0.0625,0.466667,0.0625,0,0.0625,0,0.109375,1.57088,0.0625,0.8,0.078125,0.733333,0.125,1.18186,0.078125,0.466667,0.078125,0.8,0.0625,0,0.09375,1.01618,0.03125,0,0.046875,0,0.046875,0.2,0.078125,0.466667,0.078125,1.03235,0.125,1.51064,0.0625,0,0.078125,0.733333,0.109375,1.34304,0.078125,0.866667,0.046875,0.866667,0.03125,0.466667,0.0625,0.466667,0.046875,0.533333,0.0625,0.666667,0.09375,1.65231,0.09375,0.988562,0.0625,0,0.046875,0.466667,0.046875,0.533333,0.09375,1.03235,0.046875,0,
17,100,2,0.046875,0.2,0.046875,0.533333,0.0625,0,0.09375,0.866667,0.0625,0,0.0625,0,0.09375,1.27304,0.09375,1.00474,0.078125,0.2,0.046875,0.4,0.109375,1.31993,0.046875,0,0.0625,0.8,0.046875,0,0.09375,0.8,0.09375,0.466667,0.0625,0.733333,0.109375,1.3347,0.109375,1.1609,0.03125,0,0.109375,1.00474,0.078125,0.733333,0.109375,1.2647,0.09375,0.965685,0.046875,0.133333,0.078125,0.988562,0.046875,0.2,0.09375,1.43422,0.125,1.59539,0.09375,1.50421,0.078125,0.6,0.078125,1.2647,0.0625,0.866667,0.078125,1.09902,0.078125,1.05997,0.046875,0,0.078125,0.533333,0.140625,1.44707,0.09375,1.51064,0.109375,0.788562,0.109375,1.09902,0.109375,1.53182,0.109375,1.57566,0.15625,1.75616,0.0625,0,0.09375,1.18186,0.0625,0,0.0625,0.866667,0.125,1.31993,0.15625,2.3609,0.078125,1.20948,0.09375,0.965685,0.09375,1.32827,0.09375,0.965685,0.09375,0.894281,0.046875,0.533333,0.09375,1.57899,0.046875,0.533333,0.078125,1.05997,0.078125,1.23709,0.09375,1.17042,0.046875,0.4,0.078125,0.921895,0.078125,0.8,0.140625,2.17086,0.03125,0,0.078125,0.6,0.0625,0.533333,0.0625,0,0.109375,1.09902,0.078125,0.2,0.078125,1.18186,0.0625,0.866667,0.046875,0.921895,0.0625,0,0.0625,0.8,0.0625,0,0.09375,1.30398,0.078125,0.733333,0.0625,0.666667,0.046875,0,0.109375,1.1609,0.109375,1.23709,0.078125,0.866667,0.09375,0.8,0.109375,1.2647,0.09375,1.5254,0.03125,0.533333,0.078125,0.666667,0.140625,2.07883,0.0625,0.855228,0.0625,0.788562,0.078125,0.733333,0.0625,0,0.03125,0,0.09375,1.30398,0.0625,0.788562,0.140625,2.02405,0.125,1.63258,0.078125,0.2,
18,100,2,0.109375,1.67163,0.140625,1.48302,0.0625,0.733333,0.0625,0.827614,0.125,1.23066,0.0625,1.20948,0.09375,0.788562,0.125,1.46826,0.046875,0,0.046875,0,0.0625,0.827614,0.078125,1.18186,0.0625,1.08758,0.078125,0.8,0.09375,1.23709,0.03125,0.333333,0.0625,1.08758,0.0625,0.666667,0.109375,1.69925,0.09375,0.894281,0.09375,0.882843,0.078125,0.866667,0.078125,0.8,0.125,1.50421,0.09375,0.666667,0.109375,1.50421,0.109375,1.02424,0.0625,0.866667,0.0625,0.8,0.03125,0.333333,0.15625,2.13938,0.078125,0.4,0.140625,1.36755,0.078125,0.533333,0.0625,0.8,0.046875,0,0.125,1.36231,0.078125,1.05997,0.078125,0.8,0.0625,0,0.078125,0.8,0.125,2.22928,0.078125,0.8,0.140625,2.21505,0.0625,0.866667,0.078125,0.466667,0.0625,0,0.109375,1.20948,0.109375,1.7059,0.078125,1.12663,0.0625,0.733333,0.0625,0.866667,0.078125,0.8,0.078125,0.8,0.078125,0.8,0.0625,0,0.078125,0.133333,0.0625,0,0.109375,1.20948,0.0625,0.666667,0.109375,1.85696,0.078125,0.133333,0.109375,0.926633,0.0625,0.733333,0.046875,0.866667,0.078125,1.23709,0.109375,1.59539,0.03125,0.333333,0.046875,0,0.046875,0.266667,0.09375,0.666667,0.046875,0,0.046875,0.266667,0.09375,0.8,0.125,1.61658,0.125,1.41945,0.109375,1.36755,0.09375,1.0714,0.0625,0,0.109375,1.32185,0.0625,0,0.046875,0,0.109375,1.17042,0.09375,0.921895,0.109375,1.58209,0.09375,1.12996,0.078125,0.933333,0.078125,0.733333,0.078125,0.4,0.09375,0.921895,0.09375,0.921895,0.125,2.02405,0.09375,1.07614,0.0625,0,0.09375,0.882843,0.0625,0,0.109375,0.8,0.078125,0.733333,0.0625,0,0.125,1.18186,
19,100,2,0.109375,1.41945,0.125,0.733333,0.046875,0.2,0.0625,0.894281,0.046875,0,0.09375,0.666667,0.109375,1.50731,0.078125,1.03235,0.109375,0.733333,0.046875,0.0666667,0.078125,0.866667,0.078125,1.0714,0.078125,0.988562,0.078125,0.733333,0.109375,0.788562,0.0625,0.8,0.078125,1.12663,0.109375,1.19804,0.046875,0.533333,0.0625,0.8,0.109375,1.15425,0.109375,0.866667,0.09375,0.333333,0.09375,1.38541,0.09375,0.333333,0.125,1.40469,0.0625,0.666667,0.078125,1.18186,0.0625,1.20948,0.046875,0.466667,0.140625,2.18357,0.09375,1.5254,0.03125,0,0.109375,0.8,0.125,0.733333,0.046875,0.466667,0.09375,0.938071,0.0625,0.733333,0.0625,0,0.125,1.51064,0.046875,0.4,0.0625,0,0.046875,0.2,0.109375,1.05997,0.078125,0.988562,0.0625,0.933333,0.09375,1.66684,0.09375,0.960948,0.125,1.48302,0.0625,0.466667,0.109375,1.70257,0.109375,1.19804,0.09375,0.666667,0.078125,0.466667,0.078125,0.827614,0.109375,0.933333,0.078125,0.333333,0.078125,0.8,0.140625,1.61781,0.0625,0,0.09375,0.827614,0.046875,0,0.078125,0.733333,0.078125,0.8,0.109375,1.48302,0.046875,0.266667,0.046875,0,0.078125,0.333333,0.09375,0.533333,0.0625,0.333333,0.09375,0.933333,0.09375,1.05997,0.09375,1.18186,0.078125,0.466667,0.09375,0.866667,0.078125,1.08758,0.09375,1.04379,0.09375,0.910457,0.109375,1.58209,0.0625,0.466667,0.015625,0.666667,0.109375,1.45541,0.078125,0.666667,0.109375,1.35589,0.046875,0,0.078125,0.133333,0.15625,2.06309,0.078125,0.827614,0.09375,1.29232,0.0625,0,0.078125,0.666667,0.046875,0,0.0625,0,0.125,1.29232,0.09375,0.533333,0.078125,1.19663,0.09375,1.69925,0.109375,1.4066,0.109375,0.733333,0.0625,0.533333,
20,100,2,0.0625,0,0.046875,0.133333,0.078125,0.8,0.078125,0.666667,0.078125,0.4,0.09375,1.18186,0.0625,0,0.078125,0.133333,0.140625,1.73497,0.125,1.16901,0.09375,0.855228,0.109375,1.0714,0.0625,0.921895,0.125,1.5742,0.078125,0.866667,0.09375,1.19663,0.046875,0,0.046875,0,0.125,1.50421,0.109375,1.53182,0.046875,0,0.109375,1.68138,0.09375,1.46826,0.109375,1.75949,0.09375,1.29232,0.046875,0,0.0625,0.949509,0.109375,0.804738,0.078125,0.4,0.0625,0.6,0.0625,0.866667,0.09375,1.41945,0.09375,1.0714,0.15625,1.87603,0.09375,0.933333,0.078125,0.977124,0.046875,0,0.09375,1.45541,0.0625,0.733333,0.09375,1.18186,0.03125,0,0.046875,0.466667,0.109375,1.62779,0.09375,1.23709,0.125,1.48945,0.109375,1.20948,0.09375,0.466667,0.0625,0,0.078125,1.29232,0.0625,0.666667,0.046875,0,0.078125,1.03235,0.109375,0.965685,0.125,1.34946,0.0625,0.827614,0.15625,1.94111,0.078125,0.866667,0.09375,1.20948,0.078125,0.466667,0.078125,1.14281,0.0625,0.8,0.0625,1.23709,0.0625,0,0.109375,1.68949,0.046875,0.0666667,0.125,1.12663,0.0625,0.666667,0.125,1.8488,0.078125,0.666667,0.0625,1.08758,0.109375,0.8,0.09375,0.466667,0.046875,0.4,0.046875,0.6,0.125,1.55301,0.0625,0.8,0.0625,0.866667,0.078125,0.988562,0.0625,0,0.09375,1.12663,0.125,1.55301,0.09375,1.41303,0.046875,0,0.109375,1.8727,0.09375,0.816176,0.140625,1.31351,0.109375,0.8,0.046875,0,0.0625,0,0.0625,0.666667,0.09375,1.72043,0.046875,0.466667,0.078125,1.28589,0.03125,0,0.046875,0.4,0.046875,0,0.09375,0.466667,0.109375,1.46826,0.078125,0.133333,0.0625,0,
21,100,2,0.09375,0.6,0.09375,1.03235,0.109375,1.15425,0.078125,0.733333,0.078125,0.965685,0.09375,0.733333,0.046875,0.333333,0.046875,0.6,0.078125,1.23709,0.0625,0.8,0.078125,0.733333,0.078125,0.8,0.109375,1.21804,0.125,1.14281,0.09375,0.6,0.046875,0.666667,0.078125,1.00474,0.0625,0,0.09375,1.15425,0.125,1.83485,0.078125,0.866667,0.09375,0.733333,0.046875,0.333333,0.0625,0,0.0625,0.866667,0.0625,0,0.078125,0.666667,0.03125,0,0.0625,0,0.140625,1.49778,0.109375,1.68138,0.046875,0.266667,0.078125,0.6,0.0625,1.08758,0.109375,1.51064,0.09375,1.24543,0.046875,0.0666667,0.078125,0.8,0.046875,0.0666667,0.046875,0.4,0.09375,0.8,0.078125,0.333333,0.09375,0.866667,0.046875,0,0.109375,1.2647,0.078125,1.68471,0.125,1.82336,0.078125,0.733333,0.078125,1.08758,0.09375,1.00474,0.125,1.7383,0.078125,0.988562,0.0625,0,0.078125,0.8,0.0625,0.733333,0.09375,1.51064,0.046875,0.333333,0.109375,1.20948,0.0625,0.8,0.09375,1.04379,0.109375,1.44064,0.078125,0.933333,0.109375,1.09902,0.125,1.50421,0.09375,1.18186,0.09375,1.1121,0.0625,0,0.09375,1.35589,0.09375,1.32185,0.0625,1.09902,0.0625,1.08758,0.109375,1.21804,0.0625,0,0.0625,0.866667,0.0625,0.8,0.09375,1.0714,0.0625,0.866667,0.0625,0.733333,0.09375,0.4,0.09375,0.4,0.0625,0,0.046875,0.666667,0.078125,0.866667,0.0625,0,0.078125,0.333333,0.09375,1.03235,0.078125,0.866667,0.09375,0.4,0.15625,1.87058,0.09375,0.949509,0.109375,1.20948,0.125,1.63112,0.078125,1.37708,0.078125,1.20948,0.109375,0.733333,0.109375,1.29232,0.046875,0,0.0625,1.15425,0.140625,2.16722,0.0625,0,
22,100,2,0.046875,0.4,0.109375,0.694281,0.078125,0.0666667,0.0625,0,0.0625,0,0.109375,1.59539,0.125,1.20948,0.0625,0,0.03125,0,0.09375,0.938071,0.109375,1.05997,0.140625,1.64898,0.109375,1.13971,0.078125,1.04379,0.078125,0.733333,0.078125,0.8,0.109375,1.14281,0.0625,1.04379,0.078125,0.6,0.109375,1.48945,0.078125,0.6,0.046875,0.4,0.078125,0.866667,0.078125,0.733333,0.09375,0.733333,0.109375,1.14281,0.0625,0.816176,0.09375,1.23709,0.078125,0.866667,0.109375,1.49778,0.125,1.57234,0.09375,1.53182,0.078125,0.933333,0.09375,0.938071,0.078125,0.733333,0.078125,0.871405,0.09375,1.34112,0.046875,0.0666667,0.0625,1.03235,0.109375,1.08758,0.0625,0,0.125,1.48302,0.078125,0.0666667,0.078125,0.133333,0.09375,1.2647,0.0625,0.8,0.09375,0.9933,0.046875,0.2,0.109375,1.23709,0.125,1.72855,0.078125,0.866667,0.09375,1.44064,0.0625,0.733333,0.078125,0.666667,0.09375,1.20948,0.0625,0.733333,0.078125,0.733333,0.078125,0.866667,0.0625,0.8,0.078125,0.8,0.109375,0.804738,0.125,1.72043,0.078125,1.12663,0.0625,0,0.046875,0,0.078125,0.333333,0.09375,1.18186,0.09375,1.11519,0.0625,0.866667,0.015625,0.6,0.078125,0.8,0.0625,0.8,0.03125,0,0.078125,1.03235,0.078125,0.6,0.03125,0,0.078125,0.894281,0.078125,0.871405,0.0625,0,0.125,1.04853,0.125,1.23709,0.078125,1.14281,0.09375,0.333333,0.0625,0.4,0.09375,0.866667,0.109375,1.37065,0.046875,0,0.125,1.29232,0.078125,0.466667,0.0625,0.466667,0.109375,1.23709,0.109375,1.29232,0.109375,1.21923,0.046875,0,0.125,1.53182,0.078125,0.6,0.03125,0,0.0625,0,0.078125,0.6,0.109375,0.933333,
23,100,2,0.0625,0.866667,0.109375,0.733333,0.09375,0.760948,0.09375,0.977124,0.125,1.48302,0.078125,1.23709,0.09375,0.666667,0.078125,0.910457,0.0625,0.666667,0.09375,1.03235,0.109375,1.53182,0.125,1.15425,0.109375,0.721895,0.09375,1.08758,0.125,1.34304,0.109375,0.788562,0.078125,0.866667,0.03125,0.466667,0.125,1.31993,0.125,1.71068,0.0625,0.6,0.078125,0.133333,0.09375,0.8,0.140625,1.99257,0.078125,0.8,0.125,1.29232,0.109375,1.0714,0.078125,0.333333,0.0625,0.666667,0.125,1.86667,0.078125,0.894281,0.125,0.6,0.0625,0.6,0.125,1.43422,0.09375,0.266667,0.09375,1.18186,0.0625,0.8,0.09375,1.39516,0.109375,1.37065,0.109375,1.09902,0.109375,1.20305,0.078125,0.866667,0.109375,1.2647,0.09375,0.266667,0.0625,0.666667,0.125,1.05997,0.078125,0.333333,0.046875,0,0.109375,1.28589,0.0625,0,0.078125,1.25185,0.125,1.55301,0.078125,0.733333,0.0625,0,0.09375,1.30066,0.09375,0.133333,0.109375,0.733333,0.0625,0,0.078125,0.882843,0.125,1.15425,0.09375,0.133333,0.125,0.6,0.109375,1.3347,0.109375,1.12495,0.078125,0.8,0.078125,0.666667,0.109375,1.23709,0.046875,0,0.09375,1.17042,0.0625,0,0.09375,0.733333,0.078125,1.20948,0.046875,0,0.078125,1.09902,0.03125,0.333333,0.0625,0.8,0.09375,0.9933,0.046875,0.866667,0.109375,0.733333,0.09375,0.949509,0.078125,0.6,0.09375,1.0714,0.046875,0,0.09375,0.133333,0.0625,0,0.09375,0.266667,0.109375,2.02192,0.109375,0.866667,0.109375,1.08758,0.09375,0.266667,0.125,1.29756,0.0625,0,0.15625,1.8391,0.078125,0.866667,0.09375,0.666667,0.09375,1.25518,0.046875,0,0.0625,0,0.0625,0,0.09375,0.988562,
24,100,2,0.0625,0,0.109375,1.23709,0.0625,0.666667,0.109375,0.977124,0.046875,0,0.03125,0,0.078125,0.921895,0.078125,0.866667,0.046875,0.333333,0.0625,0.866667,0.03125,0.266667,0.109375,0.866667,0.046875,0,0.078125,0.733333,0.09375,1.48302,0.125,1.46826,0.125,1.40469,0.0625,1.00474,0.125,0.981861,0.09375,0.8,0.03125,0,0.0625,0.8,0.0625,0,0.0625,0,0.046875,0.133333,0.078125,1.09902,0.078125,0.866667,0.09375,1.46994,0.0625,0.8,0.109375,1.44707,0.109375,1.20948,0.046875,0.4,0.09375,0.8,0.09375,0.733333,0.0625,0.666667,0.125,1.41945,0.078125,1.0714,0.09375,1.23709,0.109375,1.20948,0.125,1.50421,0.0625,0,0.0625,0.733333,0.109375,1.68471,0.0625,0.733333,0.125,1.12663,0.0625,0.733333,0.0625,0.733333,0.09375,1.37708,0.078125,0.733333,0.140625,1.68949,0.09375,0.8,0.046875,0,0.046875,0.666667,0.046875,0.733333,0.125,0.981861,0.0625,0.733333,0.125,1.46183,0.109375,1.15425,0.046875,0.133333,0.0625,1.37065,0.09375,1.50421,0.125,1.14281,0.078125,0.733333,0.125,1.61472,0.09375,0.933333,0.0625,0,0.0625,0,0.078125,0.733333,0.078125,0.8,0.109375,1.29232,0.09375,0.466667,0.109375,1.30708,0.109375,1.20948,0.046875,0.733333,0.109375,1.23709,0.046875,0.333333,0.078125,0.0666667,0.09375,1.37708,0.0625,1.12663,0.109375,0.655228,0.09375,0.133333,0.078125,1.17042,0.09375,0.894281,0.078125,0.733333,0.125,0.981861,0.109375,1.53182,0.0625,0,0.09375,0.866667,0.078125,0.133333,0.125,0.666667,0.03125,0,0.03125,0,0.046875,0,0.140625,0.965685,0.09375,0.871405,0.078125,0.733333,0.078125,0.788562,0.09375,0.666667,0.078125,0.533333,0.078125,1.17042,
25,100,2,0.046875,0,0.125,0.965685,0.09375,1.0714,0.0625,0,0.09375,0.0666667,0.0625,0.6,0.03125,0.133333,0.09375,0.871405,0.078125,1.15425,0.0625,0,0.0625,0.333333,0.0625,0.8,0.125,1.55301,0.0625,0.882843,0.09375,1.37065,0.125,1.83094,0.09375,0.899019,0.109375,1.39516,0.09375,1.01618,0.078125,0.871405,0.078125,0.9933,0.109375,1.32185,0.125,1.53182,0.09375,1.34112,0.09375,1.2647,0.09375,1.23709,0.0625,0.333333,0.03125,0.133333,0.0625,0.466667,0.09375,0.827614,0.078125,0.666667,0.09375,1.15425,0.09375,0.733333,0.078125,0.666667,0.078125,0.666667,0.125,1.32827,0.0625,0.8,0.0625,0.6,0.125,1.4066,0.078125,0.533333,0.125,0.954247,0.0625,0,0.09375,1.23709,0.078125,0.333333,0.078125,0.8,0.046875,0.333333,0.0625,0,0.109375,0.682843,0.109375,1.3835,0.078125,0.866667,0.109375,1.2647,0.078125,0.9933,0.125,1.70736,0.140625,1.68471,0.09375,1.23399,0.125,1.55301,0.046875,0,0.046875,0.333333,0.0625,0.8,0.078125,0.866667,0.078125,0.866667,0.0625,0,0.078125,0.0666667,0.0625,0,0.078125,0.866667,0.125,1.5742,0.0625,0.8,0.078125,0.8,0.140625,1.75616,0.0625,0.8,0.078125,0.533333,0.0625,0.827614,0.09375,0.84379,0.09375,0.910457,0.078125,0.866667,0.078125,0.9933,0.078125,0.8,0.0625,0.866667,0.0625,0,0.09375,0.666667,0.078125,0.0666667,0.125,1.17042,0.09375,1.20948,0.109375,1.0714,0.0625,0.533333,0.09375,1.2616,0.125,1.93898,0.109375,0.855228,0.125,1.23066,0.03125,0,0.09375,0.866667,0.078125,0.666667,0.046875,0.133333,0.125,1.62137,0.078125,1.20948,0.078125,0.666667,0.078125,0.666667,0.09375,1.2647,0.09375,1.01618,0.0625,0,
26,100,2,0.078125,0.8,0.078125,0.8,0.0625,0.666667,0.109375,0.837365,0.046875,0,0.0625,0,0.109375,1.2647,0.140625,1.61658,0.109375,1.40469,0.140625,1.79189,0.078125,0.977124,0.15625,2.33738,0.0625,0.733333,0.046875,0.133333,0.046875,0.333333,0.109375,1.46183,0.09375,1.29232,0.109375,0.682843,0.0625,0.866667,0.0625,0.733333,0.109375,1.59539,0.09375,1.18186,0.109375,1.2647,0.078125,0.533333,0.0625,0.866667,0.078125,1.03235,0.125,1.40469,0.09375,0.8,0.125,1.48302,0.078125,0.666667,0.09375,1.12663,0.0625,0.882843,0.078125,0.8,0.03125,0.466667,0.109375,0.627614,0.09375,0.733333,0.109375,1.23709,0.109375,1.11519,0.078125,0.533333,0.125,0.887581,0.109375,1.18186,0.109375,1.51064,0.0625,0,0.109375,0.733333,0.078125,0.882843,0.046875,0,0.140625,1.28279,0.09375,1.31993,0.140625,1.0421,0.109375,1.80777,0.09375,1.05997,0.046875,0.133333,0.0625,0.733333,0.078125,1.08758,0.0625,0.733333,0.046875,0,0.109375,1.03235,0.046875,0.533333,0.109375,0.733333,0.09375,1.29232,0.09375,1.34636,0.078125,0.266667,0.09375,0.666667,0.09375,1.05997,0.078125,0,0.125,1.07614,0.0625,0.666667,0.09375,1.48945,0.09375,1.28279,0.09375,1.00474,0.125,1.39826,0.0625,0.733333,0.15625,1.74162,0.078125,0.8,0.078125,0.666667,0.03125,0,0.09375,0.933333,0.09375,0.777124,0.078125,0.533333,0.09375,0.733333,0.09375,0.0666667,0.125,2.02405,0.0625,0,0.078125,0.977124,0.078125,0.666667,0.0625,0.666667,0.09375,1.29232,0.078125,0.8,0.0625,0,0.046875,0,0.140625,1.28279,0.09375,1.30708,0.09375,1.23709,0.125,1.39184,0.09375,0.855228,0.09375,1.55301,0.09375,1.58231,0.109375,0.965685,0.03125,0,0.09375,1.46183,
27,100,2,0.09375,0.933333,0.0625,0.4,0.09375,1.18186,0.0625,0.8,0.09375,0.4,0.0625,0.666667,0.125,1.2647,0.125,1.15425,0.0625,0.866667,0.078125,0.333333,0.046875,0.0666667,0.09375,1.37065,0.078125,1.44064,0.03125,0,0.046875,0.0666667,0.0625,0.466667,0.09375,0.666667,0.109375,1.23066,0.078125,0.533333,0.046875,0.6,0.078125,1.18186,0.0625,0,0.078125,0.733333,0.0625,0.788562,0.09375,0.733333,0.078125,1.04379,0.09375,1.01618,0.109375,1.11519,0.09375,0.666667,0.0625,0.533333,0.0625,0.8,0.125,0.666667,0.09375,0.933333,0.109375,1.05997,0.09375,0.866667,0.140625,0.871405,0.078125,1.12663,0.078125,0.466667,0.109375,1.48945,0.0625,0.533333,0.140625,1.28781,0.078125,0.949509,0.0625,0,0.09375,0.8,0.078125,1.09902,0.046875,0,0.0625,0.533333,0.0625,0.533333,0.109375,1.37065,0.109375,1.5742,0.046875,0,0.140625,1.2647,0.0625,0,0.125,1.31041,0.046875,0.0666667,0.109375,1.42779,0.078125,0.733333,0.0625,0.733333,0.109375,1.25828,0.109375,1.23709,0.078125,0.910457,0.109375,0.84379,0.125,1.52207,0.09375,1.37708,0.09375,0.666667,0.09375,0.8,0.09375,1.18186,0.0625,0.666667,0.0625,0.882843,0.078125,0.4,0.1875,2.11243,0.03125,0.133333,0.125,1.46183,0.078125,0.733333,0.125,1.73497,0.078125,0.933333,0.109375,1.19804,0.0625,1.40469,0.109375,1.18186,0.125,1.41945,0.15625,1.97258,0.0625,0.8,0.0625,0.533333,0.09375,0.4,0.09375,0.933333,0.0625,0.666667,0.078125,0.533333,0.09375,0.866667,0.09375,1.08758,0.09375,1.03235,0.0625,0,0.09375,0.733333,0.109375,0.627614,0.09375,1.18186,0.0625,0.8,0.0625,0,0.078125,0.466667,0.109375,0.938071,0.109375,1.18186,0.078125,0.0666667,
28,100,2,0.203125,2.41703,0.109375,0.866667,0.0625,0,0.046875,0,0.125,1.55301,0.140625,1.45541,0.09375,0.466667,0.09375,0.666667,0.046875,0.333333,0.09375,0.8,0.046875,0.866667,0.046875,0,0.078125,0.666667,0.078125,0.133333,0.09375,0.733333,0.046875,0.333333,0.046875,0.4,0.109375,0.8,0.125,0.666667,0.0625,0.733333,0.078125,1.18186,0.125,1.46183,0.125,1.20948,0.0625,0.733333,0.109375,1.14281,0.0625,0.933333,0.046875,0.666667,0.109375,0.666667,0.0625,0.733333,0.109375,1.37708,0.09375,0.827614,0.0625,0,0.078125,0.533333,0.09375,1.00474,0.09375,1.25185,0.125,1.87444,0.078125,0.6,0.0625,0,0.109375,1.58541,0.109375,1.20948,0.078125,0.133333,0.078125,0.666667,0.125,1.66684,0.09375,1.03235,0.0625,0.733333,0.046875,0.6,0.078125,0.733333,0.125,1.20948,0.078125,0.6,0.078125,0.466667,0.078125,0.788562,0.0625,0,0.046875,0.0666667,0.09375,0.866667,0.09375,1.04853,0.078125,0.866667,0.078125,0.466667,0.0625,0,0.09375,0.0666667,0.078125,0.733333,0.078125,0.133333,0.09375,1.18186,0.125,1.37708,0.078125,0.6,0.0625,0,0.0625,0,0.109375,0.871405,0.109375,1.00474,0.125,1.55301,0.140625,1.51064,0.109375,1.46826,0.109375,1.08758,0.0625,0.8,0.09375,0.533333,0.125,1.39184,0.125,1.3347,0.078125,0.266667,0.109375,1.15425,0.09375,0.666667,0.109375,0.8,0.03125,0,0.109375,1.2647,0.109375,1.48302,0.078125,1.05997,0.078125,1.11519,0.09375,0.8,0.078125,0,0.140625,1.83094,0.109375,0.933333,0.078125,0.533333,0.09375,0.533333,0.15625,1.7383,0.09375,0.666667,0.125,1.48302,0.078125,0.733333,0.125,1.44707,0.078125,0.866667,0.078125,0.666667,0.0625,0.6,0.0625,0.333333,
29,100,2,0.078125,1.01618,0.109375,0.666667,0.09375,0.533333,0.078125,0.977124,0.09375,0.749509,0.078125,0.866667,0.125,1.08758,0.0625,0.466667,0.078125,0.666667,0.046875,0,0.078125,0.4,0.109375,1.12663,0.0625,0.827614,0.140625,1.5742,0.0625,0,0.0625,1.09902,0.109375,1.23709,0.0625,0,0.03125,0.0666667,0.078125,0.533333,0.09375,0.866667,0.078125,0.533333,0.078125,0.866667,0.09375,1.12663,0.0625,0,0.046875,0.0666667,0.109375,1.09902,0.078125,1.12663,0.0625,0.466667,0.109375,1.14281,0.109375,1.42588,0.078125,0.894281,0.046875,0.266667,0.0625,0.8,0.078125,0.977124,0.0625,0,0.0625,0.466667,0.09375,1.08758,0.125,1.46826,0.09375,0.533333,0.09375,1.14281,0.046875,0,0.078125,1.17042,0.109375,1.43422,0.0625,0.8,0.078125,0.0666667,0.078125,0.666667,0.0625,0.666667,0.09375,0.8,0.09375,1.37065,0.109375,1.0714,0.0625,0.666667,0.140625,1.36422,0.140625,1.68803,0.0625,0.8,0.109375,1.09902,0.0625,0.666667,0.0625,0,0.0625,0,0.125,1.83094,0.078125,1.15425,0.0625,0,0.078125,0.266667,0.109375,0.666667,0.125,1.28589,0.078125,0.666667,0.109375,0.733333,0.09375,0.0666667,0.109375,1.23709,0.046875,0.6,0.109375,1.23709,0.078125,0.933333,0.0625,0.666667,0.109375,1.15425,0.078125,0.666667,0.078125,0.666667,0.09375,1.41945,0.09375,1.04853,0.078125,0.666667,0.078125,0.733333,0.078125,0.721895,0.046875,0.6,0.078125,1.03235,0.109375,1.12663,0.09375,0.6,0.109375,0.8,0.125,1.77735,0.0625,1.09902,0.078125,0.788562,0.109375,0.866667,0.09375,1.46183,0.046875,0,0.03125,0.466667,0.09375,0.8,0.09375,1.04853,0.09375,1.30708,0.09375,0.666667,0.0625,0,0.046875,0,0.078125,0.4,
30,100,2,0.125,1.17544,0.078125,0.266667,0.09375,0.6,0.09375,1.01618,0.09375,1.29232,0.109375,0.6,0.0625,0.8,0.09375,1.20948,0.125,0.710457,0.0625,0.8,0.125,0.6,0.09375,0.954247,0.0625,0,0.078125,0.333333,0.125,1.82549,0.0625,0.4,0.09375,0.466667,0.09375,0.733333,0.109375,0.6,0.0625,0.333333,0.109375,0.855228,0.109375,1.05997,0.09375,0.788562,0.09375,0.666667,0.078125,0.333333,0.09375,1.12663,0.03125,0.0666667,0.078125,0.6,0.109375,1.03235,0.078125,0.733333,0.109375,1.23066,0.109375,1.15425,0.125,0.6,0.0625,0.6,0.09375,0.933333,0.078125,1.23709,0.046875,0.466667,0.078125,0.855228,0.1875,1.83094,0.109375,0.6,0.09375,0.6,0.125,1.53182,0.078125,0.6,0.09375,0.933333,0.078125,1.15425,0.125,0.960948,0.09375,0.666667,0.078125,0.333333,0.109375,0.899019,0.125,1.36755,0.0625,0.6,0.109375,0.899019,0.078125,0.266667,0.140625,1.23066,0.078125,0.894281,0.078125,1.12663,0.0625,0,0.078125,0.333333,0.09375,0.866667,0.03125,0,0.109375,0.533333,0.109375,0.6,0.0625,0.666667,0.078125,0,0.09375,0.977124,0.078125,0.333333,0.09375,0.733333,0.0625,0,0.125,1.75071,0.03125,0,0.078125,0.8,0.09375,1.2647,0.109375,1.19804,0.109375,0.933333,0.109375,1.2647,0.0625,0,0.0625,0.666667,0.046875,0.466667,0.109375,1.11519,0.09375,0.666667,0.078125,0.266667,0.125,1.71711,0.109375,1.20305,0.109375,1.18186,0.09375,0.866667,0.09375,0.866667,0.09375,1.23709,0.09375,1.24543,0.09375,0.733333,0.0625,0.4,0.078125,0.666667,0.09375,0.6,0.046875,0,0.125,1.15425,0.109375,0.733333,0.078125,0.6,0.109375,1.23709,0.109375,1.12663,0.046875,0.333333,0.125,1.24042,
31,100,2,0.09375,1.04379,0.109375,1.11519,0.078125,0.910457,0.078125,0.466667,0.09375,1.38541,0.0625,0,0.046875,0.0666667,0.078125,1.15425,0.125,0.466667,0.109375,1.28589,0.109375,0.921895,0.0625,0.333333,0.109375,1.04853,0.09375,1.08758,0.109375,1.2128,0.109375,1.09902,0.078125,0.533333,0.109375,0.533333,0.0625,0.733333,0.109375,1.2128,0.109375,1.38541,0.0625,0.333333,0.078125,1.20948,0.078125,0.666667,0.125,1.29232,0.078125,0.0666667,0.171875,2.02192,0.109375,1.04853,0.09375,0.666667,0.03125,0,0.125,1.41945,0.09375,1.01618,0.09375,1.19804,0.09375,0.6,0.0625,0.8,0.09375,0.666667,0.09375,1.2647,0.109375,1.12663,0.09375,0.921895,0.09375,0,0.046875,0.533333,0.09375,0.666667,0.046875,0.466667,0.078125,0.8,0.125,1.0714,0.0625,0.266667,0.09375,0.733333,0.078125,0.6,0.09375,0.666667,0.125,1.74162,0.046875,0.466667,0.109375,1.04379,0.125,1.48302,0.0625,0,0.09375,0.666667,0.09375,0.466667,0.046875,0,0.078125,0,0.078125,0.666667,0.078125,0.266667,0.0625,0.8,0.09375,1.0714,0.109375,0.733333,0.09375,1.20948,0.078125,1.42588,0.0625,0,0.03125,0,0.078125,0.894281,0.125,0.466667,0.0625,0.733333,0.078125,0.6,0.09375,1.04379,0.09375,0,0.15625,1.59207,0.09375,0.866667,0.09375,0.866667,0.109375,1.37708,0.140625,1.98832,0.046875,0,0.109375,0.533333,0.09375,0.8,0.078125,0.533333,0.0625,0.6,0.125,1.46183,0.0625,0,0.078125,0.4,0.09375,0,0.171875,1.97258,0.109375,1.12663,0.078125,0.533333,0.109375,0.733333,0.0625,0.266667,0.078125,0.933333,0.078125,0.866667,0.09375,0.6,0.078125,0.733333,0.03125,0,0.0625,0.8,0.09375,0.866667,0.078125,0.266667,
32,100,2,0.125,0.466667,0.03125,0,0.09375,1.12663,0.125,0.694281,0.078125,0.8,0.0625,0.733333,0.109375,1.14281,0.125,1.09902,0.109375,0.666667,0.0625,0.533333,0.109375,0.666667,0.109375,1.43422,0.109375,0.6,0.09375,0.760948,0.09375,0,0.078125,0,0.078125,1.18186,0.09375,0.694281,0.078125,0.6,0.09375,0,0.140625,1.0714,0.09375,0.466667,0.078125,1.23709,0.078125,0.333333,0.125,0.9933,0.03125,0,0.09375,1.18186,0.078125,1.15425,0.09375,1.29232,0.0625,0.8,0.109375,0.533333,0.0625,0.733333,0.109375,1.18186,0.0625,0.866667,0.078125,0.894281,0.046875,0,0.0625,0,0.09375,0.6,0.078125,0.133333,0.078125,0.333333,0.125,1.51064,0.078125,1.12663,0.125,1.29423,0.140625,1.68471,0.078125,0.266667,0.0625,0.8,0.0625,0.333333,0.125,1.29232,0.125,1.59539,0.09375,1.18186,0.0625,0.533333,0.078125,0.266667,0.078125,0.8,0.0625,0.133333,0.109375,0.855228,0.046875,0.333333,0.046875,0.8,0.078125,0.333333,0.0625,0.133333,0.046875,0.133333,0.078125,0.666667,0.078125,0.333333,0.109375,0.894281,0.09375,0.933333,0.046875,0,0.0625,0.733333,0.109375,0.666667,0.15625,1.79521,0.140625,1.53182,0.09375,0.8,0.046875,0.133333,0.125,1.53182,0.109375,0.6,0.078125,0,0.125,0.827614,0.109375,0.666667,0.09375,0.733333,0.078125,0.733333,0.140625,0.666667,0.09375,1.46826,0.0625,0,0.125,1.67806,0.125,1.04379,0.0625,0,0.078125,0.666667,0.109375,0.866667,0.046875,0.133333,0.078125,1.2128,0.109375,0.733333,0.078125,0.733333,0.125,0.827614,0.09375,0.533333,0.109375,1.48945,0.09375,0.666667,0.0625,0,0.0625,0.8,0.078125,0.133333,0.078125,0.133333,0.09375,0.866667,0.109375,0.816176,
33,100,2,0.125,0.2,0.125,0.533333,0.078125,0.827614,0.09375,1.14281,0.09375,0.933333,0.109375,1.29232,0.078125,0.2,0.109375,0.333333,0.0625,0.6,0.140625,1.71175,0.109375,0.988562,0.109375,0.333333,0.078125,1.3347,0.09375,0.733333,0.109375,1.48302,0.046875,0.4,0.0625,0,0.09375,0.4,0.125,1.23709,0.125,0.533333,0.09375,0.866667,0.078125,0.2,0.109375,1.12663,0.0625,0,0.09375,0.266667,0.09375,1.2647,0.09375,0.266667,0.109375,0.6,0.0625,0.6,0.09375,0.866667,0.140625,1.15425,0.078125,0.6,0.046875,0.8,0.109375,1.40469,0.125,0.2,0.0625,1.0714,0.0625,0.8,0.109375,0.910457,0.046875,0,0.078125,0.533333,0.109375,0.533333,0.109375,0.882843,0.09375,0.866667,0.046875,0,0.125,0.866667,0.125,0.2,0.09375,1.20948,0.078125,0.733333,0.09375,0.894281,0.078125,1.12663,0.046875,0,0.09375,0.882843,0.046875,0,0.125,0.899019,0.09375,1.2647,0.109375,0.6,0.109375,0.333333,0.078125,1.0714,0.0625,0,0.125,1.19663,0.109375,0.6,0.09375,0.8,0.0625,0.8,0.0625,0,0.09375,0.4,0.109375,0.533333,0.125,0.2,0.09375,0.4,0.09375,0.733333,0.109375,0.666667,0.078125,0,0.0625,0,0.109375,0.866667,0.09375,0.4,0.0625,0,0.109375,1.03235,0.125,0.977124,0.0625,0.666667,0.078125,0.266667,0.046875,0,0.140625,1.86667,0.125,1.08116,0.078125,0.921895,0.078125,0.8,0.109375,1.09902,0.09375,0,0.09375,0.4,0.03125,0,0.09375,0.8,0.125,1.23709,0.078125,0.866667,0.109375,1.15425,0.078125,0.2,0.09375,0.266667,0.078125,0.333333,0.0625,0,0.046875,0.466667,0.109375,0.333333,0.0625,0.6,0.109375,1.0714,
34,100,2,0.109375,1.34304,0.09375,0.8,0.09375,0.866667,0.09375,0.866667,0.09375,0.266667,0.109375,1.18186,0.0625,0,0.109375,0.133333,0.109375,0.899019,0.125,1.20948,0.078125,0,0.09375,0.2,0.109375,0.933333,0.0625,0,0.078125,0.466667,0.09375,0.2,0.109375,1.32827,0.078125,0,0.078125,0.666667,0.109375,1.17544,0.109375,0.533333,0.109375,0.988562,0.09375,0.266667,0.046875,0.266667,0.0625,0,0.09375,0.866667,0.125,1.53182,0.109375,0.760948,0.078125,0.4,0.0625,0.666667,0.078125,1.09902,0.078125,0.266667,0.109375,0.133333,0.078125,0.466667,0.078125,0.8,0.125,1.18186,0.09375,0.2,0.109375,0.988562,0.078125,0.4,0.109375,1.12663,0.078125,0.266667,0.0625,0,0.078125,1.2647,0.078125,0.866667,0.0625,0,0.03125,0,0.125,0.2,0.125,0.466667,0.109375,0.866667,0.109375,1.09902,0.125,1.23709,0.09375,0.855228,0.078125,1.12663,0.078125,0,0.0625,0.533333,0.09375,0.866667,0.078125,0,0.09375,0,0.125,0.866667,0.078125,0.4,0.15625,1.83094,0.046875,0.266667,0.171875,1.66684,0.125,0.494281,0.109375,0.533333,0.0625,0,0.09375,0.8,0.0625,0,0.125,1.29423,0.0625,0.533333,0.140625,1.7383,0.109375,1.17042,0.078125,0,0.140625,1.25185,0.09375,0.6,0.09375,1.00474,0.078125,0.266667,0.09375,0.2,0.125,1.48302,0.09375,1.11519,0.109375,0.949509,0.109375,0.6,0.125,0.494281,0.0625,0.733333,0.046875,0.333333,0.078125,0.266667,0.09375,0.533333,0.078125,0.666667,0.109375,0.133333,0.109375,0.733333,0.125,0.2,0.140625,1.49446,0.109375,1.15425,0.09375,0.2,0.09375,0.866667,0.0625,0.8,0.125,0.2,0.078125,0.266667,0.09375,0.2,0.078125,0.666667,
35,100,2,0.078125,0,0.078125,0.8,0.109375,0.6,0.109375,0.333333,0.078125,0.266667,0.09375,0.8,0.109375,0.9933,0.109375,1.23709,0.125,1.20948,0.078125,0.266667,0.109375,0.866667,0.078125,0.8,0.0625,0.733333,0.0625,0,0.09375,0.8,0.09375,0.8,0.078125,0.965685,0.109375,0.333333,0.0625,0.533333,0.078125,0.788562,0.015625,0.6,0.078125,1.14281,0.0625,0.733333,0.125,0.333333,0.109375,1.03235,0.109375,1.53182,0.09375,0.910457,0.125,1.41635,0.109375,0.6,0.078125,0.8,0.109375,1.63112,0.046875,0,0.0625,0,0.078125,0.0666667,0.109375,0.333333,0.109375,0.666667,0.125,0.494281,0.09375,0.533333,0.09375,0.8,0.0625,0,0.046875,0.133333,0.0625,0,0.0625,0,0.125,0.133333,0.125,0.933333,0.125,0.133333,0.046875,0.133333,0.078125,1.01618,0.078125,0,0.109375,0.8,0.0625,0.4,0.046875,0,0.109375,0.933333,0.09375,0.133333,0.125,1.08758,0.125,1.11519,0.09375,0.133333,0.078125,0.266667,0.140625,1.64898,0.078125,0.965685,0.09375,0.133333,0.09375,1.3347,0.09375,0.266667,0.078125,0.6,0.109375,0.8,0.109375,1.12663,0.078125,0.960948,0.109375,0.6,0.125,1.75949,0.125,1.41945,0.0625,0,0.109375,0.855228,0.0625,0,0.0625,0,0.125,0.333333,0.09375,0.977124,0.09375,0.533333,0.09375,1.00474,0.09375,0.8,0.078125,0.977124,0.09375,0.949509,0.125,0.866667,0.09375,0.133333,0.09375,1.02091,0.046875,0.266667,0.078125,0.0666667,0.078125,0.6,0.109375,1.18186,0.09375,0.266667,0.140625,1.02091,0.046875,0.733333,0.0625,0.8,0.125,1.55301,0.125,0.133333,0.09375,0.533333,0.0625,0.533333,0.09375,0.988562,0.109375,0.960948,0.125,1.00474,0.078125,0.6,
36,100,2,0.09375,0.8,0.09375,0.910457,0.109375,1.59995,0.09375,0,0.09375,1.12663,0.125,0.988562,0.046875,0.4,0.078125,0,0.09375,0.2,0.125,1.32827,0.09375,0,0.09375,0.977124,0.078125,0.0666667,0.0625,0,0.125,0.9933,0.078125,0.2,0.09375,0.666667,0.046875,0,0.0625,0.533333,0.09375,0.466667,0.109375,1.05997,0.09375,0.733333,0.109375,0.938071,0.078125,0.466667,0.109375,1.2647,0.078125,0.666667,0.140625,1.57088,0.109375,1.05997,0.09375,0.6,0.09375,0.466667,0.109375,0.533333,0.078125,0,0.109375,0.816176,0.125,0.866667,0.078125,0.2,0.046875,0,0.09375,0,0.125,0.8,0.078125,0.882843,0.078125,0.733333,0.09375,0.2,0.078125,0.533333,0.09375,0.84379,0.078125,0.8,0.078125,0.0666667,0.109375,1.41945,0.09375,0.466667,0.125,1.44707,0.09375,0,0.09375,0.977124,0.09375,0.988562,0.09375,0,0.140625,0.899019,0.109375,0.627614,0.078125,0.133333,0.109375,0.2,0.125,1.08116,0.140625,1.5742,0.078125,0.466667,0.09375,0,0.140625,0.666667,0.078125,0.133333,0.0625,0,0.109375,0.733333,0.0625,0,0.09375,0.933333,0.078125,0.533333,0.09375,0.2,0.078125,0.266667,0.09375,0,0.078125,1.00474,0.109375,0.533333,0.109375,0.627614,0.046875,0.4,0.109375,0.533333,0.09375,0.733333,0.0625,0.6,0.0625,0,0.0625,0,0.078125,0.8,0.09375,0.733333,0.078125,0,0.0625,0,0.0625,0,0.0625,0,0.125,1.5254,0.09375,1.18186,0.078125,0.855228,0.09375,0.466667,0.109375,1.15425,0.125,0.4,0.109375,0.466667,0.078125,0.0666667,0.09375,0.466667,0.078125,0.2,0.078125,0.133333,0.109375,1.20948,0.109375,1.18186,0.109375,0.832352,0.109375,0.733333,
37,100,2,0.09375,0.466667,0.046875,0,0.078125,0.466667,0.109375,0.333333,0.078125,0.866667,0.0625,0,0.046875,0,0.109375,1.39184,0.046875,0,0.09375,0.733333,0.046875,0.933333,0.09375,1.15425,0.078125,0.0666667,0.078125,0.533333,0.140625,1.8488,0.109375,1.34946,0.078125,0.0666667,0.078125,0.466667,0.0625,0,0.109375,0.965685,0.15625,1.44707,0.09375,1.13137,0.09375,0.466667,0.109375,0.733333,0.09375,0,0.0625,0,0.078125,0.0666667,0.0625,0.733333,0.09375,0.466667,0.109375,0.533333,0.109375,1.25828,0.078125,0.733333,0.078125,0.866667,0.078125,0.533333,0.09375,0.8,0.09375,1.29232,0.109375,1.12663,0.078125,0,0.125,0,0.046875,0,0.125,0.788562,0.1875,2.00831,0.078125,0.2,0.09375,0.827614,0.078125,0.533333,0.09375,0.266667,0.046875,0,0.125,1.43422,0.125,0.4,0.09375,0,0.078125,0,0.046875,0,0.046875,0.133333,0.125,0.866667,0.109375,0.2,0.078125,0.533333,0.09375,1.19804,0.09375,1.46183,0.078125,0.0666667,0.109375,0.733333,0.09375,0,0.109375,0.333333,0.109375,0.666667,0.09375,0,0.109375,1.20948,0.078125,0,0.109375,0.333333,0.125,0,0.09375,0.6,0.078125,0,0.09375,0.733333,0.125,0,0.109375,1.2647,0.171875,1.61658,0.046875,0,0.0625,0.733333,0.125,0,0.0625,0,0.09375,0.8,0.0625,0,0.078125,0.533333,0.09375,0.866667,0.078125,0,0.078125,0.0666667,0.109375,0.84379,0.09375,0.733333,0.078125,0.466667,0.09375,0.466667,0.0625,0.733333,0.09375,0,0.078125,0.933333,0.109375,0.333333,0.09375,0.8,0.078125,0,0.09375,0.933333,0.125,1.5254,0.109375,1.2647,0.125,0,0.09375,0,0.109375,0.988562,
38,100,2,0.078125,0.4,0.03125,0,0.09375,0.0666667,0.09375,0.8,0.109375,0.2,0.140625,1.11519,0.09375,0.882843,0.09375,0,0.09375,0.9933,0.09375,0,0.09375,0,0.0625,0.466667,0.09375,0.666667,0.078125,0.533333,0.09375,0,0.125,0,0.046875,0,0.0625,0.533333,0.09375,0.533333,0.125,0.333333,0.109375,0.6,0.0625,0,0.078125,0.533333,0.125,1.55301,0.046875,0.133333,0.109375,0.733333,0.109375,0.733333,0.09375,0.882843,0.09375,0,0.0625,0.266667,0.109375,0.333333,0.0625,0,0.0625,0.8,0.109375,1.15425,0.125,0.866667,0.125,0.333333,0.109375,0.733333,0.109375,0.894281,0.03125,0,0.09375,0,0.0625,0,0.078125,0,0.0625,0.533333,0.0625,0,0.078125,0,0.0625,0.8,0.078125,0,0.046875,0,0.0625,0,0.078125,0.733333,0.0625,0.733333,0.09375,0,0.109375,0.965685,0.078125,0.2,0.109375,1.18186,0.09375,0.666667,0.078125,0.133333,0.109375,0.333333,0.09375,0.866667,0.078125,0.2,0.09375,0,0.078125,0.733333,0.09375,0.6,0.078125,0.0666667,0.09375,0.666667,0.0625,0.666667,0.09375,0,0.046875,0,0.09375,0.8,0.140625,1.14281,0.0625,0,0.125,0.333333,0.0625,0.533333,0.125,0,0.0625,0,0.0625,0,0.109375,0.866667,0.125,1.00474,0.09375,1.15425,0.0625,0,0.125,1.51064,0.078125,0.133333,0.09375,0.666667,0.09375,0.8,0.078125,0.533333,0.078125,1.20948,0.109375,1.01618,0.0625,0,0.078125,0.827614,0.125,0,0.09375,0,0.078125,0,0.125,1.56113,0.09375,0.6,0.0625,0,0.109375,0.533333,0.09375,0,0.046875,0.866667,0.109375,0.533333,0.078125,0.533333,
39,100,2,0.046875,0,0.109375,1.23709,0.09375,0.733333,0.109375,0.733333,0.109375,0.827614,0.078125,0.2,0.09375,0.6,0.078125,0.6,0.09375,0,0.09375,0.6,0.09375,0.933333,0.109375,0.8,0.140625,1.2647,0.125,0.266667,0.09375,0,0.078125,1.15425,0.125,1.46183,0.125,1.00474,0.09375,0,0.109375,1.18186,0.109375,1.29756,0.078125,0.8,0.109375,0.8,0.109375,0.4,0.109375,0.8,0.03125,0,0.078125,0.133333,0.0625,0,0.09375,0.8,0.078125,0.6,0.0625,0,0.078125,0.733333,0.09375,0.4,0.0625,0,0.09375,0.866667,0.125,1.0714,0.15625,1.77402,0.125,0.899019,0.078125,0,0.125,0.882843,0.109375,0.933333,0.09375,0,0.09375,0.8,0.0625,0.988562,0.109375,0.827614,0.109375,1.15425,0.078125,0,0.0625,0,0.125,0.760948,0.078125,0.333333,0.09375,0,0.0625,0,0.09375,0.8,0.109375,0.133333,0.09375,0.733333,0.09375,0.733333,0.109375,1.48302,0.078125,0,0.09375,0,0.046875,0.866667,0.125,0.882843,0.109375,0.8,0.125,0.733333,0.03125,0,0.09375,1.05997,0.09375,0.866667,0.109375,0.733333,0.125,1.14281,0.125,0.733333,0.15625,2.2839,0.125,0,0.109375,0.133333,0.046875,0,0.109375,0.466667,0.078125,0.827614,0.0625,0,0.078125,0.333333,0.09375,0.4,0.078125,0.333333,0.09375,0,0.09375,0,0.09375,0.666667,0.0625,0,0.078125,0,0.125,0.266667,0.109375,0.910457,0.09375,0.8,0.15625,2.10033,0.0625,0,0.078125,0.533333,0.046875,0,0.109375,1.30398,0.09375,0,0.046875,0.733333,0.109375,0.733333,0.140625,1.29232,0.09375,0.533333,0.09375,0.8,0.078125,0.921895,0.109375,0.466667,
40,100,2,0.109375,1.51064,0.15625,1.37065,0.0625,0,0.09375,0.466667,0.078125,0.866667,0.09375,0,0.046875,0.266667,0.0625,0,0.078125,0,0.109375,1.03235,0.09375,0.666667,0.0625,0.2,0.0625,0,0.125,0,0.09375,0.733333,0.078125,0,0.109375,0.933333,0.109375,1.09902,0.09375,0.533333,0.140625,1.43422,0.078125,0,0.109375,1.3347,0.09375,0.827614,0.109375,0.8,0.125,1.42588,0.078125,0,0.078125,0,0.078125,0.2,0.03125,0,0.140625,0.816176,0.109375,0.816176,0.078125,0,0.078125,0.333333,0.03125,0,0.03125,0,0.09375,0.533333,0.09375,0.733333,0.09375,0.6,0.078125,0.333333,0.078125,0,0.09375,0.666667,0.109375,1.55301,0.046875,0,0.078125,0,0.125,1.31351,0.0625,0.866667,0.09375,1.0714,0.09375,0.8,0.0625,0,0.078125,0.266667,0.0625,0,0.09375,0.666667,0.125,1.20948,0.109375,0.0666667,0.078125,0.466667,0.15625,1.20948,0.09375,0.666667,0.109375,1.08758,0.109375,0.977124,0.109375,0.866667,0.109375,0.866667,0.09375,1.23709,0.0625,0.533333,0.09375,0.666667,0.09375,0,0.078125,0,0.09375,0,0.078125,0.2,0.09375,0.733333,0.125,0.8,0.078125,0,0.125,0.266667,0.03125,0,0.09375,0.866667,0.078125,0,0.109375,0.933333,0.09375,0.4,0.109375,0.533333,0.0625,0,0.0625,0,0.09375,1.04379,0.125,0.8,0.09375,0.866667,0.078125,0.666667,0.078125,0.666667,0.109375,0.866667,0.0625,0,0.09375,0,0.0625,0.733333,0.09375,0.827614,0.078125,0.466667,0.09375,0.533333,0.078125,0,0.0625,0,0.0625,0.2,0.109375,0.0666667,0.125,1.59539,0.109375,0.866667,0.125,0,0.125,0.266667,
41,100,2,0.109375,0.733333,0.109375,0,0.03125,0,0.046875,0,0.140625,0.682843,0.109375,0.466667,0.15625,1.28922,0.046875,0,0.109375,0.8,0.125,0.788562,0.03125,0,0.09375,0,0.0625,0,0.078125,0.6,0.078125,0,0.09375,0,0.078125,0.266667,0.125,0.733333,0.125,0.954247,0.09375,0,0.0625,0.533333,0.109375,0,0.0625,0.666667,0.03125,0,0.09375,1.17042,0.0625,0.8,0.0625,0,0.0625,0,0.125,0.266667,0.09375,0.866667,0.125,0.938071,0.078125,0.855228,0.109375,0,0.078125,0.666667,0.0625,0,0.078125,0.266667,0.09375,0,0.09375,0.733333,0.09375,0.8,0.109375,1.0714,0.125,1.2097,0.078125,0.466667,0.09375,0.666667,0.0625,0,0.109375,0.733333,0.078125,0.533333,0.078125,0.6,0.078125,1.03235,0.109375,0.8,0.109375,0.8,0.140625,0.682843,0.109375,0.533333,0.125,0.788562,0.078125,0.266667,0.078125,0,0.09375,0.466667,0.109375,0.9933,0.0625,0.866667,0.09375,0.466667,0.09375,0.466667,0.078125,0.8,0.109375,0.333333,0.109375,1.05997,0.109375,0.466667,0.140625,0.933333,0.078125,0.133333,0.09375,0,0.125,1.20948,0.09375,0.733333,0.0625,0,0.15625,1.75616,0.125,0.733333,0.125,0.866667,0.078125,0.666667,0.03125,0.4,0.125,0.666667,0.09375,0.894281,0.09375,0.666667,0.09375,0.733333,0.078125,0,0.109375,0.866667,0.09375,0,0.078125,0.8,0.0625,0,0.078125,0,0.109375,0.8,0.078125,0,0.109375,0.866667,0.078125,0,0.125,0.733333,0.125,0.760948,0.09375,0,0.078125,0.8,0.078125,0.666667,0.09375,0,0.09375,0.8,0.125,0.866667,0.15625,1.31351,0.125,0.949509,0.140625,1.15425,
42,100,2,0.109375,0.8,0.078125,0.0666667,0.09375,0.8,0.046875,0.133333,0.078125,0,0.0625,0,0.09375,0,0.09375,0.4,0.0625,0,0.078125,0.533333,0.109375,0.8,0.109375,1.18186,0.078125,0,0.09375,0,0.09375,0.866667,0.109375,0,0.09375,0,0.109375,0.2,0.078125,0.333333,0.078125,0.733333,0.078125,0,0.09375,0.733333,0.140625,0.682843,0.140625,1.14281,0.109375,0.2,0.078125,0,0.078125,0,0.140625,0.9933,0.09375,0.733333,0.109375,0.866667,0.109375,0.733333,0.125,0,0.078125,0,0.09375,0,0.140625,0.682843,0.09375,0.733333,0.0625,0.4,0.0625,0,0.0625,0.533333,0.09375,0,0.109375,0.733333,0.109375,0.266667,0.109375,0.4,0.078125,0.466667,0.109375,0.4,0.125,0.866667,0.09375,1.01618,0.109375,0.8,0.109375,0.2,0.109375,0,0.109375,0.866667,0.09375,0.466667,0.109375,0.965685,0.109375,0.933333,0.0625,0,0.09375,0,0.0625,0,0.078125,0,0.109375,0.4,0.09375,0,0.125,1.12663,0.109375,0.866667,0.109375,0.266667,0.125,0.866667,0.109375,0.6,0.078125,0,0.109375,0.977124,0.109375,1.44707,0.078125,0.866667,0.078125,0.866667,0.09375,0,0.0625,0,0.0625,0,0.09375,0.666667,0.125,1.71711,0.09375,0.8,0.078125,0,0.0625,0,0.09375,1.20948,0.09375,0.8,0.09375,1.09902,0.0625,0,0.0625,0,0.09375,0.466667,0.09375,0.4,0.09375,0.8,0.109375,0,0.078125,0,0.09375,0.8,0.078125,0.866667,0.109375,0.4,0.09375,1.23709,0.09375,0.733333,0.109375,0.2,0.125,0,0.125,0.266667,0.09375,1.18186,0.078125,0.466667,0.078125,0,0.140625,1.55301,
43,100,2,0.125,1.19804,0.109375,0.0666667,0.109375,1.23709,0.0625,0.4,0.078125,0.466667,0.109375,0.333333,0.125,1.01618,0.125,0.533333,0.15625,1.20948,0.125,0.788562,0.046875,0,0.078125,0.949509,0.109375,1.09902,0.09375,0,0.109375,0.866667,0.109375,1.23709,0.0625,0,0.078125,0.466667,0.09375,0,0.125,1.09902,0.0625,0,0.109375,0.0666667,0.125,0,0.09375,0,0.078125,0,0.109375,0.882843,0.109375,0.6,0.078125,0.466667,0.0625,0.4,0.0625,0.133333,0.09375,0,0.125,0.533333,0.109375,0.333333,0.0625,0,0.09375,0,0.09375,0.666667,0.078125,0.133333,0.0625,0,0.03125,0,0.125,1.15425,0.078125,0,0.09375,0.871405,0.09375,0,0.109375,0,0.109375,0.6,0.109375,0.0666667,0.109375,0,0.0625,0.4,0.140625,1.23066,0.109375,0.8,0.109375,0.4,0.109375,0.8,0.109375,0.8,0.0625,0,0.125,0.933333,0.109375,0,0.078125,0,0.09375,0.333333,0.109375,0.6,0.09375,0,0.09375,0.666667,0.109375,1.08758,0.09375,0,0.109375,0.866667,0.109375,0.0666667,0.09375,1.44707,0.078125,0.266667,0.109375,0.733333,0.09375,0,0.09375,0.666667,0.0625,0,0.15625,1.19804,0.09375,0.882843,0.125,0.882843,0.109375,1.15425,0.0625,0,0.078125,0.266667,0.109375,0.733333,0.109375,0.0666667,0.078125,0.533333,0.109375,0.666667,0.0625,1.15425,0.09375,0,0.125,0.533333,0.09375,1.12663,0.125,0,0.078125,0,0.078125,0,0.0625,0.666667,0.125,1.09902,0.09375,0,0.09375,0,0.125,1.05997,0.0625,0,0.09375,0.733333,0.125,0,0.0625,0,0.09375,0.666667,0.09375,0.733333,0.109375,0.266667,
44,100,2,0.109375,0.788562,0.09375,0,0.09375,0.733333,0.09375,0,0.109375,0.866667,0.109375,0.266667,0.109375,0.960948,0.03125,0.333333,0.125,0,0.109375,0.133333,0.078125,0.466667,0.078125,0,0.109375,0.266667,0.109375,0.8,0.09375,0,0.109375,0,0.09375,0.733333,0.09375,0.8,0.109375,1.41945,0.09375,0.4,0.078125,0.733333,0.109375,0.933333,0.109375,0.666667,0.125,0.933333,0.0625,0,0.078125,0.933333,0.125,0.788562,0.09375,0.6,0.125,0,0.09375,1.20948,0.078125,0.6,0.09375,1.46826,0.109375,0,0.078125,0,0.078125,1.14281,0.140625,1.46826,0.078125,0,0.125,0,0.125,0.266667,0.0625,0.4,0.09375,1.08758,0.078125,0.6,0.140625,2.02405,0.078125,0.933333,0.0625,0.866667,0.078125,0,0.09375,0,0.125,0,0.109375,0.133333,0.046875,0.466667,0.078125,0.333333,0.0625,0.6,0.125,0,0.078125,0.733333,0.046875,0,0.125,0.832352,0.109375,1.11519,0.125,1.23709,0.078125,1.03235,0.09375,0.466667,0.0625,0,0.125,0.866667,0.03125,0,0.09375,1.35589,0.109375,0,0.078125,0.6,0.109375,0.6,0.109375,0.133333,0.109375,0.933333,0.125,1.20948,0.078125,0.133333,0.078125,0,0.09375,1.25518,0.078125,0,0.109375,0.133333,0.125,1.12663,0.109375,1.2616,0.0625,0.733333,0.078125,0,0.09375,0.882843,0.109375,0.466667,0.109375,0.866667,0.09375,1.20948,0.0625,0.733333,0.0625,0.8,0.09375,0.6,0.09375,0.466667,0.0625,0.8,0.109375,0.266667,0.140625,0.655228,0.09375,0.733333,0.125,1.36422,0.109375,0.466667,0.109375,0.6,0.125,0.666667,0.09375,0.6,0.078125,0,0.078125,0.6,0.109375,0.133333,0.078125,0,
45,100,2,0.125,1.29232,0.109375,0.466667,0.09375,0,0.109375,0.666667,0.0625,0,0.09375,0.266667,0.078125,0.6,0.125,0.8,0.078125,0.8,0.078125,0.133333,0.09375,0,0.078125,0.466667,0.09375,0.6,0.0625,0.733333,0.109375,0.2,0.09375,0.666667,0.09375,0,0.09375,0.6,0.078125,0,0.09375,0.666667,0.078125,0,0.046875,0,0.078125,0,0.125,1.59539,0.140625,0.655228,0.109375,0.133333,0.0625,0.666667,0.125,0.2,0.078125,0,0.109375,0.133333,0.078125,0,0.125,1.54659,0.125,0,0.125,0.8,0.09375,0,0.0625,0,0.078125,0.0666667,0.078125,0.466667,0.09375,0.266667,0.0625,0.8,0.109375,0.133333,0.078125,0.8,0.09375,0,0.09375,0.666667,0.09375,0,0.140625,1.41945,0.078125,0,0.140625,0.866667,0.109375,0.466667,0.109375,0,0.125,0.733333,0.125,1.23709,0.109375,0.6,0.109375,0.866667,0.078125,0,0.109375,0.133333,0.09375,0,0.09375,0,0.109375,0,0.0625,0,0.140625,1.23066,0.078125,0,0.09375,0,0.09375,0.266667,0.046875,0.133333,0.125,0.694281,0.109375,0.2,0.078125,0.4,0.078125,0.8,0.09375,1.07614,0.09375,0.733333,0.0625,0.733333,0.078125,0,0.109375,0.533333,0.0625,0.4,0.09375,0.933333,0.078125,0.8,0.09375,0,0.09375,0.266667,0.125,1.31993,0.09375,0.733333,0.09375,0.6,0.078125,0.733333,0.078125,0,0.09375,0,0.078125,0,0.125,1.17042,0.125,0.866667,0.109375,1.12663,0.03125,0,0.15625,1.54969,0.046875,0,0.046875,0,0.09375,0.871405,0.109375,0,0.078125,0,0.09375,0.466667,0.078125,0.855228,0.109375,0.8,0.109375,0.871405,
46,100,2,0.09375,0.666667,0.09375,0.333333,0.125,0.133333,0.09375,0,0.109375,0.733333,0.09375,0.8,0.09375,0.666667,0.109375,0,0.0625,0,0.078125,0,0.125,0,0.078125,0.266667,0.125,0.866667,0.09375,0.333333,0.125,1.22757,0.09375,0.533333,0.09375,0.4,0.09375,0.733333,0.09375,0.333333,0.125,1.12663,0.09375,0,0.0625,0.266667,0.109375,1.08758,0.109375,0.933333,0.09375,0.333333,0.125,0.855228,0.078125,0,0.125,0.8,0.09375,0.8,0.109375,1.34946,0.109375,0.266667,0.09375,1.0714,0.125,0.8,0.09375,0,0.109375,1.23709,0.109375,0,0.109375,0,0.0625,0,0.125,0,0.078125,0,0.109375,0.733333,0.09375,0,0.078125,0.4,0.109375,0.6,0.109375,0.977124,0.09375,0,0.078125,0,0.140625,1.37708,0.125,0.960948,0.078125,0.266667,0.078125,0,0.09375,0,0.125,0,0.09375,0.333333,0.078125,0.466667,0.109375,0.733333,0.09375,1.14281,0.125,0.910457,0.109375,0.666667,0.09375,0.666667,0.109375,0,0.09375,0,0.078125,0.466667,0.0625,0.666667,0.109375,0.6,0.109375,0.8,0.09375,0,0.078125,0.4,0.15625,1.55301,0.09375,0,0.09375,0,0.078125,0,0.0625,0,0.09375,0,0.09375,0.333333,0.140625,0.6,0.078125,0.533333,0.0625,0.8,0.09375,0.333333,0.09375,0.871405,0.0625,0.266667,0.09375,0,0.109375,0.733333,0.109375,0.8,0.0625,0.266667,0.109375,0.733333,0.125,0,0.09375,0,0.09375,0.333333,0.078125,0.266667,0.09375,0,0.09375,0.333333,0.109375,0.666667,0.09375,0.533333,0.109375,1.00474,0.125,0.8,0.109375,0.910457,0.078125,0,0.09375,0,0.09375,0.266667,
47,100,2,0.03125,0,0.09375,0.333333,0.078125,0,0.109375,0.666667,0.125,0.666667,0.09375,0.866667,0.078125,0,0.125,0.866667,0.09375,0,0.0625,0,0.078125,0.466667,0.109375,0.8,0.109375,0.666667,0.078125,0,0.109375,0.871405,0.171875,1.68803,0.09375,0.933333,0.125,0.8,0.09375,0,0.109375,0.733333,0.125,0.2,0.09375,0,0.078125,0,0.125,0.977124,0.125,1.18186,0.125,0,0.09375,0,0.109375,0.533333,0.109375,0.8,0.0625,0.4,0.109375,0.694281,0.125,0.827614,0.125,0,0.140625,0.788562,0.109375,0,0.140625,1.03235,0.0625,0,0.09375,0.666667,0.046875,0.133333,0.125,1.83094,0.109375,0.466667,0.15625,1.01618,0.125,0,0.109375,0,0.109375,1.31993,0.09375,0,0.109375,0.266667,0.109375,1.2647,0.140625,0.533333,0.109375,0.0666667,0.0625,0.733333,0.140625,1.18186,0.109375,0.666667,0.09375,0,0.0625,0,0.078125,0,0.109375,0,0.09375,0,0.140625,0.533333,0.125,0,0.09375,0.133333,0.125,0,0.09375,0,0.09375,0.133333,0.09375,0.8,0.078125,0,0.125,0,0.078125,0,0.078125,0,0.109375,0,0.0625,0,0.09375,0.933333,0.109375,0.882843,0.109375,1.09733,0.078125,0.266667,0.109375,0.666667,0.078125,1.18186,0.09375,0.866667,0.125,0,0.0625,0.533333,0.109375,0,0.109375,0.694281,0.125,0.694281,0.109375,0.666667,0.109375,0.733333,0.125,0.733333,0.109375,0,0.109375,1.23709,0.09375,0.8,0.09375,0.733333,0.125,0.2,0.078125,0.466667,0.109375,0,0.078125,0.466667,0.09375,0.333333,0.125,0.866667,0.09375,0,0.125,0,0.09375,1.09902,0.09375,0,
48,100,2,0.0625,0.866667,0.109375,0.6,0.09375,0,0.125,1.02091,0.078125,0,0.109375,0,0.09375,0.733333,0.125,0,0.15625,1.17375,0.09375,0,0.078125,0,0.078125,0,0.078125,0,0.078125,0,0.09375,1.18186,0.09375,0.333333,0.109375,0,0.109375,0,0.125,0,0.0625,0.333333,0.109375,0.733333,0.078125,0,0.078125,0,0.09375,0.266667,0.09375,0,0.140625,0.694281,0.109375,0,0.109375,1.0714,0.109375,0.788562,0.109375,1.2647,0.078125,0,0.09375,0.666667,0.09375,0.733333,0.078125,0,0.09375,0.266667,0.078125,0.866667,0.09375,0.6,0.125,0,0.09375,0,0.09375,0.733333,0.078125,0,0.109375,0.777124,0.09375,0.733333,0.125,0.8,0.09375,0,0.109375,0,0.109375,0,0.09375,0.866667,0.09375,1.17042,0.09375,0,0.078125,1.15425,0.140625,1.04853,0.078125,0.466667,0.078125,0.533333,0.09375,0.6,0.109375,0.533333,0.109375,0.733333,0.125,0,0.109375,0,0.109375,0.733333,0.109375,0.733333,0.09375,0.6,0.078125,0,0.09375,0,0.140625,0.533333,0.09375,0,0.109375,0.6,0.125,1.31993,0.09375,0.0666667,0.109375,0.666667,0.078125,0,0.109375,0.666667,0.078125,0.666667,0.078125,0,0.15625,1.29232,0.09375,1.12663,0.109375,0,0.0625,0.733333,0.109375,0.8,0.09375,0,0.109375,0.866667,0.109375,1.2647,0.109375,0,0.078125,0,0.09375,0.666667,0.09375,0.816176,0.109375,0,0.046875,0,0.0625,0.333333,0.109375,0,0.09375,0.882843,0.078125,0.266667,0.109375,0.6,0.09375,0,0.109375,0,0.078125,0.333333,0.125,0.866667,0.109375,0,0.109375,0,0.109375,0,
