0,100,2,0.015625,0,0.015625,0,0.015625,0,0.03125,0.133333,0.03125,0.133333,0.03125,0.133333,0.015625,0,0.015625,0,0.015625,0,0.015625,0,0.015625,0,0.015625,0,0.015625,0,0.03125,0.133333,0.015625,0,0.046875,1.09902,0.015625,0,0.015625,0,0.015625,0,0.015625,0,0.015625,0,0.015625,0,0.03125,0.133333,0.015625,0,0.015625,0,0.015625,0,0.0625,1.30398,0.015625,0,0.015625,0,0.015625,0,0.015625,0,0.015625,0,0.03125,0.133333,0.015625,0,0.015625,0,0.015625,0,0.015625,0,0.015625,0,0.015625,0,0.03125,0.133333,0.015625,0,0.03125,0.133333,0.03125,0.133333,0.015625,0,0.015625,0,0.03125,0.6,0.046875,0.960948,0.015625,0,0.015625,0,0.015625,0,0.015625,0,0.015625,0,0.03125,0.6,0.015625,0,0.015625,0,0.03125,0.6,0.015625,0,0.015625,0,0.015625,0,0.03125,0.933333,0.03125,0.6,0.015625,0,0.015625,0,0.015625,0,0.015625,0,0.015625,0,0.015625,0,0.015625,0,0.015625,0,0.015625,0,0.015625,0,0.015625,0,0.015625,0,0.015625,0,0.015625,0,0.015625,0,0.015625,0,0.015625,0,0.0625,1.30398,0.015625,0,0.015625,0,0.015625,0,0.015625,0,0.015625,0,0.03125,0.133333,0.015625,0,0.015625,0,0.015625,0,0.015625,0,0.03125,0.133333,0.03125,0.6,0.03125,0.133333,0.015625,0,0.03125,0.133333,0.015625,0,0.015625,0,0.015625,0,0.03125,0.6,0.015625,0,0.015625,0,
1,100,2,0.015625,0,0.015625,0,0.015625,0,0.015625,0,0.015625,0,0.015625,0,0.015625,0,0.015625,0,0.015625,0,0.03125,0.333333,0.015625,0,0.046875,0.933333,0.015625,0,0.015625,0,0.015625,0,0.015625,0,0.03125,0.933333,0.015625,0,0.015625,0,0.015625,0,0.015625,0,0.015625,0,0.015625,0,0.015625,0,0.015625,0,0.015625,0,0.015625,0,0.015625,0,0.015625,0,0.015625,0,0.015625,0,0.015625,0,0.0625,1.04853,0.03125,0,0.015625,0,0.015625,0,0.015625,0,0.015625,0,0.015625,0,0.03125,0,0.015625,0,0.03125,0.333333,0.015625,0,0.015625,0,0.03125,0,0.015625,0,0.03125,0.333333,0.03125,0,0.015625,0,0.015625,0,0.03125,0,0.015625,0,0.015625,0,0.015625,0,0.015625,0,0.046875,0.933333,0.015625,0,0.015625,0,0.015625,0,0.015625,0,0.03125,0,0.015625,0,0.03125,0.333333,0.015625,0,0.015625,0,0.015625,0,0.03125,0.333333,0.015625,0,0.03125,0,0.015625,0,0.046875,0.866667,0.015625,0,0.015625,0,0.015625,0,0.015625,0,0.015625,0,0.015625,0,0.015625,0,0.03125,0.333333,0.015625,0,0.015625,0,0.015625,0,0.015625,0,0.03125,0.333333,0.015625,0,0.015625,0,0.03125,0,0.015625,0,0.03125,0,0.015625,0,0.015625,0,0.015625,0,0.015625,0,0.015625,0,0.015625,0,0.03125,0.333333,0.03125,0,0.015625,0,0.03125,0,0.046875,1.20948,
2,100,2,0.015625,0,0.015625,0,0.015625,0,0.015625,0,0.015625,0,0.03125,0,0.015625,0,0.015625,0,0.015625,0,0.015625,0,0.015625,0,0.015625,0,0.03125,0.4,0.03125,0,0.015625,0,0.015625,0,0.015625,0,0.046875,0.866667,0.03125,0,0.015625,0,0.015625,0,0.015625,0,0.015625,0,0.015625,0,0.015625,0,0.015625,0,0.015625,0,0.03125,0,0.015625,0,0.015625,0,0.015625,0,0.015625,0,0.015625,0,0.015625,0,0.03125,0.8,0.015625,0,0.015625,0,0.015625,0,0.015625,0,0.015625,0,0.03125,0,0.015625,0,0.015625,0,0.03125,0.8,0.015625,0,0.015625,0,0.015625,0,0.015625,0,0.015625,0,0.015625,0,0.015625,0,0.03125,0.866667,0.015625,0,0.015625,0,0.015625,0,0.015625,0,0.03125,0.4,0.015625,0,0.015625,0,0.015625,0,0.03125,0,0.03125,0.4,0.015625,0,0.0625,1.2647,0.015625,0,0.015625,0,0.015625,0,0.015625,0,0.015625,0,0.015625,0,0.03125,0,0.03125,0,0.015625,0,0.015625,0,0.015625,0,0.015625,0,0.015625,0,0.015625,0,0.015625,0,0.015625,0,0.015625,0,0.015625,0,0.03125,0,0.03125,0.4,0.015625,0,0.015625,0,0.015625,0,0.03125,0.4,0.015625,0,0.03125,0,0.015625,0,0.015625,0,0.03125,0,0.046875,0.866667,0.015625,0,0.015625,0,0.015625,0,0.015625,0,0.015625,0,0.015625,0,
3,100,2,0.046875,0.933333,0.015625,0,0.015625,0,0.015625,0,0.015625,0,0.015625,0,0.015625,0,0.03125,0,0.015625,0,0.03125,0,0.03125,0,0.015625,0,0.03125,0.8,0.015625,0,0.015625,0,0.03125,0.8,0.015625,0,0.03125,0,0.015625,0,0.03125,0,0.015625,0,0.015625,0,0.015625,0,0.03125,0,0.015625,0,0.015625,0,0.03125,0,0.03125,0,0.03125,0,0.015625,0,0.015625,0,0.03125,0,0.03125,0,0.015625,0,0.015625,0,0.015625,0,0.046875,1.20948,0.015625,0,0.03125,0,0.015625,0,0.015625,0,0.015625,0,0.03125,0,0.03125,0,0.015625,0,0.015625,0,0.015625,0,0.015625,0,0.03125,0.733333,0.015625,0,0.015625,0,0.015625,0,0.015625,0,0.015625,0,0.015625,0,0.015625,0,0.015625,0,0.03125,0,0.015625,0,0.015625,0,0.015625,0,0.015625,0,0.03125,0,0.015625,0,0.015625,0,0.015625,0,0.015625,0,0.03125,0.733333,0.015625,0,0.015625,0,0.015625,0,0.015625,0,0.03125,0,0.015625,0,0.015625,0,0.015625,0,0.015625,0,0.03125,0,0.015625,0,0.03125,0,0.015625,0,0.015625,0,0.03125,0,0.015625,0,0.03125,0,0.046875,0.866667,0.03125,0.733333,0.015625,0,0.015625,0,0.03125,0,0.015625,0,0.015625,0,0.015625,0,0.015625,0,0.015625,0,0.015625,0,0.015625,0,0.015625,0,0.03125,0,0.015625,0,
4,100,2,0.015625,0,0.015625,0,0.015625,0,0.03125,0,0.03125,0,0.015625,0,0.03125,0.6,0.03125,0,0.046875,0.733333,0.03125,0,0.015625,0,0.015625,0,0.015625,0,0.015625,0,0.015625,0,0.015625,0,0.015625,0,0.046875,0.933333,0.015625,0,0.015625,0,0.03125,0,0.015625,0,0.015625,0,0.015625,0,0.015625,0,0.03125,0,0.015625,0,0.015625,0,0.015625,0,0.015625,0,0.015625,0,0.015625,0,0.015625,0,0.015625,0,0.046875,0.8,0.015625,0,0.015625,0,0.03125,0,0.015625,0,0.015625,0,0.03125,0,0.015625,0,0.03125,0,0.015625,0,0.015625,0,0.015625,0,0.03125,0,0.015625,0,0.015625,0,0.015625,0,0.015625,0,0.015625,0,0.015625,0,0.046875,0.866667,0.03125,0,0.015625,0,0.015625,0,0.015625,0,0.015625,0,0.015625,0,0.015625,0,0.03125,0.666667,0.03125,0,0.03125,0.666667,0.03125,0,0.046875,0.733333,0.03125,0.6,0.03125,0,0.03125,0.6,0.015625,0,0.015625,0,0.015625,0,0.03125,0.6,0.015625,0,0.015625,0,0.03125,0,0.015625,0,0.015625,0,0.015625,0,0.03125,0,0.015625,0,0.015625,0,0.015625,0,0.03125,0,0.015625,0,0.015625,0,0.03125,0.6,0.015625,0,0.03125,0,0.015625,0,0.046875,0.733333,0.015625,0,0.015625,0,0.015625,0,0.03125,0,0.015625,0,0.03125,0,0.03125,0,0.015625,0,0.015625,0,
5,100,2,0.015625,0,0.015625,0,0.03125,0.533333,0.03125,0,0.03125,0,0.015625,0,0.015625,0,0.03125,0,0.015625,0,0.015625,0,0.015625,0,0.03125,0.533333,0.046875,0.6,0.03125,0,0.03125,0,0.015625,0,0.015625,0,0.03125,0,0.03125,0,0.015625,0,0.03125,0,0.03125,0,0.015625,0,0.015625,0,0.03125,0,0.015625,0,0.015625,0,0.046875,0.866667,0.03125,0,0.015625,0,0.046875,0.666667,0.015625,0,0.046875,0.933333,0.015625,0,0.015625,0,0.015625,0,0.015625,0,0.03125,0,0.015625,0,0.015625,0,0.015625,0,0.046875,0.666667,0.015625,0,0.015625,0,0.015625,0,0.015625,0,0.015625,0,0.0625,0.749509,0.03125,0,0.03125,0,0.015625,0,0.015625,0,0.015625,0,0.03125,0.6,0.03125,0.533333,0.0625,1.09902,0.015625,0,0.015625,0,0.015625,0,0.015625,0,0.015625,0,0.0625,0.749509,0.03125,0,0.015625,0,0.015625,0,0.03125,0,0.015625,0,0.03125,0,0.03125,0,0.015625,0,0.046875,0.6,0.046875,0.866667,0.03125,0.6,0.015625,0,0.03125,0,0.015625,0,0.015625,0,0.03125,0,0.03125,0,0.03125,0,0.015625,0,0.03125,0,0.03125,0,0.015625,0,0.046875,0.6,0.015625,0,0.015625,0,0.03125,0,0.015625,0,0.015625,0,0.015625,0,0.015625,0,0.03125,0.6,0.015625,0,0.03125,0,0.015625,0,0.03125,0,0.015625,0,0.03125,0,0.015625,0,
6,100,2,0.015625,0,0.015625,0,0.03125,0,0.015625,0,0.0625,0.938071,0.03125,0,0.015625,0,0.015625,0,0.03125,0,0.015625,0,0.03125,0,0.03125,0,0.015625,0,0.015625,0,0.015625,0,0.015625,0,0.015625,0,0.046875,0.666667,0.015625,0,0.03125,0,0.015625,0,0.015625,0,0.03125,0.4,0.015625,0,0.015625,0,0.03125,0,0.03125,0.4,0.015625,0,0.015625,0,0.03125,0,0.015625,0,0.046875,0.933333,0.015625,0,0.015625,0,0.015625,0,0.03125,0.4,0.015625,0,0.03125,0.4,0.015625,0,0.03125,0,0.015625,0,0.015625,0,0.015625,0,0.03125,0,0.03125,0,0.03125,0,0.03125,0,0.03125,0,0.015625,0,0.015625,0,0.03125,0.4,0.03125,0,0.015625,0,0.015625,0,0.015625,0,0.03125,0,0.015625,0,0.046875,0.666667,0.015625,0,0.015625,0,0.015625,0,0.03125,0,0.03125,0,0.015625,0,0.015625,0,0.03125,0,0.015625,0,0.03125,0,0.015625,0,0.015625,0,0.015625,0,0.015625,0,0.03125,0.4,0.03125,0,0.0625,0.655228,0.015625,0,0.015625,0,0.03125,0,0.015625,0,0.015625,0,0.015625,0,0.0625,0.655228,0.015625,0,0.015625,0,0.015625,0,0.015625,0,0.015625,0,0.015625,0,0.015625,0,0.03125,0.4,0.015625,0,0.015625,0,0.015625,0,0.015625,0,0.015625,0,0.015625,0,0.03125,0.4,0.0625,0.938071,0.03125,0,0.03125,0,
7,100,2,0.03125,0,0.015625,0,0.03125,0,0.03125,0.133333,0.03125,0.133333,0.03125,0,0.015625,0,0.015625,0,0.03125,0,0.015625,0,0.03125,0.133333,0.015625,0,0.03125,0,0.03125,0.266667,0.015625,0,0.015625,0,0.03125,0,0.03125,0.133333,0.03125,0,0.015625,0,0.03125,0,0.015625,0,0.015625,0,0.046875,0.933333,0.03125,0,0.015625,0,0.015625,0,0.03125,0,0.015625,0,0.015625,0,0.015625,0,0.03125,0,0.015625,0,0.015625,0,0.015625,0,0.015625,0,0.03125,0,0.015625,0,0.015625,0,0.015625,0,0.03125,0,0.015625,0,0.015625,0,0.015625,0,0.03125,0,0.015625,0,0.03125,0,0.03125,0,0.0625,1.31993,0.015625,0,0.03125,0.133333,0.015625,0,0.015625,0,0.015625,0,0.015625,0,0.015625,0,0.03125,0,0.015625,0,0.015625,0,0.015625,0,0.015625,0,0.015625,0,0.015625,0,0.03125,0,0.015625,0,0.03125,0,0.015625,0,0.015625,0,0.078125,1.23066,0.03125,0,0.015625,0,0.015625,0,0.015625,0,0.03125,0,0.015625,0,0.015625,0,0.03125,0,0.015625,0,0.015625,0,0.0625,0.760948,0.03125,0,0.03125,0.133333,0.015625,0,0.015625,0,0.046875,0.6,0.015625,0,0.015625,0,0.03125,0.266667,0.015625,0,0.03125,0,0.0625,1.14281,0.015625,0,0.03125,0,0.0625,1.23709,0.015625,0,0.015625,0,0.015625,0,0.03125,0,0.046875,0.6,0.015625,0,
8,100,2,0.015625,0,0.015625,0,0.015625,0,0.03125,0,0.0625,0.666667,0.015625,0,0.03125,0,0.03125,0,0.015625,0,0.03125,0,0.015625,0,0.015625,0,0.03125,0,0.015625,0,0.015625,0,0.015625,0,0.015625,0,0.03125,0,0.015625,0,0.015625,0,0.015625,0,0.015625,0,0.046875,0.466667,0.03125,0,0.015625,0,0.03125,0,0.015625,0,0.03125,0.0666667,0.03125,0.133333,0.03125,0.133333,0.015625,0,0.03125,0.0666667,0.03125,0,0.046875,0.866667,0.015625,0,0.03125,0,0.015625,0,0.03125,0.133333,0.015625,0,0.03125,0,0.015625,0,0.03125,0,0.015625,0,0.03125,0,0.015625,0,0.015625,0,0.015625,0,0.03125,0.133333,0.046875,0.466667,0.03125,0,0.015625,0,0.015625,0,0.015625,0,0.015625,0,0.03125,0.0666667,0.015625,0,0.015625,0,0.03125,0,0.03125,0.0666667,0.015625,0,0.03125,0,0.015625,0,0.03125,0,0.015625,0,0.015625,0,0.015625,0,0.015625,0,0.015625,0,0.03125,0,0.046875,0.8,0.015625,0,0.015625,0,0.015625,0,0.03125,0,0.03125,0.0666667,0.015625,0,0.046875,0.466667,0.015625,0,0.015625,0,0.03125,0,0.015625,0,0.015625,0,0.0625,1.02091,0.015625,0,0.015625,0,0.015625,0,0.015625,0,0.015625,0,0.015625,0,0.015625,0,0.03125,0,0.046875,0.933333,0.015625,0,0.015625,0,0.015625,0,0.015625,0,0.015625,0,0.015625,0,0.046875,0.8,0.015625,0,
9,100,2,0.015625,0,0.03125,0,0.015625,0,0.046875,0.533333,0.015625,0,0.03125,0,0.03125,0,0.03125,0,0.015625,0,0.03125,0,0.015625,0,0.03125,0.0666667,0.015625,0,0.03125,0,0.015625,0,0.03125,0.0666667,0.046875,0.866667,0.015625,0,0.015625,0,0.046875,0.4,0.015625,0,0.03125,0,0.03125,0,0.046875,0.866667,0.03125,0,0.03125,0,0.03125,0,0.015625,0,0.03125,0,0.015625,0,0.015625,0,0.015625,0,0.03125,0,0.015625,0,0.015625,0,0.03125,0,0.015625,0,0.015625,0,0.03125,0.0666667,0.015625,0,0.03125,0,0.015625,0,0.015625,0,0.015625,0,0.03125,0.0666667,0.015625,0,0.015625,0,0.03125,0,0.015625,0,0.015625,0,0.03125,0,0.015625,0,0.015625,0,0.015625,0,0.03125,0,0.015625,0,0.03125,0,0.015625,0,0.015625,0,0.015625,0,0.03125,0,0.015625,0,0.046875,0.4,0.03125,0,0.03125,0,0.015625,0,0.015625,0,0.015625,0,0.015625,0,0.015625,0,0.03125,0,0.03125,0,0.03125,0,0.015625,0,0.046875,0.4,0.015625,0,0.03125,0,0.03125,0,0.03125,0,0.03125,0,0.03125,0,0.03125,0.0666667,0.015625,0,0.03125,0,0.03125,0,0.03125,0,0.015625,0,0.03125,0,0.015625,0,0.03125,0,0.015625,0,0.03125,0,0.03125,0,0.015625,0,0.015625,0,0.015625,0,0.03125,0,0.03125,0,0.03125,0,0.015625,0,
10,100,2,0.015625,0,0.015625,0,0.03125,0.2,0.03125,0,0.015625,0,0.03125,0,0.03125,0,0.03125,0,0.03125,0,0.015625,0,0.03125,0,0.015625,0,0.03125,0,0.03125,0,0.015625,0,0.046875,0.866667,0.03125,0,0.015625,0,0.03125,0,0.015625,0,0.03125,0,0.03125,0,0.03125,0,0.015625,0,0.03125,0,0.03125,0,0.015625,0,0.03125,0,0.078125,1.18186,0.015625,0,0.03125,0,0.015625,0,0.015625,0,0.015625,0,0.015625,0,0.015625,0,0.015625,0,0.03125,0,0.046875,0.666667,0.03125,0,0.03125,0,0.015625,0,0.0625,0.666667,0.015625,0,0.015625,0,0.03125,0,0.03125,0,0.046875,0.2,0.015625,0,0.03125,0,0.03125,0,0.015625,0,0.046875,0.466667,0.015625,0,0.015625,0,0.046875,0.2,0.015625,0,0.015625,0,0.015625,0,0.03125,0,0.03125,0,0.03125,0,0.03125,0,0.015625,0,0.03125,0,0.015625,0,0.046875,0.2,0.03125,0,0.015625,0,0.046875,0.866667,0.03125,0,0.015625,0,0.015625,0,0.015625,0,0.03125,0,0.015625,0,0.015625,0,0.0625,0.6,0.015625,0,0.015625,0,0.03125,0,0.015625,0,0.046875,0.2,0.03125,0,0.015625,0,0.03125,0,0.03125,0,0.015625,0,0.015625,0,0.015625,0,0.046875,0.666667,0.03125,0,0.015625,0,0.015625,0,0.015625,0,0.03125,0,0.03125,0,0.03125,0,0.03125,0,0.03125,0.2,
11,100,2,0.015625,0,0.046875,0.0666667,0.015625,0,0.015625,0,0.03125,0,0.015625,0,0.03125,0,0.015625,0,0.03125,0,0.046875,0.866667,0.03125,0,0.015625,0,0.03125,0,0.046875,0.4,0.03125,0,0.015625,0,0.03125,0,0.03125,0,0.015625,0,0.015625,0,0.015625,0,0.015625,0,0.03125,0,0.015625,0,0.015625,0,0.015625,0,0.015625,0,0.03125,0,0.015625,0,0.03125,0,0.03125,0,0.03125,0,0.015625,0,0.03125,0,0.015625,0,0.03125,0,0.015625,0,0.015625,0,0.03125,0,0.03125,0,0.015625,0,0.015625,0,0.03125,0,0.03125,0,0.0625,0.6,0.03125,0,0.03125,0,0.03125,0,0.015625,0,0.03125,0,0.03125,0,0.015625,0,0.03125,0,0.015625,0,0.03125,0,0.015625,0,0.03125,0,0.015625,0,0.015625,0,0.015625,0,0.03125,0,0.015625,0,0.046875,0.0666667,0.015625,0,0.03125,0,0.015625,0,0.03125,0.2,0.015625,0,0.03125,0,0.03125,0,0.015625,0,0.03125,0,0.046875,0.0666667,0.03125,0.2,0.03125,0,0.03125,0,0.015625,0,0.046875,0.0666667,0.0625,0.6,0.03125,0,0.03125,0,0.046875,0.733333,0.015625,0,0.015625,0,0.015625,0,0.03125,0,0.03125,0,0.03125,0,0.03125,0,0.015625,0,0.015625,0,0.015625,0,0.015625,0,0.015625,0,0.015625,0,0.015625,0,0.03125,0,0.015625,0,0.015625,0,0.046875,0.8,
12,100,2,0.015625,0,0.03125,0,0.015625,0,0.03125,0,0.015625,0,0.03125,0,0.03125,0,0.03125,0,0.015625,0,0.015625,0,0.015625,0,0.015625,0,0.015625,0,0.015625,0,0.046875,0.866667,0.03125,0,0.015625,0,0.046875,0.0666667,0.03125,0.0666667,0.03125,0,0.03125,0,0.015625,0,0.015625,0,0.015625,0,0.015625,0,0.046875,0.8,0.015625,0,0.03125,0.0666667,0.015625,0,0.0625,1.08758,0.03125,0,0.015625,0,0.03125,0,0.046875,0.8,0.03125,0,0.03125,0,0.015625,0,0.03125,0,0.03125,0,0.046875,0.8,0.03125,0,0.015625,0,0.03125,0,0.03125,0,0.015625,0,0.03125,0,0.03125,0,0.03125,0,0.0625,0.533333,0.015625,0,0.015625,0,0.03125,0,0.015625,0,0.03125,0,0.015625,0,0.03125,0,0.03125,0,0.03125,0,0.03125,0,0.015625,0,0.015625,0,0.015625,0,0.015625,0,0.015625,0,0.03125,0,0.015625,0,0.03125,0,0.03125,0,0.015625,0,0.03125,0,0.015625,0,0.0625,0.533333,0.03125,0,0.03125,0,0.03125,0,0.03125,0,0.0625,0.6,0.015625,0,0.03125,0,0.015625,0,0.015625,0,0.03125,0.0666667,0.015625,0,0.03125,0,0.03125,0,0.03125,0,0.015625,0,0.078125,1.31993,0.03125,0,0.015625,0,0.03125,0,0.015625,0,0.015625,0,0.015625,0,0.03125,0,0.03125,0,0.0625,0.926633,0.015625,0,0.015625,0,0.015625,0,
13,100,2,0.015625,0,0.046875,0.6,0.015625,0,0.03125,0,0.03125,0,0.046875,0,0.03125,0,0.03125,0,0.015625,0,0.015625,0,0.03125,0,0.015625,0,0.015625,0,0.03125,0,0.015625,0,0.03125,0,0.03125,0,0.046875,0,0.03125,0,0.015625,0,0.03125,0,0.015625,0,0.015625,0,0.03125,0,0.015625,0,0.03125,0,0.015625,0,0.03125,0,0.015625,0,0.03125,0,0.03125,0,0.03125,0,0.03125,0,0.03125,0,0.015625,0,0.03125,0,0.03125,0,0.015625,0,0.046875,0.6,0.015625,0,0.015625,0,0.03125,0,0.015625,0,0.03125,0,0.015625,0,0.03125,0,0.015625,0,0.046875,0.866667,0.03125,0,0.03125,0,0.03125,0,0.046875,0,0.046875,0.6,0.015625,0,0.015625,0,0.015625,0,0.015625,0,0.015625,0,0.03125,0,0.015625,0,0.015625,0,0.0625,0.533333,0.0625,0.533333,0.03125,0,0.03125,0,0.015625,0,0.015625,0,0.015625,0,0.015625,0,0.015625,0,0.015625,0,0.03125,0,0.03125,0,0.015625,0,0.03125,0,0.03125,0,0.015625,0,0.015625,0,0.046875,0,0.015625,0,0.03125,0,0.015625,0,0.03125,0,0.03125,0,0.046875,0.933333,0.046875,0.4,0.015625,0,0.03125,0,0.03125,0,0.046875,0.6,0.015625,0,0.015625,0,0.03125,0,0.015625,0,0.015625,0,0.046875,0.733333,0.046875,0.8,0.015625,0,0.03125,0,0.015625,0,
14,100,2,0.015625,0,0.03125,0,0.03125,0,0.03125,0,0.015625,0,0.03125,0,0.015625,0,0.03125,0,0.015625,0,0.03125,0,0.015625,0,0.015625,0,0.03125,0,0.03125,0,0.03125,0,0.046875,0.4,0.046875,0,0.03125,0,0.046875,0.6,0.015625,0,0.015625,0,0.015625,0,0.015625,0,0.015625,0,0.015625,0,0.03125,0,0.015625,0,0.015625,0,0.03125,0,0.015625,0,0.015625,0,0.015625,0,0.015625,0,0.015625,0,0.015625,0,0.015625,0,0.046875,0,0.015625,0,0.03125,0,0.03125,0,0.015625,0,0.03125,0,0.015625,0,0.015625,0,0.015625,0,0.03125,0,0.015625,0,0.015625,0,0.015625,0,0.015625,0,0.078125,1.09902,0.015625,0,0.015625,0,0.015625,0,0.03125,0,0.0625,0.804738,0.015625,0,0.015625,0,0.015625,0,0.046875,0,0.015625,0,0.046875,0.6,0.03125,0,0.03125,0,0.03125,0,0.015625,0,0.015625,0,0.03125,0,0.03125,0,0.03125,0,0.03125,0,0.03125,0,0.03125,0,0.03125,0,0.015625,0,0.03125,0,0.03125,0,0.03125,0,0.03125,0,0.015625,0,0.03125,0,0.0625,0.466667,0.015625,0,0.015625,0,0.03125,0,0.015625,0,0.03125,0,0.046875,0.8,0.015625,0,0.03125,0,0.03125,0,0.03125,0,0.03125,0,0.03125,0,0.03125,0,0.015625,0,0.03125,0,0.015625,0,0.03125,0,0.03125,0,
15,100,2,0.015625,0,0.0625,0.2,0.015625,0,0.03125,0,0.015625,0,0.015625,0,0.015625,0,0.046875,0,0.03125,0,0.03125,0,0.015625,0,0.015625,0,0.015625,0,0.03125,0,0.015625,0,0.0625,0.2,0.03125,0,0.03125,0,0.015625,0,0.03125,0,0.015625,0,0.046875,0.8,0.03125,0,0.03125,0,0.015625,0,0.03125,0,0.015625,0,0.015625,0,0.015625,0,0.015625,0,0.015625,0,0.03125,0,0.03125,0,0.015625,0,0.015625,0,0.015625,0,0.015625,0,0.046875,0.666667,0.015625,0,0.015625,0,0.03125,0,0.03125,0,0.03125,0,0.015625,0,0.015625,0,0.0625,0.866667,0.03125,0,0.015625,0,0.015625,0,0.015625,0,0.03125,0,0.046875,0.666667,0.015625,0,0.015625,0,0.0625,0.2,0.03125,0,0.046875,0.666667,0.03125,0,0.015625,0,0.015625,0,0.015625,0,0.015625,0,0.0625,0.866667,0.03125,0,0.015625,0,0.03125,0,0.015625,0,0.03125,0,0.03125,0,0.015625,0,0.015625,0,0.03125,0,0.015625,0,0.03125,0,0.0625,0.9933,0.015625,0,0.015625,0,0.03125,0,0.0625,0.2,0.015625,0,0.03125,0,0.015625,0,0.03125,0,0.03125,0,0.015625,0,0.015625,0,0.03125,0,0.015625,0,0.03125,0,0.0625,0.533333,0.03125,0,0.015625,0,0.03125,0,0.015625,0,0.03125,0,0.03125,0,0.015625,0,0.03125,0,0.046875,0.4,0.03125,0,
16,100,2,0.015625,0,0.03125,0,0.015625,0,0.046875,0,0.03125,0,0.015625,0,0.046875,0.6,0.015625,0,0.03125,0,0.03125,0,0.015625,0,0.03125,0,0.046875,0.2,0.015625,0,0.015625,0,0.03125,0,0.03125,0,0.015625,0,0.03125,0,0.015625,0,0.015625,0,0.0625,0.133333,0.015625,0,0.015625,0,0.0625,0.133333,0.015625,0,0.015625,0,0.015625,0,0.03125,0,0.03125,0,0.046875,0.2,0.015625,0,0.046875,0,0.03125,0,0.015625,0,0.015625,0,0.03125,0,0.015625,0,0.03125,0,0.03125,0,0.015625,0,0.015625,0,0.03125,0,0.015625,0,0.03125,0,0.046875,0.2,0.03125,0,0.046875,0,0.046875,0,0.03125,0,0.015625,0,0.03125,0,0.0625,0.804738,0.0625,0.804738,0.03125,0,0.015625,0,0.015625,0,0.03125,0,0.015625,0,0.015625,0,0.0625,0.466667,0.03125,0,0.015625,0,0.03125,0,0.015625,0,0.015625,0,0.015625,0,0.03125,0,0.015625,0,0.0625,0.133333,0.03125,0,0.03125,0,0.0625,0.133333,0.03125,0,0.046875,0.8,0.03125,0,0.03125,0,0.03125,0,0.03125,0,0.03125,0,0.015625,0,0.046875,0,0.015625,0,0.03125,0,0.046875,0,0.015625,0,0.03125,0,0.046875,0.6,0.015625,0,0.015625,0,0.015625,0,0.046875,0,0.03125,0,0.015625,0,0.015625,0,0.03125,0,0.015625,0,0.015625,0,0.015625,0,0.015625,0,
17,100,2,0.03125,0,0.046875,0,0.03125,0,0.046875,0,0.015625,0,0.03125,0,0.046875,0.133333,0.03125,0,0.046875,0.866667,0.015625,0,0.03125,0,0.015625,0,0.015625,0,0.03125,0,0.015625,0,0.015625,0,0.0625,0.4,0.015625,0,0.03125,0,0.015625,0,0.03125,0,0.03125,0,0.046875,0.866667,0.0625,0.4,0.03125,0,0.015625,0,0.03125,0,0.046875,0,0.03125,0,0.015625,0,0.03125,0,0.015625,0,0.015625,0,0.015625,0,0.015625,0,0.015625,0,0.046875,0,0.03125,0,0.03125,0,0.046875,0.8,0.015625,0,0.03125,0,0.015625,0,0.03125,0,0.03125,0,0.015625,0,0.0625,0.733333,0.046875,0.8,0.0625,0.804738,0.015625,0,0.0625,0.733333,0.03125,0,0.03125,0,0.015625,0,0.015625,0,0.0625,0.738071,0.046875,0.6,0.015625,0,0.03125,0,0.03125,0,0.03125,0,0.03125,0,0.03125,0,0.03125,0,0.03125,0,0.0625,0.266667,0.03125,0,0.046875,0,0.015625,0,0.015625,0,0.015625,0,0.03125,0,0.015625,0,0.015625,0,0.015625,0,0.03125,0,0.015625,0,0.015625,0,0.03125,0,0.015625,0,0.015625,0,0.015625,0,0.03125,0,0.046875,0,0.046875,0.133333,0.015625,0,0.03125,0,0.015625,0,0.015625,0,0.046875,0.8,0.03125,0,0.046875,0,0.015625,0,0.03125,0,0.015625,0,0.03125,0,0.03125,0,0.03125,0,0.015625,0,0.015625,0,
18,100,2,0.03125,0,0.015625,0,0.015625,0,0.03125,0,0.046875,0,0.015625,0,0.03125,0,0.046875,0.733333,0.015625,0,0.0625,0.2,0.03125,0,0.015625,0,0.03125,0,0.046875,0.733333,0.03125,0,0.015625,0,0.046875,0.8,0.015625,0,0.03125,0,0.03125,0,0.03125,0,0.03125,0,0.03125,0,0.046875,0.733333,0.015625,0,0.03125,0,0.015625,0,0.03125,0,0.03125,0,0.03125,0,0.015625,0,0.015625,0,0.015625,0,0.03125,0,0.015625,0,0.03125,0,0.015625,0,0.03125,0,0.015625,0,0.015625,0,0.03125,0,0.046875,0.8,0.046875,0,0.03125,0,0.015625,0,0.015625,0,0.03125,0,0.03125,0,0.03125,0,0.015625,0,0.015625,0,0.03125,0,0.03125,0,0.03125,0,0.015625,0,0.03125,0,0.015625,0,0.046875,0,0.03125,0,0.046875,0.933333,0.015625,0,0.03125,0,0.015625,0,0.03125,0,0.046875,0.866667,0.03125,0,0.03125,0,0.03125,0,0.015625,0,0.03125,0,0.03125,0,0.046875,0.8,0.015625,0,0.015625,0,0.015625,0,0.015625,0,0.03125,0,0.03125,0,0.015625,0,0.03125,0,0.03125,0,0.03125,0,0.046875,0.8,0.03125,0,0.015625,0,0.046875,0.8,0.03125,0,0.03125,0,0.03125,0,0.03125,0,0.046875,0.133333,0.015625,0,0.078125,1.11519,0.015625,0,0.015625,0,0.03125,0,0.078125,0.988562,0.03125,0,0.046875,0,0.03125,0,
19,100,2,0.015625,0,0.046875,0.0666667,0.015625,0,0.03125,0,0.03125,0,0.015625,0,0.03125,0,0.03125,0,0.046875,0.8,0.03125,0,0.03125,0,0.015625,0,0.046875,0,0.046875,0.8,0.015625,0,0.046875,0.666667,0.046875,0.466667,0.015625,0,0.046875,0,0.046875,0,0.015625,0,0.03125,0,0.03125,0,0.015625,0,0.03125,0,0.015625,0,0.0625,0.533333,0.046875,0.733333,0.046875,0.8,0.015625,0,0.015625,0,0.015625,0,0.03125,0,0.015625,0,0.03125,0,0.015625,0,0.03125,0,0.03125,0,0.015625,0,0.046875,0.466667,0.015625,0,0.015625,0,0.03125,0,0.015625,0,0.015625,0,0.015625,0,0.015625,0,0.015625,0,0.015625,0,0.015625,0,0.015625,0,0.015625,0,0.03125,0,0.046875,0.0666667,0.0625,0.533333,0.03125,0,0.03125,0,0.03125,0,0.046875,0,0.03125,0,0.015625,0,0.03125,0,0.03125,0,0.015625,0,0.015625,0,0.03125,0,0.015625,0,0.015625,0,0.015625,0,0.046875,0,0.03125,0,0.03125,0,0.015625,0,0.03125,0,0.03125,0,0.015625,0,0.015625,0,0.015625,0,0.015625,0,0.03125,0,0.015625,0,0.015625,0,0.0625,1.2647,0.046875,0,0.015625,0,0.015625,0,0.015625,0,0.015625,0,0.03125,0,0.03125,0,0.046875,0.666667,0.046875,0.466667,0.015625,0,0.046875,0,0.015625,0,0.03125,0,0.015625,0,0.015625,0,0.03125,0,0.046875,0,
20,100,2,0.03125,0,0.03125,0,0.03125,0,0.03125,0,0.03125,0,0.03125,0,0.03125,0,0.03125,0,0.015625,0,0.015625,0,0.03125,0,0.03125,0,0.015625,0,0.03125,0,0.03125,0,0.015625,0,0.03125,0,0.015625,0,0.03125,0,0.03125,0,0.03125,0,0.015625,0,0.0625,1.20948,0.046875,0.866667,0.0625,0.666667,0.015625,0,0.03125,0,0.015625,0,0.015625,0,0.015625,0,0.015625,0,0.03125,0,0.03125,0,0.03125,0,0.03125,0,0.03125,0,0.015625,0,0.015625,0,0.03125,0,0.03125,0,0.046875,0,0.046875,0,0.03125,0,0.03125,0,0.03125,0,0.0625,0.133333,0.0625,0.133333,0.046875,0.8,0.015625,0,0.015625,0,0.03125,0,0.015625,0,0.015625,0,0.03125,0,0.046875,0,0.03125,0,0.046875,0,0.015625,0,0.015625,0,0.03125,0,0.03125,0,0.015625,0,0.03125,0,0.03125,0,0.03125,0,0.046875,0.466667,0.03125,0,0.03125,0,0.03125,0,0.015625,0,0.015625,0,0.046875,0.8,0.015625,0,0.0625,0.466667,0.03125,0,0.015625,0,0.015625,0,0.03125,0,0.03125,0,0.015625,0,0.03125,0,0.03125,0,0.015625,0,0.03125,0,0.03125,0,0.03125,0,0.015625,0,0.015625,0,0.015625,0,0.015625,0,0.03125,0,0.015625,0,0.015625,0,0.03125,0,0.03125,0,0.03125,0,0.03125,0,0.015625,0,0.03125,0,0.015625,0,
21,100,2,0.03125,0,0.015625,0,0.03125,0,0.03125,0,0.03125,0,0.03125,0,0.03125,0,0.03125,0,0.046875,0,0.03125,0,0.015625,0,0.046875,0.333333,0.015625,0,0.03125,0,0.015625,0,0.03125,0,0.046875,0.666667,0.03125,0,0.03125,0,0.03125,0,0.015625,0,0.03125,0,0.046875,0,0.03125,0,0.015625,0,0.015625,0,0.046875,0.8,0.0625,0.933333,0.0625,1.18186,0.03125,0,0.046875,0,0.03125,0,0.015625,0,0.03125,0,0.03125,0,0.046875,0,0.0625,0,0.03125,0,0.03125,0,0.015625,0,0.046875,0.333333,0.03125,0,0.03125,0,0.03125,0,0.015625,0,0.03125,0,0.015625,0,0.03125,0,0.03125,0,0.015625,0,0.03125,0,0.046875,0,0.046875,0,0.0625,0.933333,0.0625,1.18186,0.03125,0,0.03125,0,0.015625,0,0.046875,0.6,0.03125,0,0.03125,0,0.015625,0,0.046875,0.333333,0.015625,0,0.03125,0,0.03125,0,0.03125,0,0.03125,0,0.03125,0,0.015625,0,0.03125,0,0.015625,0,0.015625,0,0.03125,0,0.015625,0,0.03125,0,0.0625,0,0.03125,0,0.03125,0,0.015625,0,0.046875,0,0.03125,0,0.03125,0,0.0625,0.4,0.03125,0,0.03125,0,0.03125,0,0.03125,0,0.0625,0,0.03125,0,0.046875,0.6,0.03125,0,0.03125,0,0.015625,0,0.046875,0,0.015625,0,0.03125,0,0.03125,0,0.015625,0,0.046875,0.8,
22,100,2,0.015625,0,0.03125,0,0.0625,0.533333,0.015625,0,0.03125,0,0.03125,0,0.03125,0,0.015625,0,0.03125,0,0.046875,0.666667,0.046875,0.666667,0.015625,0,0.046875,0,0.015625,0,0.046875,0.733333,0.015625,0,0.03125,0,0.03125,0,0.046875,0,0.015625,0,0.046875,0.466667,0.0625,0,0.03125,0,0.015625,0,0.03125,0,0.015625,0,0.03125,0,0.03125,0,0.015625,0,0.015625,0,0.015625,0,0.03125,0,0.015625,0,0.015625,0,0.015625,0,0.015625,0,0.046875,0.733333,0.015625,0,0.03125,0,0.078125,1.44707,0.015625,0,0.015625,0,0.015625,0,0.046875,0.666667,0.046875,0,0.03125,0,0.03125,0,0.03125,0,0.03125,0,0.015625,0,0.03125,0,0.046875,0,0.046875,0.666667,0.0625,1.11519,0.046875,0,0.015625,0,0.015625,0,0.03125,0,0.0625,0,0.03125,0,0.015625,0,0.03125,0,0.03125,0,0.046875,0.666667,0.03125,0,0.03125,0,0.03125,0,0.015625,0,0.0625,0.533333,0.046875,0.466667,0.03125,0,0.03125,0,0.03125,0,0.03125,0,0.03125,0,0.015625,0,0.015625,0,0.046875,0.466667,0.015625,0,0.015625,0,0.015625,0,0.046875,0.933333,0.03125,0,0.046875,0,0.03125,0,0.03125,0,0.03125,0,0.0625,0,0.046875,0,0.03125,0,0.03125,0,0.015625,0,0.03125,0,0.015625,0,0.03125,0,0.046875,0,0.03125,0,0.03125,0,0.03125,0,0.015625,0,
23,100,2,0.03125,0,0.03125,0,0.015625,0,0.015625,0,0.015625,0,0.03125,0,0.046875,0.6,0.015625,0,0.03125,0,0.03125,0,0.015625,0,0.046875,0,0.046875,0,0.046875,0,0.03125,0,0.046875,0.666667,0.03125,0,0.03125,0,0.015625,0,0.03125,0,0.03125,0,0.046875,0.666667,0.015625,0,0.046875,0,0.015625,0,0.015625,0,0.046875,0.6,0.03125,0,0.03125,0,0.015625,0,0.03125,0,0.015625,0,0.015625,0,0.015625,0,0.03125,0,0.046875,0,0.03125,0,0.0625,0.933333,0.046875,0.733333,0.03125,0,0.03125,0,0.046875,0.733333,0.03125,0,0.03125,0,0.03125,0,0.015625,0,0.03125,0,0.03125,0,0.03125,0,0.046875,0.6,0.03125,0,0.015625,0,0.015625,0,0.046875,0.466667,0.015625,0,0.03125,0,0.046875,0,0.046875,0,0.015625,0,0.015625,0,0.03125,0,0.03125,0,0.03125,0,0.046875,0,0.03125,0,0.015625,0,0.015625,0,0.046875,0.666667,0.03125,0,0.0625,0,0.015625,0,0.015625,0,0.046875,0,0.046875,0.933333,0.03125,0,0.015625,0,0.03125,0,0.015625,0,0.046875,0,0.03125,0,0.015625,0,0.03125,0,0.03125,0,0.046875,0.6,0.078125,1.2647,0.046875,0.6,0.046875,0.866667,0.015625,0,0.046875,0.466667,0.03125,0,0.0625,0.6,0.03125,0,0.046875,0,0.03125,0,0.03125,0,0.03125,0,0.046875,0,0.03125,0,0.015625,0,0.03125,0,
24,100,2,0.03125,0,0.015625,0,0.03125,0,0.03125,0,0.046875,0.266667,0.03125,0,0.03125,0,0.03125,0,0.03125,0,0.03125,0,0.03125,0,0.03125,0,0.0625,0.266667,0.015625,0,0.046875,0.266667,0.078125,0.866667,0.046875,0.866667,0.03125,0,0.015625,0,0.046875,0,0.03125,0,0.0625,0.266667,0.03125,0,0.046875,0.466667,0.015625,0,0.046875,0.666667,0.0625,0,0.015625,0,0.03125,0,0.046875,0.266667,0.03125,0,0.03125,0,0.03125,0,0.03125,0,0.015625,0,0.03125,0,0.046875,0,0.015625,0,0.0625,0.6,0.0625,0.266667,0.03125,0,0.03125,0,0.046875,0,0.03125,0,0.046875,0.466667,0.03125,0,0.03125,0,0.03125,0,0.03125,0,0.015625,0,0.03125,0,0.046875,0.666667,0.03125,0,0.015625,0,0.015625,0,0.015625,0,0.03125,0,0.03125,0,0.015625,0,0.046875,0.866667,0.0625,0,0.03125,0,0.03125,0,0.03125,0,0.03125,0,0.046875,0.866667,0.046875,0.266667,0.03125,0,0.046875,0.266667,0.015625,0,0.015625,0,0.015625,0,0.015625,0,0.046875,0.333333,0.0625,0.666667,0.015625,0,0.015625,0,0.03125,0,0.03125,0,0.03125,0,0.03125,0,0.03125,0,0.03125,0,0.015625,0,0.046875,0.733333,0.03125,0,0.046875,0.266667,0.03125,0,0.03125,0,0.03125,0,0.03125,0,0.03125,0,0.015625,0,0.03125,0,0.015625,0,0.015625,0,0.03125,0,0.03125,0,0.03125,0,0.015625,0,
25,100,2,0.03125,0,0.046875,0.4,0.015625,0,0.03125,0,0.03125,0,0.03125,0,0.046875,0.6,0.0625,0,0.03125,0,0.015625,0,0.078125,1.31993,0.03125,0,0.015625,0,0.015625,0,0.03125,0,0.03125,0,0.03125,0,0.03125,0,0.03125,0,0.046875,0.6,0.015625,0,0.015625,0,0.03125,0,0.015625,0,0.0625,0,0.015625,0,0.03125,0,0.03125,0,0.015625,0,0.03125,0,0.015625,0,0.03125,0,0.046875,0,0.015625,0,0.03125,0,0.03125,0,0.046875,0.6,0.046875,0.466667,0.015625,0,0.046875,0.866667,0.046875,0.466667,0.046875,0,0.03125,0,0.03125,0,0.015625,0,0.046875,0,0.03125,0,0.015625,0,0.0625,0,0.03125,0,0.03125,0,0.03125,0,0.015625,0,0.015625,0,0.03125,0,0.046875,0.6,0.015625,0,0.015625,0,0.046875,0.6,0.015625,0,0.03125,0,0.015625,0,0.03125,0,0.03125,0,0.015625,0,0.046875,0.4,0.015625,0,0.03125,0,0.03125,0,0.046875,0.333333,0.03125,0,0.015625,0,0.03125,0,0.015625,0,0.046875,0.8,0.015625,0,0.046875,0.6,0.03125,0,0.046875,0,0.015625,0,0.03125,0,0.015625,0,0.015625,0,0.03125,0,0.015625,0,0.046875,0.733333,0.03125,0,0.046875,0,0.03125,0,0.03125,0,0.015625,0,0.03125,0,0.0625,0.6,0.03125,0,0.0625,0.266667,0.015625,0,0.015625,0,0.0625,0.6,0.03125,0,0.03125,0,
26,100,2,0.0625,0,0.015625,0,0.015625,0,0.015625,0,0.015625,0,0.03125,0,0.03125,0,0.03125,0,0.046875,0,0.03125,0,0.03125,0,0.03125,0,0.046875,0,0.015625,0,0.015625,0,0.015625,0,0.015625,0,0.03125,0,0.03125,0,0.03125,0,0.015625,0,0.015625,0,0.0625,0.6,0.03125,0,0.03125,0,0.046875,0.666667,0.03125,0,0.03125,0,0.03125,0,0.015625,0,0.03125,0,0.015625,0,0.015625,0,0.03125,0,0.015625,0,0.03125,0,0.03125,0,0.046875,0.466667,0.015625,0,0.03125,0,0.015625,0,0.0625,0.6,0.046875,0.466667,0.03125,0,0.0625,0.133333,0.03125,0,0.0625,0.133333,0.078125,0.965685,0.015625,0,0.046875,0.466667,0.015625,0,0.015625,0,0.03125,0,0.046875,0.266667,0.0625,1.11519,0.015625,0,0.046875,0,0.015625,0,0.015625,0,0.03125,0,0.03125,0,0.015625,0,0.03125,0,0.03125,0,0.03125,0,0.03125,0,0.03125,0,0.03125,0,0.015625,0,0.03125,0,0.03125,0,0.03125,0,0.015625,0,0.03125,0,0.03125,0,0.03125,0,0.03125,0,0.015625,0,0.046875,0,0.03125,0,0.03125,0,0.03125,0,0.03125,0,0.03125,0,0.03125,0,0.015625,0,0.03125,0,0.03125,0,0.03125,0,0.03125,0,0.046875,0.333333,0.046875,0.266667,0.046875,0,0.03125,0,0.015625,0,0.015625,0,0.015625,0,0.0625,1.20948,0.03125,0,0.015625,0,
27,100,2,0.046875,0.6,0.03125,0,0.015625,0,0.015625,0,0.015625,0,0.03125,0,0.03125,0,0.03125,0,0.03125,0,0.015625,0,0.046875,0,0.03125,0,0.015625,0,0.03125,0,0.03125,0,0.046875,0.666667,0.03125,0,0.03125,0,0.015625,0,0.03125,0,0.03125,0,0.015625,0,0.015625,0,0.046875,0.666667,0.015625,0,0.015625,0,0.0625,0.533333,0.015625,0,0.03125,0,0.03125,0,0.03125,0,0.015625,0,0.015625,0,0.03125,0,0.015625,0,0.015625,0,0.046875,0,0.03125,0,0.03125,0,0.015625,0,0.015625,0,0.0625,0.2,0.03125,0,0.015625,0,0.03125,0,0.03125,0,0.015625,0,0.015625,0,0.03125,0,0.03125,0,0.03125,0,0.015625,0,0.015625,0,0.046875,0,0.046875,0,0.03125,0,0.015625,0,0.015625,0,0.046875,0,0.015625,0,0.03125,0,0.015625,0,0.03125,0,0.03125,0,0.046875,0.4,0.03125,0,0.046875,0,0.015625,0,0.03125,0,0.015625,0,0.015625,0,0.015625,0,0.03125,0,0.03125,0,0.03125,0,0.015625,0,0.015625,0,0.03125,0,0.03125,0,0.046875,0.8,0.03125,0,0.015625,0,0.03125,0,0.046875,0.666667,0.015625,0,0.015625,0,0.015625,0,0.03125,0,0.03125,0,0.015625,0,0.03125,0,0.03125,0,0.015625,0,0.046875,0.666667,0.046875,0.4,0.03125,0,0.03125,0,0.03125,0,0.03125,0,0.03125,0,
28,100,2,0.046875,0.266667,0.046875,0.2,0.03125,0,0.03125,0,0.015625,0,0.03125,0,0.03125,0,0.046875,0.733333,0.03125,0,0.015625,0,0.03125,0,0.046875,0.466667,0.046875,0.266667,0.046875,0,0.03125,0,0.015625,0,0.0625,0,0.03125,0,0.015625,0,0.015625,0,0.046875,0,0.015625,0,0.046875,0,0.03125,0,0.03125,0,0.03125,0,0.03125,0,0.0625,1.15425,0.015625,0,0.03125,0,0.03125,0,0.03125,0,0.03125,0,0.046875,0.866667,0.015625,0,0.03125,0,0.03125,0,0.015625,0,0.03125,0,0.03125,0,0.03125,0,0.015625,0,0.015625,0,0.03125,0,0.015625,0,0.03125,0,0.03125,0,0.015625,0,0.046875,0,0.015625,0,0.03125,0,0.015625,0,0.03125,0,0.046875,0,0.046875,0.2,0.03125,0,0.03125,0,0.03125,0,0.015625,0,0.03125,0,0.015625,0,0.03125,0,0.03125,0,0.03125,0,0.015625,0,0.03125,0,0.015625,0,0.015625,0,0.015625,0,0.03125,0,0.015625,0,0.046875,0,0.03125,0,0.03125,0,0.03125,0,0.046875,0.266667,0.03125,0,0.03125,0,0.03125,0,0.03125,0,0.03125,0,0.046875,0.466667,0.03125,0,0.046875,0,0.03125,0,0.046875,0.466667,0.015625,0,0.03125,0,0.03125,0,0.03125,0,0.0625,0,0.015625,0,0.03125,0,0.03125,0,0.015625,0,0.03125,0,0.0625,0.2,0.03125,0,0.03125,0,0.03125,0,
29,100,2,0.015625,0,0.03125,0,0.015625,0,0.0625,0,0.03125,0,0.03125,0,0.03125,0,0.03125,0,0.03125,0,0.03125,0,0.015625,0,0.03125,0,0.03125,0,0.015625,0,0.015625,0,0.03125,0,0.03125,0,0.03125,0,0.015625,0,0.015625,0,0.03125,0,0.015625,0,0.046875,0,0.0625,0.666667,0.03125,0,0.015625,0,0.046875,0.733333,0.03125,0,0.046875,0.4,0.03125,0,0.03125,0,0.03125,0,0.0625,0.133333,0.015625,0,0.03125,0,0.03125,0,0.015625,0,0.046875,0.266667,0.0625,0.933333,0.03125,0,0.03125,0,0.09375,1.34112,0.03125,0,0.03125,0,0.03125,0,0.03125,0,0.0625,0.933333,0.03125,0,0.015625,0,0.046875,0.6,0.03125,0,0.03125,0,0.015625,0,0.03125,0,0.03125,0,0.015625,0,0.015625,0,0.0625,0.533333,0.046875,0,0.03125,0,0.015625,0,0.015625,0,0.046875,0.4,0.015625,0,0.015625,0,0.015625,0,0.03125,0,0.03125,0,0.015625,0,0.015625,0,0.046875,0,0.046875,0,0.03125,0,0.03125,0,0.046875,0.666667,0.03125,0,0.03125,0,0.03125,0,0.03125,0,0.046875,0,0.015625,0,0.0625,0.866667,0.03125,0,0.046875,0,0.03125,0,0.046875,0.266667,0.03125,0,0.046875,0,0.046875,0,0.015625,0,0.03125,0,0.046875,0.866667,0.015625,0,0.015625,0,0.015625,0,0.015625,0,0.0625,0.133333,0.015625,0,0.015625,0,0.03125,0,
30,100,2,0.03125,0,0.03125,0,0.046875,0.733333,0.046875,0.866667,0.046875,0.2,0.046875,0.8,0.03125,0,0.046875,0,0.015625,0,0.046875,0.4,0.03125,0,0.046875,0.6,0.03125,0,0.0625,1.15425,0.03125,0,0.03125,0,0.046875,0,0.03125,0,0.015625,0,0.0625,0,0.015625,0,0.03125,0,0.03125,0,0.03125,0,0.015625,0,0.03125,0,0.015625,0,0.03125,0,0.03125,0,0.03125,0,0.046875,0.2,0.015625,0,0.015625,0,0.03125,0,0.015625,0,0.03125,0,0.046875,0,0.046875,0,0.046875,0,0.0625,0.533333,0.015625,0,0.03125,0,0.03125,0,0.03125,0,0.046875,0,0.03125,0,0.015625,0,0.046875,0.6,0.015625,0,0.015625,0,0.03125,0,0.03125,0,0.078125,1.3835,0.078125,1.29232,0.03125,0,0.03125,0,0.03125,0,0.015625,0,0.03125,0,0.078125,0.866667,0.03125,0,0.03125,0,0.015625,0,0.03125,0,0.0625,0.533333,0.046875,0,0.015625,0,0.03125,0,0.046875,0,0.015625,0,0.03125,0,0.03125,0,0.046875,0.6,0.03125,0,0.015625,0,0.0625,0,0.0625,0.133333,0.015625,0,0.015625,0,0.0625,0.466667,0.0625,0.133333,0.078125,1.5742,0.046875,0.6,0.0625,0.933333,0.0625,1.2647,0.015625,0,0.0625,0,0.0625,1.12663,0.0625,0.921895,0.03125,0,0.03125,0,0.03125,0,0.046875,0,0.03125,0,0.046875,0,0.03125,0,0.015625,0,0.03125,0,0.03125,0,0.015625,0,
31,100,2,0.03125,0,0.03125,0,0.03125,0,0.03125,0,0.03125,0,0.03125,0,0.0625,0.938071,0.0625,0.0666667,0.03125,0,0.046875,0,0.03125,0,0.015625,0,0.03125,0,0.046875,0,0.015625,0,0.046875,0,0.015625,0,0.046875,0.8,0.03125,0,0.046875,0.0666667,0.0625,0.933333,0.03125,0,0.046875,0.0666667,0.03125,0,0.046875,0,0.046875,0,0.015625,0,0.0625,0,0.015625,0,0.046875,0,0.078125,0.816176,0.015625,0,0.03125,0,0.03125,0,0.03125,0,0.015625,0,0.078125,0.9933,0.0625,0,0.03125,0,0.0625,0.8,0.03125,0,0.03125,0,0.0625,0.933333,0.03125,0,0.015625,0,0.046875,0,0.015625,0,0.046875,0,0.03125,0,0.046875,0.666667,0.046875,0,0.078125,0.866667,0.078125,0.9933,0.015625,0,0.046875,0,0.046875,0,0.046875,0,0.03125,0,0.03125,0,0.03125,0,0.03125,0,0.0625,0,0.03125,0,0.03125,0,0.046875,0,0.015625,0,0.015625,0,0.046875,0,0.0625,0.0666667,0.046875,0.0666667,0.03125,0,0.0625,0.533333,0.046875,0,0.015625,0,0.03125,0,0.03125,0,0.03125,0,0.046875,0.0666667,0.046875,0.666667,0.03125,0,0.03125,0,0.03125,0,0.0625,0.466667,0.046875,0,0.015625,0,0.03125,0,0.03125,0,0.0625,0.8,0.03125,0,0.03125,0,0.046875,0,0.046875,0.666667,0.015625,0,0.03125,0,0.015625,0,0.0625,1.23709,0.046875,0.733333,0.03125,0,0.03125,0,0.03125,0,
32,100,2,0.015625,0,0.015625,0,0.015625,0,0.0625,0,0.03125,0,0.046875,0,0.0625,0,0.03125,0,0.03125,0,0.03125,0,0.015625,0,0.015625,0,0.03125,0,0.046875,0,0.03125,0,0.046875,0.8,0.03125,0,0.046875,0.666667,0.0625,0.533333,0.015625,0,0.015625,0,0.046875,0,0.046875,0,0.03125,0,0.03125,0,0.03125,0,0.015625,0,0.046875,0,0.03125,0,0.03125,0,0.015625,0,0.046875,0.6,0.046875,0,0.046875,0.666667,0.03125,0,0.03125,0,0.03125,0,0.015625,0,0.046875,0.133333,0.046875,0,0.0625,0.733333,0.046875,0,0.03125,0,0.046875,0,0.015625,0,0.03125,0,0.015625,0,0.03125,0,0.015625,0,0.046875,0,0.03125,0,0.046875,0,0.03125,0,0.046875,0.133333,0.0625,0,0.078125,1.20948,0.046875,0.733333,0.03125,0,0.015625,0,0.0625,0.933333,0.015625,0,0.03125,0,0.046875,0,0.03125,0,0.03125,0,0.03125,0,0.0625,0.466667,0.046875,0.8,0.046875,0.133333,0.046875,0.133333,0.046875,0,0.015625,0,0.046875,0.666667,0.03125,0,0.046875,0,0.03125,0,0.03125,0,0.03125,0,0.046875,0,0.03125,0,0.046875,0.133333,0.03125,0,0.03125,0,0.015625,0,0.03125,0,0.03125,0,0.03125,0,0.046875,0.133333,0.046875,1.15425,0.015625,0,0.046875,0.733333,0.046875,0.533333,0.0625,0.733333,0.03125,0,0.046875,0.533333,0.03125,0,0.046875,0.266667,0.0625,0,0.015625,0,0.03125,0,
33,100,2,0.03125,0,0.078125,1.09902,0.015625,0,0.015625,0,0.046875,0.8,0.03125,0,0.046875,0,0.0625,0.866667,0.046875,0,0.03125,0,0.03125,0,0.03125,0,0.0625,0,0.046875,0,0.046875,0,0.03125,0,0.03125,0,0.03125,0,0.03125,0,0.046875,0.266667,0.015625,0,0.015625,0,0.03125,0,0.03125,0,0.03125,0,0.03125,0,0.0625,0.333333,0.03125,0,0.03125,0,0.0625,0.466667,0.03125,0,0.03125,0,0.03125,0,0.0625,1.01618,0.078125,0.8,0.03125,0,0.046875,0,0.03125,0,0.0625,0,0.03125,0,0.03125,0,0.046875,0.133333,0.078125,1.09902,0.0625,0.333333,0.0625,0.466667,0.03125,0,0.0625,0.466667,0.03125,0,0.03125,0,0.0625,0.466667,0.03125,0,0.046875,0.533333,0.015625,0,0.03125,0,0.03125,0,0.03125,0,0.046875,0.2,0.03125,0,0.046875,0,0.046875,0,0.015625,0,0.015625,0,0.03125,0,0.03125,0,0.03125,0,0.03125,0,0.0625,0,0.03125,0,0.015625,0,0.046875,0,0.0625,0.866667,0.046875,0,0.0625,0.466667,0.046875,0.533333,0.015625,0,0.03125,0,0.03125,0,0.015625,0,0.015625,0,0.015625,0,0.015625,0,0.015625,0,0.046875,0,0.046875,0,0.03125,0,0.046875,0,0.015625,0,0.03125,0,0.0625,0.333333,0.015625,0,0.03125,0,0.046875,0,0.046875,0,0.015625,0,0.03125,0,0.046875,0.533333,0.015625,0,0.03125,0,0.015625,0,0.078125,1.04379,
34,100,2,0.03125,0,0.046875,0.8,0.0625,0.533333,0.0625,0,0.046875,0,0.015625,0,0.046875,0,0.0625,0.866667,0.0625,0.266667,0.0625,0.933333,0.03125,0,0.03125,0,0.0625,0.533333,0.03125,0,0.046875,0,0.046875,0,0.078125,1.34112,0.046875,0,0.015625,0,0.015625,0,0.015625,0,0.078125,0.910457,0.015625,0,0.0625,0,0.03125,0,0.03125,0,0.015625,0,0.046875,0.533333,0.03125,0,0.015625,0,0.0625,0.533333,0.046875,0,0.09375,1.74162,0.046875,0,0.0625,0,0.03125,0,0.03125,0,0.046875,0,0.03125,0,0.078125,0.910457,0.046875,0.2,0.015625,0,0.046875,0,0.078125,0.8,0.046875,0,0.0625,0.533333,0.03125,0,0.015625,0,0.046875,0,0.046875,0,0.03125,0,0.03125,0,0.046875,0.2,0.015625,0,0.0625,0,0.03125,0,0.015625,0,0.03125,0,0.0625,0.266667,0.015625,0,0.046875,0,0.015625,0,0.015625,0,0.0625,0.266667,0.046875,0,0.046875,0,0.03125,0,0.03125,0,0.046875,0.666667,0.015625,0,0.03125,0,0.015625,0,0.046875,0.133333,0.03125,0,0.015625,0,0.0625,0.266667,0.03125,0,0.0625,0.533333,0.0625,1.11519,0.03125,0,0.046875,0,0.015625,0,0.015625,0,0.03125,0,0.046875,0.733333,0.046875,0,0.03125,0,0.015625,0,0.03125,0,0.078125,0.910457,0.078125,1.03235,0.046875,0.133333,0.0625,0,0.03125,0,0.03125,0,0.046875,0,0.03125,0,0.03125,0,0.03125,0,0.046875,0.8,
35,100,2,0.03125,0,0.03125,0,0.03125,0,0.046875,0.733333,0.0625,0,0.015625,0,0.046875,0,0.03125,0,0.046875,0.666667,0.03125,0,0.015625,0,0.046875,0,0.03125,0,0.03125,0,0.046875,0.733333,0.046875,0.133333,0.015625,0,0.046875,0,0.03125,0,0.015625,0,0.046875,0,0.0625,0.4,0.046875,0,0.046875,0,0.0625,0.4,0.046875,0.533333,0.0625,0.4,0.03125,0,0.015625,0,0.03125,0,0.046875,0,0.046875,0,0.03125,0,0.046875,0,0.015625,0,0.046875,0,0.046875,0,0.03125,0,0.078125,1.29232,0.03125,0,0.0625,0,0.03125,0,0.078125,1.04379,0.046875,0,0.046875,0,0.046875,0,0.03125,0,0.078125,0.666667,0.046875,0,0.015625,0,0.046875,0,0.03125,0,0.015625,0,0.078125,0.666667,0.046875,0,0.0625,0,0.03125,0,0.03125,0,0.015625,0,0.03125,0,0.078125,1.2128,0.078125,0.666667,0.078125,0.949509,0.03125,0,0.03125,0,0.03125,0,0.03125,0,0.046875,0,0.03125,0,0.015625,0,0.046875,0,0.03125,0,0.015625,0,0.03125,0,0.03125,0,0.046875,0.533333,0.0625,0,0.0625,0.921895,0.046875,0,0.046875,0,0.0625,0,0.046875,0,0.015625,0,0.03125,0,0.015625,0,0.015625,0,0.03125,0,0.015625,0,0.03125,0,0.03125,0,0.0625,0,0.046875,0.2,0.046875,0,0.046875,0,0.046875,0,0.046875,0,0.0625,0.333333,0.078125,0.933333,0.0625,0.4,0.078125,0.666667,
36,100,2,0.0625,0,0.03125,0,0.0625,0.8,0.046875,0,0.015625,0,0.0625,0.9933,0.015625,0,0.0625,0,0.03125,0,0.03125,0,0.0625,0.0666667,0.03125,0,0.078125,0.6,0.015625,0,0.0625,0,0.03125,0,0.046875,0.733333,0.03125,0,0.046875,0,0.046875,0,0.0625,0,0.046875,0,0.03125,0,0.015625,0,0.0625,0.8,0.046875,0,0.046875,0,0.03125,0,0.015625,0,0.0625,0.333333,0.0625,0.8,0.0625,0.0666667,0.046875,0.733333,0.015625,0,0.046875,0.0666667,0.046875,0,0.03125,0,0.015625,0,0.03125,0,0.0625,0,0.046875,0,0.03125,0,0.046875,0.533333,0.0625,0.333333,0.046875,0,0.046875,0,0.03125,0,0.015625,0,0.046875,0,0.046875,0,0.0625,0,0.046875,0.6,0.078125,0.866667,0.0625,0,0.046875,0,0.03125,0,0.0625,0,0.015625,0,0.03125,0,0.046875,0,0.015625,0,0.03125,0,0.03125,0,0.015625,0,0.03125,0,0.046875,0,0.0625,0,0.046875,0,0.03125,0,0.015625,0,0.09375,1.20948,0.046875,0,0.015625,0,0.015625,0,0.046875,0,0.015625,0,0.015625,0,0.0625,0,0.046875,0,0.0625,0.333333,0.03125,0,0.046875,0,0.0625,0,0.0625,0,0.0625,0.0666667,0.0625,0,0.03125,0,0.046875,0,0.03125,0,0.046875,0,0.046875,0,0.0625,0,0.03125,0,0.0625,0,0.0625,0.0666667,0.03125,0,0.078125,0.8,0.03125,0,0.03125,0,0.046875,0.0666667,
37,100,2,0.03125,0,0.046875,0.466667,0.0625,0,0.03125,0,0.078125,0.733333,0.078125,0.866667,0.03125,0,0.046875,0.666667,0.078125,0.666667,0.046875,0,0.078125,0.733333,0.046875,0,0.015625,0,0.015625,0,0.046875,0,0.03125,0,0.03125,0,0.0625,0,0.046875,0,0.015625,0,0.046875,0,0.078125,0.666667,0.03125,0,0.046875,0,0.03125,0,0.046875,0,0.0625,0,0.015625,0,0.0625,0,0.03125,0,0.046875,0,0.046875,0,0.0625,0,0.0625,0,0.046875,0,0.03125,0,0.046875,0.733333,0.046875,0,0.0625,0,0.0625,0.866667,0.046875,0,0.046875,0,0.015625,0,0.015625,0,0.03125,0,0.03125,0,0.03125,0,0.03125,0,0.015625,0,0.046875,0,0.03125,0,0.046875,0,0.03125,0,0.015625,0,0.046875,0,0.046875,0,0.0625,0,0.046875,0,0.0625,0,0.046875,0.133333,0.046875,0,0.046875,0.466667,0.03125,0,0.03125,0,0.046875,0,0.046875,0,0.0625,0,0.046875,0,0.03125,0,0.0625,0,0.03125,0,0.0625,0.133333,0.015625,0,0.046875,0.2,0.0625,0,0.046875,0.8,0.03125,0,0.03125,0,0.046875,0.533333,0.078125,0.533333,0.046875,0,0.046875,0,0.046875,0,0.0625,0,0.046875,0,0.046875,0,0.046875,0,0.046875,0,0.03125,0,0.0625,0.733333,0.09375,0.960948,0.03125,0,0.046875,0,0.0625,0,0.046875,0,0.0625,0,0.0625,0,0.015625,0,0.046875,0,0.0625,0,
38,100,2,0.0625,0,0.046875,0,0.03125,0,0.046875,0,0.046875,0,0.0625,0,0.046875,0,0.0625,0,0.078125,0.666667,0.046875,0,0.078125,0.933333,0.03125,0,0.0625,0,0.015625,0,0.0625,0,0.046875,0,0.046875,0,0.046875,0,0.0625,0.733333,0.03125,0,0.046875,0,0.015625,0,0.03125,0,0.078125,0.8,0.046875,0,0.03125,0,0.015625,0,0.0625,0,0.078125,0.666667,0.0625,0,0.015625,0,0.015625,0,0.03125,0,0.046875,0,0.046875,0,0.046875,0,0.09375,1.04379,0.015625,0,0.03125,0,0.09375,0.866667,0.03125,0,0.015625,0,0.015625,0,0.09375,1.23709,0.046875,0.133333,0.0625,0,0.015625,0,0.0625,0,0.046875,0.133333,0.0625,0.733333,0.046875,0,0.03125,0,0.03125,0,0.0625,0,0.0625,0,0.0625,0,0.046875,0,0.046875,0,0.078125,0.866667,0.0625,0,0.03125,0,0.03125,0,0.015625,0,0.046875,0,0.046875,0,0.0625,0,0.015625,0,0.015625,0,0.03125,0,0.015625,0,0.03125,0,0.0625,0,0.078125,0.4,0.03125,0,0.015625,0,0.046875,0,0.015625,0,0.0625,0,0.03125,0,0.03125,0,0.046875,0.6,0.09375,1.0714,0.046875,0,0.03125,0,0.046875,0,0.0625,0,0.03125,0,0.03125,0,0.046875,0,0.0625,0,0.046875,0,0.0625,0,0.0625,0,0.03125,0,0.0625,0,0.078125,0.4,0.046875,0,0.046875,0,0.046875,0,0.046875,0,
39,100,2,0.046875,0,0.03125,0,0.03125,0,0.03125,0,0.0625,0,0.046875,0,0.015625,0,0.03125,0,0.0625,0,0.046875,0,0.046875,0,0.03125,0,0.03125,0,0.0625,0,0.078125,0.533333,0.0625,0,0.046875,0,0.046875,0,0.046875,0,0.03125,0,0.03125,0,0.03125,0,0.0625,0,0.046875,0,0.03125,0,0.046875,0,0.046875,0,0.0625,0,0.0625,0,0.046875,0.4,0.046875,0,0.03125,0,0.0625,0,0.0625,0,0.03125,0,0.0625,0,0.046875,0,0.03125,0,0.0625,0,0.03125,0,0.015625,0,0.09375,1.12663,0.03125,0,0.03125,0,0.03125,0,0.046875,0,0.046875,0,0.0625,0,0.03125,0,0.0625,0,0.046875,0,0.0625,0,0.0625,0,0.03125,0,0.0625,0,0.046875,0,0.046875,0,0.046875,0,0.03125,0,0.03125,0,0.046875,0,0.078125,0.133333,0.03125,0,0.03125,0,0.0625,0.733333,0.03125,0,0.015625,0,0.03125,0,0.0625,0.933333,0.046875,0,0.015625,0,0.03125,0,0.015625,0,0.03125,0,0.046875,0.4,0.03125,0,0.078125,0.133333,0.03125,0,0.0625,0,0.046875,0,0.078125,0.533333,0.0625,0,0.03125,0,0.0625,0,0.0625,0,0.0625,0,0.078125,0.133333,0.078125,0.133333,0.0625,0,0.046875,0,0.0625,0,0.0625,0,0.0625,0,0.015625,0,0.0625,0,0.046875,0,0.046875,0,0.046875,0.133333,0.046875,0,0.078125,0.133333,
40,100,2,0.046875,0.333333,0.03125,0,0.046875,0,0.046875,0,0.015625,0,0.03125,0,0.0625,0,0.0625,0,0.03125,0,0.0625,0,0.0625,0,0.078125,1.0714,0.046875,0,0.015625,0,0.0625,0,0.03125,0,0.046875,0,0.0625,0,0.03125,0,0.046875,0,0.0625,0,0.03125,0,0.0625,0,0.0625,0,0.0625,0,0.046875,0,0.0625,0,0.046875,0,0.046875,0,0.046875,0,0.046875,0,0.03125,0,0.0625,0,0.046875,0,0.0625,0,0.046875,0,0.03125,0,0.0625,0,0.03125,0,0.03125,0,0.03125,0,0.046875,0.333333,0.03125,0,0.046875,0,0.046875,0,0.09375,1.3347,0.078125,0.8,0.0625,0,0.015625,0,0.046875,0,0.03125,0,0.03125,0,0.046875,0,0.015625,0,0.03125,0,0.015625,0,0.0625,0,0.046875,0,0.03125,0,0.03125,0,0.03125,0,0.078125,0.466667,0.03125,0,0.078125,0.466667,0.09375,0.866667,0.046875,0.0666667,0.046875,0,0.03125,0,0.046875,0,0.0625,0,0.046875,0,0.0625,0,0.078125,0.666667,0.0625,0,0.015625,0,0.046875,0,0.03125,0,0.03125,0,0.046875,0.0666667,0.03125,0,0.03125,0,0.046875,0,0.03125,0,0.03125,0,0.0625,0,0.046875,0,0.046875,0,0.03125,0,0.0625,0,0.0625,0.8,0.03125,0,0.0625,0,0.046875,0,0.046875,0,0.03125,0,0.03125,0,0.03125,0,0.03125,0,0.078125,0.266667,0.0625,0,
41,100,2,0.03125,0,0.03125,0,0.046875,0,0.0625,0.733333,0.046875,0,0.0625,0,0.03125,0,0.046875,0,0.046875,0,0.03125,0,0.015625,0,0.046875,0,0.0625,0,0.046875,0,0.03125,0,0.046875,0,0.03125,0,0.0625,0,0.078125,0.8,0.078125,0.0666667,0.0625,0,0.046875,0,0.0625,0,0.09375,0.827614,0.03125,0,0.0625,0,0.078125,0.0666667,0.03125,0,0.078125,0.866667,0.078125,0.0666667,0.015625,0,0.015625,0,0.046875,0,0.03125,0,0.03125,0,0.046875,0,0.046875,0,0.046875,0,0.046875,0,0.046875,0,0.03125,0,0.015625,0,0.046875,0,0.0625,0,0.046875,0,0.078125,0.0666667,0.046875,0,0.046875,0,0.046875,0,0.0625,0,0.046875,0,0.046875,0.266667,0.046875,0,0.046875,0,0.046875,0,0.078125,0.0666667,0.0625,0,0.0625,0,0.015625,0,0.03125,0,0.046875,0.266667,0.0625,0,0.015625,0,0.0625,0,0.0625,0,0.03125,0,0.0625,0,0.0625,0,0.078125,0.0666667,0.046875,0,0.046875,0,0.046875,0,0.015625,0,0.0625,0,0.0625,0,0.015625,0,0.0625,0,0.046875,0,0.0625,0,0.03125,0,0.078125,0.0666667,0.0625,0,0.0625,0,0.046875,0,0.0625,0,0.046875,0,0.046875,0,0.03125,0,0.078125,0.666667,0.03125,0,0.0625,0,0.09375,0.827614,0.046875,0,0.046875,0,0.0625,0,0.046875,0,0.046875,0,0.03125,0,0.0625,0,0.03125,0,
42,100,2,0.0625,0,0.0625,0,0.0625,0,0.09375,1.01618,0.046875,0,0.0625,0,0.03125,0,0.03125,0,0.078125,0.333333,0.015625,0,0.0625,0,0.046875,0,0.015625,0,0.03125,0,0.03125,0,0.046875,0,0.078125,0.2,0.046875,0,0.046875,0,0.03125,0,0.046875,0,0.046875,0,0.046875,0,0.046875,0,0.03125,0,0.015625,0,0.015625,0,0.046875,0,0.0625,0,0.046875,0,0.046875,0,0.0625,0,0.0625,0,0.03125,0,0.0625,0,0.0625,0,0.0625,0,0.046875,0,0.0625,0,0.046875,0,0.03125,0,0.0625,0.733333,0.03125,0,0.046875,0,0.0625,0,0.078125,0.333333,0.046875,0,0.046875,0,0.046875,0,0.0625,0,0.0625,0,0.015625,0,0.03125,0,0.046875,0,0.046875,0,0.046875,0,0.046875,0,0.046875,0,0.03125,0,0.0625,0,0.0625,0.84379,0.0625,0,0.046875,0,0.09375,1.2647,0.03125,0,0.046875,0,0.03125,0,0.03125,0,0.046875,0,0.046875,0,0.03125,0,0.046875,0,0.0625,0,0.046875,0,0.03125,0,0.078125,0.2,0.0625,0,0.0625,0,0.046875,0,0.0625,0,0.0625,0,0.03125,0,0.0625,0,0.046875,0,0.0625,0,0.03125,0,0.078125,1.11519,0.109375,1.53182,0.046875,0,0.015625,0,0.046875,0.133333,0.046875,0.266667,0.046875,0,0.0625,0,0.09375,1.18186,0.0625,0,0.0625,0,0.046875,0,0.0625,0.733333,0.046875,0,
43,100,2,0.078125,0.666667,0.03125,0,0.0625,0,0.078125,0.133333,0.046875,0.133333,0.046875,0,0.046875,0,0.046875,0,0.046875,0,0.046875,0,0.046875,0,0.0625,0,0.03125,0,0.09375,1.23709,0.09375,0.866667,0.03125,0,0.046875,0,0.046875,0,0.046875,0,0.046875,0,0.0625,0,0.03125,0,0.046875,0,0.03125,0,0.09375,0.733333,0.03125,0,0.046875,0,0.0625,0,0.0625,0,0.0625,0,0.0625,0,0.0625,0,0.0625,0,0.03125,0,0.03125,0,0.046875,0,0.03125,0,0.046875,0,0.09375,1.08758,0.0625,0,0.046875,0,0.046875,0,0.046875,0,0.0625,0,0.046875,0,0.078125,0.666667,0.046875,0,0.046875,0,0.015625,0,0.0625,0,0.03125,0,0.015625,0,0.03125,0,0.0625,0,0.0625,0,0.046875,0,0.0625,0,0.03125,0,0.078125,0.2,0.046875,0,0.0625,0,0.078125,0.866667,0.03125,0,0.0625,0.666667,0.03125,0,0.0625,0,0.0625,0,0.0625,0,0.046875,0,0.046875,0,0.015625,0,0.046875,0,0.03125,0,0.046875,0,0.078125,0.2,0.03125,0,0.046875,0,0.046875,0,0.03125,0,0.046875,0,0.046875,0,0.0625,0,0.0625,0,0.078125,0.133333,0.015625,0,0.0625,0,0.0625,0,0.046875,0,0.046875,0,0.078125,0.2,0.0625,0,0.03125,0,0.046875,0,0.03125,0,0.03125,0,0.046875,0,0.03125,0,0.046875,0.533333,0.0625,0,0.03125,0,
44,100,2,0.0625,0.866667,0.046875,0,0.046875,0,0.046875,0,0.03125,0,0.09375,0.8,0.03125,0,0.046875,0,0.03125,0,0.046875,0,0.046875,0,0.0625,0,0.0625,0,0.0625,0,0.046875,0,0.078125,0.933333,0.0625,0,0.0625,0,0.046875,0,0.03125,0,0.0625,0.749509,0.0625,0,0.078125,0,0.03125,0,0.015625,0,0.046875,0,0.078125,0,0.03125,0,0.015625,0,0.046875,0,0.046875,0,0.0625,0,0.03125,0,0.0625,0,0.03125,0,0.078125,0,0.078125,0,0.03125,0,0.046875,0,0.046875,0,0.0625,0,0.0625,0,0.0625,0,0.046875,0,0.03125,0,0.046875,0,0.046875,0,0.03125,0,0.03125,0,0.078125,1.02091,0.09375,0.8,0.0625,0,0.078125,0.733333,0.03125,0,0.046875,0,0.03125,0,0.046875,0,0.046875,0,0.03125,0,0.0625,0,0.046875,0,0.046875,0,0.03125,0,0.078125,0,0.03125,0,0.03125,0,0.046875,0,0.046875,0,0.046875,0,0.0625,0,0.0625,0,0.0625,0,0.078125,0,0.046875,0,0.046875,0,0.09375,0.666667,0.078125,0,0.078125,0,0.046875,0,0.078125,0.866667,0.078125,0,0.0625,0.6,0.0625,0,0.078125,0,0.046875,0,0.0625,0,0.078125,0,0.046875,0,0.046875,0,0.046875,0,0.046875,0,0.046875,0,0.03125,0,0.03125,0,0.046875,0,0.0625,0,0.0625,0,0.0625,0,0.0625,0,0.03125,0,
45,100,2,0.0625,0,0.015625,0,0.046875,0,0.078125,0,0.046875,0,0.015625,0,0.03125,0,0.015625,0,0.0625,0,0.046875,0.2,0.046875,0,0.03125,0,0.078125,0,0.078125,0,0.046875,0.2,0.078125,0.666667,0.046875,0,0.0625,0,0.03125,0,0.046875,0,0.046875,0,0.03125,0,0.046875,0,0.0625,0,0.03125,0,0.046875,0,0.03125,0,0.0625,0.466667,0.03125,0,0.078125,0,0.078125,0,0.0625,0,0.046875,0,0.0625,0,0.0625,0,0.0625,0,0.046875,0,0.046875,0,0.0625,0,0.0625,0,0.015625,0,0.0625,0,0.046875,0,0.0625,0,0.03125,0,0.015625,0,0.078125,0.866667,0.046875,0,0.0625,0,0.046875,0,0.046875,0,0.046875,0,0.015625,0,0.046875,0,0.03125,0.933333,0.09375,0.938071,0.078125,0,0.046875,0,0.03125,0,0.078125,0,0.0625,0,0.046875,0,0.0625,0,0.0625,0,0.0625,0,0.046875,0,0.0625,0.8,0.078125,0,0.03125,0,0.078125,0,0.046875,0,0.03125,0,0.078125,0,0.015625,0,0.03125,0,0.0625,0,0.046875,0,0.046875,0,0.046875,0,0.03125,0,0.046875,0,0.0625,0,0.046875,0,0.046875,0,0.0625,0,0.0625,0,0.046875,0,0.046875,0,0.015625,0,0.0625,0,0.03125,0,0.046875,0,0.0625,0,0.03125,0,0.078125,0,0.046875,0,0.078125,0.666667,0.0625,0,0.046875,0,0.078125,1.20948,
46,100,2,0.0625,0,0.078125,0.8,0.0625,0,0.0625,0,0.0625,0,0.046875,0,0.0625,0,0.046875,0,0.03125,0,0.09375,0.866667,0.0625,0,0.078125,0.866667,0.03125,0,0.0625,0,0.078125,0,0.078125,0.0666667,0.0625,0,0.046875,0,0.046875,0,0.0625,0,0.0625,0,0.0625,0,0.03125,0,0.0625,0,0.015625,0,0.0625,0,0.03125,0,0.0625,0.6,0.046875,0,0.0625,0,0.0625,0,0.109375,1.48302,0.046875,0,0.0625,0,0.03125,0,0.03125,0,0.015625,0,0.03125,0,0.0625,0,0.046875,0,0.0625,0,0.0625,0,0.046875,0.2,0.046875,0,0.0625,0,0.0625,0.6,0.0625,0,0.046875,0,0.0625,0,0.046875,0,0.0625,0,0.03125,0,0.046875,0,0.046875,0,0.046875,0,0.0625,0,0.046875,0,0.03125,0,0.0625,0,0.0625,0,0.015625,0,0.046875,0,0.046875,0,0.046875,0,0.0625,0,0.046875,0,0.0625,0,0.0625,0.933333,0.0625,0,0.03125,0,0.046875,0,0.046875,0,0.046875,0,0.015625,0,0.046875,0,0.09375,0.866667,0.046875,0.6,0.046875,0,0.0625,0,0.046875,0,0.0625,0,0.125,1.5742,0.0625,0,0.0625,0.533333,0.03125,0,0.0625,0,0.0625,0,0.03125,0,0.015625,0,0.046875,0,0.046875,0,0.046875,0,0.0625,0,0.046875,0,0.09375,0.899019,0.078125,0.8,0.09375,0.933333,0.015625,0,0.046875,0,0.0625,0,
47,100,2,0.078125,0,0.078125,0,0.0625,0,0.046875,0,0.0625,0,0.046875,0,0.015625,0,0.015625,0,0.046875,0,0.046875,0,0.046875,0,0.046875,0,0.03125,0,0.046875,0,0.03125,0,0.046875,0,0.0625,0,0.03125,0,0.0625,0,0.09375,0.816176,0.078125,0,0.046875,0,0.0625,0,0.078125,0,0.078125,0.733333,0.09375,1.20948,0.0625,0,0.046875,0,0.0625,0,0.078125,0,0.046875,0,0.0625,0,0.0625,0,0.046875,0,0.03125,0,0.078125,0.8,0.0625,0,0.03125,0,0.03125,0,0.0625,0.866667,0.0625,0,0.046875,0,0.046875,0,0.078125,0,0.0625,0,0.0625,0,0.046875,0,0.0625,0,0.046875,0,0.046875,0,0.03125,0,0.0625,0,0.078125,0,0.046875,0,0.046875,0.133333,0.015625,0,0.0625,0,0.0625,0,0.03125,0,0.046875,0,0.03125,0,0.0625,0,0.09375,1.20948,0.046875,0,0.046875,0,0.0625,0,0.046875,0,0.0625,0,0.03125,0,0.078125,0,0.03125,0,0.03125,0,0.046875,0,0.03125,0,0.0625,0,0.03125,0,0.078125,0,0.03125,0,0.078125,0,0.03125,0,0.078125,0.866667,0.046875,0,0.03125,0,0.03125,0,0.046875,0,0.0625,0,0.0625,0.533333,0.078125,0,0.078125,0,0.0625,0,0.046875,0,0.0625,0,0.0625,0,0.046875,0,0.046875,0.6,0.0625,0.666667,0.078125,0.8,0.03125,0,0.0625,0,0.0625,0,
48,100,2,0.046875,0,0.0625,0.933333,0.0625,0,0.0625,0,0.046875,0,0.046875,0,0.0625,0,0.0625,0,0.046875,0,0.046875,0,0.0625,0,0.0625,0,0.0625,0,0.0625,0,0.046875,0.0666667,0.0625,0.666667,0.03125,0,0.046875,0,0.078125,0,0.03125,0,0.03125,0,0.0625,0,0.015625,0,0.03125,0,0.046875,0,0.0625,0,0.03125,0,0.078125,0.6,0.09375,0.866667,0.0625,0,0.0625,0.6,0.0625,0,0.03125,0,0.046875,0,0.046875,0,0.046875,0,0.046875,0,0.0625,0,0.03125,0,0.0625,0,0.0625,0,0.046875,0,0.03125,0,0.0625,0,0.0625,0,0.046875,0,0.046875,0,0.0625,0,0.046875,0,0.078125,0.666667,0.015625,0,0.0625,0,0.078125,0.733333,0.046875,0,0.046875,0.0666667,0.078125,0.466667,0.046875,0,0.0625,0,0.03125,0,0.046875,0,0.046875,0,0.03125,0,0.0625,0,0.09375,0.866667,0.046875,0,0.03125,0,0.078125,0.8,0.03125,0,0.0625,0,0.078125,0,0.078125,0.466667,0.046875,0,0.046875,0,0.03125,0,0.046875,0,0.046875,0,0.078125,0.466667,0.078125,0,0.09375,0.733333,0.046875,0,0.03125,0,0.015625,0,0.0625,0,0.046875,0,0.046875,0,0.046875,0,0.078125,0.466667,0.03125,0,0.03125,0,0.046875,0,0.046875,0,0.015625,0,0.0625,0,0.0625,0,0.0625,0,0.0625,0,0.03125,0,0.046875,0,0.0625,0,0.03125,0,
49,100,2,0.046875,0,0.0625,0,0.046875,0,0.046875,0,0.0625,0,0.03125,0,0.078125,0.8,0.03125,0,0.078125,0.666667,0.078125,0,0.078125,0.333333,0.0625,0.333333,0.078125,0,0.03125,0,0.0625,0,0.046875,0,0.046875,0.733333,0.03125,0,0.046875,0,0.03125,0,0.0625,0,0.03125,0,0.0625,0,0.0625,0,0.0625,0,0.0625,0,0.046875,0,0.0625,0,0.03125,0,0.0625,0,0.046875,0,0.078125,0.733333,0.03125,0,0.0625,0,0.0625,0,0.046875,0,0.109375,1.09902,0.0625,0.333333,0.0625,0,0.046875,0,0.046875,0,0.03125,0,0.0625,0,0.0625,0,0.046875,0,0.046875,0.533333,0.078125,0,0.078125,0.333333,0.03125,0,0.0625,0,0.046875,0,0.046875,0,0.0625,0,0.09375,1.05997,0.0625,0,0.0625,0.333333,0.03125,0,0.046875,0,0.0625,0,0.046875,0,0.03125,0,0.09375,0.733333,0.0625,0,0.03125,0,0.03125,0,0.0625,0,0.0625,0.333333,0.015625,0,0.046875,0,0.03125,0,0.078125,0,0.0625,0,0.0625,0,0.0625,0,0.078125,0.666667,0.046875,0,0.0625,0,0.03125,0,0.0625,0,0.078125,0.6,0.046875,0,0.0625,0,0.046875,0,0.0625,0.533333,0.078125,0,0.0625,0,0.0625,0,0.0625,0.8,0.046875,0,0.0625,0,0.046875,0,0.046875,0,0.03125,0,0.046875,0,0.046875,0,0.0625,0,0.078125,0.333333,0.046875,0.0666667,0.03125,0,0.046875,0,
50,100,2,0.0625,0,0.046875,0.0666667,0.078125,0,0.03125,0.866667,0.046875,0,0.0625,0,0.046875,0,0.046875,0,0.09375,0.8,0.046875,0,0.03125,0,0.046875,0,0.0625,0,0.0625,0,0.03125,0,0.03125,0,0.046875,0.733333,0.0625,0,0.0625,0,0.046875,0,0.078125,0,0.0625,0,0.0625,0.266667,0.03125,0,0.046875,0,0.078125,0,0.03125,0,0.0625,0,0.046875,0,0.078125,0,0.015625,0,0.078125,0.466667,0.046875,0,0.046875,0,0.046875,0,0.0625,0,0.0625,0,0.046875,0,0.015625,0,0.09375,1.31993,0.0625,0,0.03125,0,0.03125,0,0.046875,0,0.046875,0,0.015625,0,0.046875,0,0.0625,0,0.0625,0,0.046875,0,0.046875,0,0.046875,0,0.015625,0,0.046875,0,0.046875,0,0.03125,0,0.078125,0,0.03125,0,0.0625,0,0.078125,0,0.015625,0,0.03125,0,0.0625,0.266667,0.046875,0,0.046875,0,0.03125,0,0.0625,0,0.015625,0,0.078125,0.733333,0.046875,0,0.09375,0.666667,0.0625,0.266667,0.078125,0,0.0625,0,0.03125,0,0.015625,0,0.09375,0.866667,0.046875,0,0.03125,0,0.0625,0.266667,0.09375,0.8,0.078125,0.6,0.046875,0,0.0625,0,0.0625,0,0.0625,0,0.03125,0,0.078125,0,0.046875,0,0.078125,0,0.0625,0,0.0625,0,0.046875,0,0.0625,0.466667,0.046875,0,0.046875,0,0.046875,0,0.0625,0,0.0625,0,0.0625,0,
51,100,2,0.0625,0,0.09375,0.533333,0.03125,0,0.078125,0.866667,0.03125,0,0.03125,0,0.046875,0,0.03125,0,0.03125,0,0.078125,0.866667,0.0625,1.04379,0.0625,0,0.03125,0,0.046875,0,0.0625,0.4,0.078125,0.533333,0.0625,0,0.046875,0,0.078125,0,0.0625,0,0.015625,0,0.03125,0,0.0625,0,0.0625,0.666667,0.09375,0.533333,0.046875,0,0.046875,0,0.046875,0,0.03125,0,0.046875,0,0.0625,0,0.046875,0,0.046875,0,0.046875,0,0.046875,0,0.015625,0,0.03125,0,0.0625,0,0.046875,0,0.046875,0.466667,0.046875,0,0.015625,0,0.0625,0.333333,0.046875,0,0.03125,0,0.0625,0,0.046875,0,0.0625,0,0.0625,0,0.078125,0.466667,0.0625,0,0.046875,0,0.03125,0,0.0625,0,0.0625,0,0.046875,0,0.0625,0,0.03125,0,0.015625,0,0.046875,0,0.015625,0,0.0625,0,0.03125,0,0.0625,0,0.0625,0,0.0625,0,0.046875,0,0.03125,0,0.015625,0,0.046875,0,0.0625,0,0.0625,0,0.0625,0,0.046875,0,0.0625,0,0.046875,0,0.0625,0,0.0625,0,0.0625,0,0.015625,0,0.046875,0,0.046875,0,0.015625,0,0.0625,0.333333,0.046875,0,0.078125,0,0.015625,0,0.0625,0,0.046875,0,0.046875,0,0.078125,0.466667,0.046875,0,0.0625,0,0.0625,0,0.046875,0,0.046875,0,0.03125,0,0.0625,0,0.03125,0,0.046875,0,
52,100,2,0.03125,0,0.09375,0.6,0.046875,0,0.03125,0,0.046875,0,0.03125,0,0.046875,0,0.046875,0,0.03125,0,0.015625,0,0.0625,0.466667,0.09375,0.949509,0.046875,0,0.03125,0,0.09375,0.866667,0.046875,0,0.0625,0.866667,0.046875,0,0.015625,0,0.046875,0,0.0625,0,0.078125,0.4,0.0625,0,0.0625,0,0.03125,0,0.0625,0,0.0625,0.6,0.03125,0,0.0625,0,0.046875,0,0.078125,0,0.015625,0,0.046875,0.466667,0.0625,0,0.046875,0,0.0625,0,0.0625,0,0.046875,0,0.015625,0,0.046875,0,0.015625,0,0.03125,0,0.0625,0,0.015625,0,0.03125,0,0.0625,0.866667,0.046875,0,0.015625,0,0.0625,0.333333,0.046875,0.666667,0.046875,0,0.046875,0,0.015625,0,0.0625,0,0.015625,0,0.03125,0,0.046875,0,0.0625,0,0.015625,0,0.046875,0,0.03125,0,0.046875,0,0.0625,0,0.03125,0,0.078125,0.4,0.046875,0,0.0625,0,0.046875,0,0.046875,0,0.03125,0,0.03125,0,0.015625,0,0.046875,0,0.046875,0,0.0625,0,0.046875,0,0.0625,0,0.078125,0.8,0.0625,0,0.046875,0,0.03125,0,0.0625,0,0.046875,0,0.078125,0,0.046875,0,0.046875,0,0.046875,0,0.03125,0,0.046875,0,0.015625,0,0.03125,0,0.046875,0,0.0625,0,0.046875,0,0.03125,0,0.0625,0,0.046875,0,0.046875,0,0.0625,0,0.046875,0,
53,100,2,0.078125,1.40469,0.03125,0,0.0625,0,0.078125,0.666667,0.046875,0,0.046875,0,0.03125,0,0.03125,0,0.0625,0,0.03125,0,0.046875,0,0.0625,0,0.0625,0,0.0625,0,0.046875,0.0666667,0.046875,0,0.0625,0,0.03125,0,0.046875,0.866667,0.078125,0,0.046875,0,0.0625,0,0.03125,0,0.03125,0,0.03125,0,0.015625,0,0.046875,0,0.03125,0,0.046875,0,0.03125,0,0.0625,0,0.015625,0,0.015625,0,0.03125,0,0.078125,0,0.0625,0,0.0625,0,0.0625,0,0.03125,0,0.046875,0.4,0.0625,0,0.03125,0,0.03125,0,0.046875,0,0.046875,0,0.015625,0,0.0625,0,0.046875,0,0.046875,0,0.015625,0,0.09375,1.23709,0.03125,0,0.0625,0,0.0625,0,0.078125,0,0.03125,0,0.078125,1.09902,0.046875,0,0.015625,0,0.0625,0,0.03125,0,0.0625,0,0.0625,0,0.078125,0,0.046875,0,0.046875,0,0.03125,0,0.03125,0,0.03125,0,0.046875,0,0.046875,0,0.046875,0,0.046875,0,0.046875,0,0.0625,0,0.046875,0,0.03125,0,0.0625,0,0.0625,0,0.078125,0,0.015625,0,0.046875,0,0.03125,0,0.046875,0,0.03125,0,0.046875,0,0.046875,0,0.0625,0,0.046875,0,0.046875,0,0.078125,0,0.0625,0,0.046875,0,0.046875,0,0.03125,0,0.0625,0.4,0.046875,0,0.046875,0,0.078125,0.666667,0.046875,0,
54,100,2,0.078125,0.466667,0.078125,1.0714,0.046875,0.133333,0.0625,0,0.0625,0,0.078125,0.733333,0.046875,0,0.03125,0,0.015625,0,0.015625,0,0.03125,0,0.03125,0,0.0625,0,0.0625,0,0.046875,0,0.0625,0,0.046875,0,0.046875,0,0.078125,0,0.046875,0,0.078125,0,0.0625,0,0.0625,0,0.0625,0,0.046875,0,0.046875,0,0.046875,0,0.046875,0.133333,0.0625,0,0.09375,0.6,0.046875,0,0.046875,0,0.03125,0,0.03125,0,0.046875,0,0.046875,0,0.03125,0,0.046875,0.133333,0.046875,0,0.046875,0,0.046875,0.133333,0.03125,0,0.09375,1.08758,0.03125,0,0.015625,0,0.078125,0.666667,0.046875,0,0.0625,0,0.0625,0,0.03125,0,0.078125,0,0.0625,0,0.046875,0.0666667,0.078125,0.4,0.0625,0,0.046875,0,0.078125,0,0.0625,0,0.046875,0,0.046875,0,0.0625,0.933333,0.0625,0,0.0625,0,0.03125,0,0.046875,0,0.03125,0,0.046875,0,0.03125,0,0.078125,0,0.0625,0,0.03125,0,0.03125,0,0.078125,0.4,0.0625,0,0.0625,0,0.03125,0,0.078125,0,0.0625,0,0.09375,0.866667,0.0625,0,0.015625,0,0.046875,0,0.0625,0.333333,0.046875,0,0.0625,0,0.078125,0,0.078125,0,0.046875,0,0.046875,0,0.03125,0,0.078125,1.20948,0.046875,0,0.03125,0,0.03125,0,0.078125,0.4,0.046875,0,0.09375,1.08758,0.03125,0,0.03125,0,0.0625,0,
