0,100,2,0.015625,0,0.015625,0,0.015625,0,0.015625,0,0.015625,0,0.015625,0,0.015625,0,0.015625,0,0.015625,0,0.015625,0,0.015625,0,0.015625,0,0.03125,0.8,0.015625,0,0.015625,0,0.015625,0,0.015625,0,0.015625,0,0.015625,0,0.015625,0,0.015625,0,0.03125,0.4,0.015625,0,0.03125,0.8,0.015625,0,0.015625,0,0.015625,0,0.015625,0,0.015625,0,0.015625,0,0.015625,0,0.015625,0,0.03125,0.4,0.03125,0.4,0.015625,0,0.015625,0,0.015625,0,0.015625,0,0.015625,0,0.015625,0,0.015625,0,0.015625,0,0.015625,0,0.015625,0,0.015625,0,0.03125,0.4,0.015625,0,0.015625,0,0.015625,0,0.015625,0,0.015625,0,0.015625,0,0.015625,0,0.015625,0,0.015625,0,0.015625,0,0.015625,0,0.015625,0,0.015625,0,0.015625,0,0.015625,0,0.03125,0.4,0.015625,0,0.015625,0,0.015625,0,0.015625,0,0.015625,0,0.015625,0,0.015625,0,0.015625,0,0.015625,0,0.015625,0,0.015625,0,0.015625,0,0.03125,0.8,0.015625,0,0.015625,0,0.015625,0,0.015625,0,0.015625,0,0.015625,0,0.015625,0,0.015625,0,0.015625,0,0.015625,0,0.03125,0.4,0.015625,0,0.015625,0,0.03125,0.4,0.015625,0,0.0625,1.55301,0.015625,0,0.015625,0,0.015625,0,0.015625,0,0.015625,0,0.03125,0.4,0.015625,0,0.015625,0,0.03125,0.4,
1,100,2,0.015625,0,0.015625,0,0.015625,0,0.015625,0,0.015625,0,0.03125,0.866667,0.015625,0,0.015625,0,0.03125,0,0.015625,0,0.015625,0,0.015625,0,0.03125,0,0.03125,0.866667,0.03125,0.466667,0.015625,0,0.015625,0,0.015625,0,0.03125,0,0.015625,0,0.015625,0,0.015625,0,0.015625,0,0.015625,0,0.015625,0,0.015625,0,0.03125,0,0.015625,0,0.03125,0.466667,0.015625,0,0.015625,0,0.015625,0,0.015625,0,0.015625,0,0.015625,0,0.015625,0,0.03125,0,0.015625,0,0.015625,0,0.015625,0,0.03125,0.466667,0.015625,0,0.015625,0,0.015625,0,0.015625,0,0.015625,0,0.03125,0,0.015625,0,0.03125,0,0.03125,0,0.015625,0,0.015625,0,0.015625,0,0.015625,0,0.015625,0,0.015625,0,0.015625,0,0.015625,0,0.015625,0,0.015625,0,0.03125,0.466667,0.015625,0,0.015625,0,0.015625,0,0.03125,0.466667,0.015625,0,0.03125,0.466667,0.015625,0,0.015625,0,0.03125,0,0.03125,0,0.015625,0,0.015625,0,0.015625,0,0.015625,0,0.015625,0,0.03125,0,0.015625,0,0.015625,0,0.015625,0,0.015625,0,0.03125,0,0.015625,0,0.03125,0,0.015625,0,0.015625,0,0.015625,0,0.03125,0,0.046875,1.0714,0.015625,0,0.015625,0,0.015625,0,0.03125,0,0.03125,0,0.015625,0,0.03125,0.466667,0.015625,0,0.015625,0,0.015625,0,0.015625,0,
2,100,2,0.015625,0,0.015625,0,0.03125,0,0.015625,0,0.015625,0,0.015625,0,0.015625,0,0.015625,0,0.03125,0,0.015625,0,0.015625,0,0.015625,0,0.03125,0,0.015625,0,0.015625,0,0.015625,0,0.015625,0,0.015625,0,0.015625,0,0.015625,0,0.03125,0,0.015625,0,0.015625,0,0.015625,0,0.03125,0,0.015625,0,0.015625,0,0.015625,0,0.015625,0,0.015625,0,0.015625,0,0.015625,0,0.015625,0,0.015625,0,0.015625,0,0.03125,0,0.015625,0,0.015625,0,0.015625,0,0.046875,0.8,0.015625,0,0.015625,0,0.015625,0,0.03125,0,0.03125,0,0.03125,0,0.03125,0.8,0.03125,0,0.015625,0,0.015625,0,0.015625,0,0.015625,0,0.03125,0,0.015625,0,0.03125,0,0.015625,0,0.015625,0,0.015625,0,0.046875,0.8,0.015625,0,0.015625,0,0.015625,0,0.03125,0,0.015625,0,0.015625,0,0.046875,0.933333,0.015625,0,0.015625,0,0.015625,0,0.015625,0,0.015625,0,0.015625,0,0.015625,0,0.015625,0,0.015625,0,0.03125,0,0.015625,0,0.015625,0,0.03125,0,0.03125,0,0.015625,0,0.015625,0,0.03125,0,0.015625,0,0.015625,0,0.015625,0,0.03125,0,0.03125,0.8,0.03125,0.933333,0.015625,0,0.015625,0,0.015625,0,0.046875,1.23709,0.015625,0,0.015625,0,0.015625,0,0.015625,0,0.03125,0,0.015625,0,0.015625,0,
3,100,2,0.015625,0,0.015625,0,0.03125,0.0666667,0.03125,0.8,0.015625,0,0.015625,0,0.015625,0,0.03125,0.6,0.03125,0,0.015625,0,0.015625,0,0.015625,0,0.015625,0,0.03125,0.6,0.015625,0,0.015625,0,0.015625,0,0.03125,0.0666667,0.015625,0,0.015625,0,0.015625,0,0.015625,0,0.046875,0.866667,0.046875,0.866667,0.015625,0,0.03125,0.0666667,0.015625,0,0.015625,0,0.015625,0,0.03125,0,0.03125,0,0.015625,0,0.03125,0.0666667,0.015625,0,0.015625,0,0.015625,0,0.015625,0,0.015625,0,0.015625,0,0.015625,0,0.03125,0.0666667,0.015625,0,0.015625,0,0.015625,0,0.015625,0,0.015625,0,0.015625,0,0.015625,0,0.015625,0,0.03125,0,0.015625,0,0.015625,0,0.015625,0,0.015625,0,0.015625,0,0.015625,0,0.015625,0,0.015625,0,0.015625,0,0.03125,0,0.015625,0,0.015625,0,0.03125,0,0.015625,0,0.03125,0.0666667,0.015625,0,0.03125,0.6,0.015625,0,0.046875,0.866667,0.015625,0,0.03125,0,0.03125,0,0.03125,0.6,0.015625,0,0.015625,0,0.015625,0,0.015625,0,0.03125,0.8,0.015625,0,0.015625,0,0.015625,0,0.015625,0,0.015625,0,0.015625,0,0.015625,0,0.015625,0,0.015625,0,0.015625,0,0.03125,0,0.015625,0,0.015625,0,0.03125,0.0666667,0.015625,0,0.015625,0,0.015625,0,0.03125,0,0.015625,0,0.03125,0.6,0.015625,0,0.015625,0,
4,100,2,0.03125,0,0.015625,0,0.015625,0,0.015625,0,0.015625,0,0.03125,0,0.03125,0.466667,0.015625,0,0.015625,0,0.015625,0,0.015625,0,0.015625,0,0.03125,0.466667,0.015625,0,0.015625,0,0.015625,0,0.015625,0,0.015625,0,0.015625,0,0.03125,0,0.03125,0,0.03125,0.466667,0.015625,0,0.015625,0,0.015625,0,0.03125,0,0.015625,0,0.015625,0,0.03125,0,0.015625,0,0.03125,0,0.03125,0,0.015625,0,0.015625,0,0.015625,0,0.015625,0,0.015625,0,0.015625,0,0.015625,0,0.03125,0,0.03125,0,0.03125,0,0.03125,0,0.015625,0,0.015625,0,0.015625,0,0.015625,0,0.015625,0,0.03125,0,0.015625,0,0.015625,0,0.015625,0,0.046875,0.866667,0.015625,0,0.015625,0,0.015625,0,0.015625,0,0.03125,0.466667,0.046875,1.09902,0.015625,0,0.015625,0,0.015625,0,0.015625,0,0.0625,1.08758,0.03125,0,0.03125,0,0.015625,0,0.015625,0,0.03125,0,0.046875,0.866667,0.03125,0,0.015625,0,0.015625,0,0.03125,0,0.015625,0,0.0625,1.08758,0.015625,0,0.015625,0,0.015625,0,0.015625,0,0.03125,0,0.015625,0,0.015625,0,0.03125,0,0.015625,0,0.015625,0,0.015625,0,0.03125,0,0.015625,0,0.03125,0,0.015625,0,0.015625,0,0.015625,0,0.015625,0,0.015625,0,0.015625,0,0.015625,0,0.03125,0,0.015625,0,0.03125,0,
5,100,2,0.015625,0,0.015625,0,0.015625,0,0.03125,0.133333,0.015625,0,0.015625,0,0.015625,0,0.015625,0,0.0625,1.02091,0.015625,0,0.015625,0,0.015625,0,0.03125,0,0.03125,0,0.03125,0,0.015625,0,0.015625,0,0.03125,0.133333,0.015625,0,0.015625,0,0.015625,0,0.015625,0,0.015625,0,0.015625,0,0.03125,0,0.03125,0,0.03125,0,0.015625,0,0.015625,0,0.03125,0.133333,0.015625,0,0.015625,0,0.015625,0,0.015625,0,0.015625,0,0.015625,0,0.03125,0,0.015625,0,0.015625,0,0.03125,0,0.015625,0,0.015625,0,0.03125,0,0.03125,0.133333,0.015625,0,0.03125,0,0.015625,0,0.015625,0,0.015625,0,0.015625,0,0.015625,0,0.015625,0,0.015625,0,0.015625,0,0.03125,0,0.03125,0,0.03125,0.133333,0.03125,0,0.015625,0,0.015625,0,0.03125,0,0.03125,0,0.015625,0,0.015625,0,0.03125,0,0.015625,0,0.015625,0,0.03125,0,0.015625,0,0.015625,0,0.015625,0,0.03125,0,0.03125,0,0.015625,0,0.03125,0,0.03125,0,0.03125,0,0.015625,0,0.015625,0,0.015625,0,0.015625,0,0.015625,0,0.015625,0,0.046875,0.866667,0.03125,0,0.015625,0,0.015625,0,0.03125,0,0.03125,0,0.015625,0,0.015625,0,0.03125,0,0.015625,0,0.03125,0,0.03125,0,0.015625,0,0.03125,0,0.015625,0,0.015625,0,0.015625,0,
6,100,2,0.015625,0,0.015625,0,0.046875,0.933333,0.015625,0,0.046875,0.866667,0.015625,0,0.015625,0,0.015625,0,0.015625,0,0.015625,0,0.015625,0,0.015625,0,0.03125,0,0.015625,0,0.03125,0,0.015625,0,0.015625,0,0.03125,0,0.03125,0,0.015625,0,0.03125,0,0.015625,0,0.03125,0,0.015625,0,0.015625,0,0.03125,0,0.015625,0,0.03125,0,0.03125,0,0.015625,0,0.03125,0.733333,0.015625,0,0.046875,0.8,0.03125,0,0.03125,0,0.03125,0,0.015625,0,0.015625,0,0.015625,0,0.03125,0,0.015625,0,0.015625,0,0.015625,0,0.03125,0,0.015625,0,0.03125,0,0.015625,0,0.03125,0,0.03125,0,0.03125,0,0.03125,0,0.015625,0,0.015625,0,0.03125,0,0.015625,0,0.015625,0,0.015625,0,0.015625,0,0.03125,0,0.03125,0,0.015625,0,0.015625,0,0.015625,0,0.015625,0,0.046875,0.933333,0.015625,0,0.015625,0,0.046875,0.933333,0.015625,0,0.015625,0,0.015625,0,0.015625,0,0.03125,0,0.03125,0,0.03125,0,0.046875,0.8,0.03125,0,0.015625,0,0.015625,0,0.03125,0,0.015625,0,0.03125,0,0.015625,0,0.015625,0,0.015625,0,0.015625,0,0.015625,0,0.03125,0,0.03125,0,0.015625,0,0.03125,0,0.015625,0,0.03125,0,0.015625,0,0.015625,0,0.03125,0,0.0625,0.871405,0.03125,0,0.015625,0,0.015625,0,
7,100,2,0.03125,0,0.015625,0,0.03125,0,0.015625,0,0.015625,0,0.0625,0.804738,0.03125,0,0.015625,0,0.03125,0,0.03125,0,0.03125,0,0.015625,0,0.015625,0,0.03125,0,0.03125,0,0.015625,0,0.03125,0,0.03125,0,0.015625,0,0.015625,0,0.03125,0,0.015625,0,0.03125,0,0.03125,0,0.015625,0,0.015625,0,0.03125,0,0.03125,0,0.015625,0,0.015625,0,0.015625,0,0.03125,0,0.03125,0,0.015625,0,0.03125,0,0.015625,0,0.03125,0,0.03125,0,0.03125,0,0.015625,0,0.03125,0,0.015625,0,0.015625,0,0.015625,0,0.03125,0,0.015625,0,0.03125,0,0.03125,0,0.015625,0,0.015625,0,0.015625,0,0.015625,0,0.015625,0,0.015625,0,0.015625,0,0.03125,0,0.046875,0.866667,0.015625,0,0.03125,0,0.015625,0,0.03125,0,0.03125,0,0.015625,0,0.03125,0,0.015625,0,0.015625,0,0.015625,0,0.03125,0,0.015625,0,0.015625,0,0.015625,0,0.015625,0,0.015625,0,0.03125,0,0.03125,0,0.015625,0,0.015625,0,0.03125,0,0.046875,0.866667,0.03125,0,0.03125,0,0.03125,0,0.0625,1.19804,0.03125,0,0.015625,0,0.03125,0,0.015625,0,0.015625,0,0.015625,0,0.015625,0,0.015625,0,0.03125,0.666667,0.015625,0,0.015625,0,0.03125,0,0.015625,0,0.03125,0,0.03125,0,0.015625,0,0.015625,0,
8,100,2,0.015625,0,0.015625,0,0.03125,0,0.015625,0,0.03125,0,0.015625,0,0.015625,0,0.03125,0,0.015625,0,0.015625,0,0.015625,0,0.015625,0,0.015625,0,0.046875,0.666667,0.015625,0,0.015625,0,0.03125,0,0.015625,0,0.015625,0,0.015625,0,0.015625,0,0.015625,0,0.015625,0,0.015625,0,0.015625,0,0.046875,0.666667,0.015625,0,0.03125,0,0.046875,0.866667,0.015625,0,0.03125,0,0.046875,0.666667,0.03125,0,0.015625,0,0.03125,0,0.03125,0,0.03125,0,0.015625,0,0.015625,0,0.03125,0,0.015625,0,0.015625,0,0.03125,0,0.03125,0,0.015625,0,0.015625,0,0.015625,0,0.046875,0.933333,0.015625,0,0.03125,0,0.03125,0,0.046875,0.8,0.015625,0,0.03125,0,0.015625,0,0.03125,0,0.015625,0,0.03125,0,0.015625,0,0.015625,0,0.03125,0,0.0625,1.2647,0.03125,0.6,0.015625,0,0.03125,0,0.03125,0,0.015625,0,0.03125,0,0.015625,0,0.03125,0,0.03125,0,0.015625,0,0.03125,0,0.03125,0,0.015625,0,0.015625,0,0.015625,0,0.03125,0,0.015625,0,0.015625,0,0.046875,0.666667,0.0625,1.20948,0.03125,0,0.046875,0.866667,0.046875,0.8,0.0625,0.6,0.015625,0,0.03125,0,0.03125,0,0.046875,0.933333,0.0625,0.6,0.03125,0,0.015625,0,0.03125,0,0.03125,0,0.015625,0,0.015625,0,0.03125,0,0.015625,0,0.015625,0,
9,100,2,0.015625,0,0.046875,0.866667,0.015625,0,0.03125,0,0.015625,0,0.03125,0,0.015625,0,0.015625,0,0.015625,0,0.015625,0,0.03125,0.466667,0.03125,0,0.015625,0,0.03125,0,0.015625,0,0.03125,0,0.015625,0,0.015625,0,0.046875,0.666667,0.015625,0,0.03125,0,0.015625,0,0.015625,0,0.015625,0,0.03125,0,0.015625,0,0.015625,0,0.046875,0.8,0.03125,0,0.015625,0,0.015625,0,0.03125,0,0.015625,0,0.03125,0,0.03125,0,0.046875,0.933333,0.03125,0,0.015625,0,0.015625,0,0.015625,0,0.03125,0,0.015625,0,0.03125,0,0.03125,0,0.015625,0,0.03125,0.466667,0.03125,0,0.0625,0.533333,0.0625,0.533333,0.015625,0,0.015625,0,0.015625,0,0.046875,0.666667,0.03125,0,0.03125,0,0.046875,0.8,0.03125,0,0.046875,0.733333,0.03125,0,0.015625,0,0.03125,0,0.03125,0,0.03125,0,0.015625,0,0.015625,0,0.015625,0,0.015625,0,0.03125,0,0.03125,0,0.03125,0,0.015625,0,0.015625,0,0.03125,0,0.046875,0.666667,0.03125,0,0.03125,0,0.015625,0,0.046875,0.733333,0.015625,0,0.03125,0,0.0625,1.03235,0.015625,0,0.03125,0,0.015625,0,0.015625,0,0.03125,0,0.03125,0,0.0625,0.533333,0.03125,0,0.015625,0,0.015625,0,0.015625,0,0.015625,0,0.03125,0,0.046875,0.666667,0.015625,0,0.015625,0,0.015625,0,0.015625,0,0.015625,0,
10,100,2,0.0625,0.466667,0.03125,0,0.015625,0,0.03125,0,0.0625,0.466667,0.046875,0.733333,0.03125,0,0.03125,0,0.03125,0,0.03125,0,0.03125,0,0.03125,0,0.03125,0,0.03125,0,0.03125,0,0.03125,0,0.015625,0,0.03125,0,0.015625,0,0.03125,0,0.03125,0,0.015625,0,0.03125,0,0.03125,0,0.03125,0,0.015625,0,0.046875,0.733333,0.03125,0,0.046875,0.666667,0.0625,0.6,0.03125,0,0.03125,0,0.015625,0,0.015625,0,0.03125,0,0.03125,0,0.015625,0,0.046875,0.666667,0.015625,0,0.03125,0,0.03125,0,0.015625,0,0.0625,0.6,0.015625,0,0.015625,0,0.03125,0,0.046875,0.8,0.015625,0,0.03125,0,0.015625,0,0.015625,0,0.03125,0,0.015625,0,0.03125,0,0.046875,0.666667,0.015625,0,0.015625,0,0.015625,0,0.015625,0,0.015625,0,0.046875,0.8,0.03125,0,0.015625,0,0.015625,0,0.03125,0,0.015625,0,0.046875,0.666667,0.046875,0.533333,0.046875,0.533333,0.015625,0,0.015625,0,0.046875,0.8,0.046875,0.933333,0.03125,0,0.03125,0,0.03125,0,0.03125,0,0.0625,0.6,0.03125,0,0.046875,0.933333,0.015625,0,0.03125,0,0.015625,0,0.03125,0,0.03125,0,0.015625,0,0.046875,0.533333,0.015625,0,0.03125,0,0.03125,0,0.015625,0,0.015625,0,0.015625,0,0.03125,0,0.015625,0,0.015625,0,0.046875,0.8,0.015625,0,0.0625,0.6,0.03125,0,
11,100,2,0.03125,0,0.03125,0,0.03125,0,0.046875,0.6,0.046875,0.2,0.015625,0,0.03125,0,0.0625,0.333333,0.015625,0,0.03125,0,0.046875,0.2,0.03125,0,0.015625,0,0.046875,0.266667,0.046875,0.266667,0.015625,0,0.046875,0.266667,0.03125,0,0.046875,0.2,0.03125,0,0.015625,0,0.015625,0,0.015625,0,0.03125,0,0.015625,0,0.03125,0,0.015625,0,0.015625,0,0.03125,0,0.046875,0.266667,0.03125,0,0.015625,0,0.046875,0.2,0.03125,0,0.046875,0.266667,0.03125,0,0.015625,0,0.03125,0,0.03125,0.466667,0.03125,0,0.015625,0,0.03125,0,0.03125,0,0.03125,0,0.03125,0,0.03125,0,0.03125,0,0.03125,0,0.03125,0.466667,0.015625,0,0.03125,0,0.0625,0.333333,0.03125,0,0.03125,0,0.015625,0,0.046875,0.2,0.046875,0.266667,0.015625,0,0.03125,0,0.015625,0,0.03125,0,0.03125,0,0.015625,0,0.03125,0,0.015625,0,0.03125,0,0.0625,0.333333,0.046875,0.266667,0.015625,0,0.015625,0,0.03125,0,0.03125,0,0.03125,0,0.03125,0,0.03125,0,0.03125,0,0.015625,0,0.015625,0,0.015625,0,0.03125,0,0.015625,0,0.046875,0.2,0.0625,0.8,0.015625,0,0.046875,0.2,0.046875,0.8,0.015625,0,0.015625,0,0.03125,0,0.046875,0.866667,0.046875,0.266667,0.03125,0,0.03125,0,0.0625,1.07614,0.03125,0,0.015625,0,0.03125,0,0.03125,0,0.03125,0,0.046875,0.2,
12,100,2,0.015625,0,0.015625,0,0.015625,0,0.03125,0,0.046875,0.866667,0.03125,0,0.015625,0,0.0625,1.2647,0.03125,0,0.03125,0,0.015625,0,0.03125,0,0.03125,0,0.03125,0.466667,0.0625,0.832352,0.03125,0,0.03125,0,0.03125,0,0.015625,0,0.03125,0,0.015625,0,0.015625,0,0.03125,0,0.015625,0,0.03125,0,0.03125,0,0.03125,0,0.046875,0.4,0.015625,0,0.015625,0,0.0625,0.4,0.03125,0,0.015625,0,0.015625,0,0.015625,0,0.015625,0,0.015625,0,0.015625,0,0.03125,0,0.046875,0.8,0.03125,0,0.046875,0.733333,0.03125,0,0.015625,0,0.046875,0.466667,0.03125,0,0.03125,0,0.046875,0.733333,0.015625,0,0.015625,0,0.015625,0,0.046875,0.6,0.03125,0,0.03125,0,0.03125,0,0.015625,0,0.03125,0,0.015625,0,0.0625,0.666667,0.015625,0,0.03125,0,0.03125,0,0.015625,0,0.03125,0,0.03125,0,0.015625,0,0.015625,0,0.015625,0,0.015625,0,0.015625,0,0.03125,0,0.046875,0.866667,0.03125,0,0.03125,0,0.015625,0,0.03125,0,0.015625,0,0.0625,0.832352,0.015625,0,0.03125,0,0.03125,0,0.046875,0.733333,0.015625,0,0.03125,0,0.015625,0,0.03125,0,0.015625,0,0.015625,0,0.015625,0,0.03125,0,0.046875,0.4,0.03125,0,0.015625,0,0.015625,0,0.03125,0,0.0625,0.666667,0.015625,0,0.046875,0.4,0.015625,0,0.015625,0,
13,100,2,0.015625,0,0.046875,0.2,0.03125,0,0.015625,0,0.015625,0,0.03125,0,0.0625,0.0666667,0.015625,0,0.015625,0,0.015625,0,0.015625,0,0.03125,0,0.015625,0,0.03125,0,0.03125,0,0.0625,0.0666667,0.03125,0,0.046875,0.2,0.03125,0,0.015625,0,0.03125,0,0.015625,0,0.03125,0,0.03125,0,0.015625,0,0.015625,0,0.03125,0,0.0625,1.2647,0.03125,0,0.015625,0,0.03125,0,0.015625,0,0.015625,0,0.03125,0,0.03125,0,0.03125,0,0.03125,0,0.03125,0,0.03125,0,0.0625,0.0666667,0.0625,0.0666667,0.03125,0,0.046875,0.894281,0.03125,0,0.015625,0,0.015625,0,0.015625,0,0.03125,0,0.03125,0,0.015625,0,0.046875,0.894281,0.015625,0,0.0625,0.899019,0.03125,0,0.03125,0.466667,0.046875,0.533333,0.046875,0.2,0.03125,0,0.046875,0.2,0.03125,0,0.046875,0.2,0.015625,0,0.015625,0,0.046875,0.2,0.0625,0.0666667,0.015625,0,0.03125,0,0.0625,0.666667,0.046875,0.2,0.03125,0,0.03125,0,0.015625,0,0.015625,0,0.015625,0,0.03125,0,0.03125,0,0.015625,0,0.03125,0,0.046875,0.533333,0.03125,0,0.03125,0,0.03125,0,0.015625,0,0.015625,0,0.015625,0,0.046875,0.533333,0.015625,0,0.03125,0,0.03125,0,0.03125,0,0.015625,0,0.03125,0,0.015625,0,0.046875,0.2,0.015625,0,0.015625,0,0.046875,0.2,0.0625,0.666667,0.046875,0.2,0.03125,0,
14,100,2,0.015625,0,0.03125,0,0.03125,0,0.0625,0.2,0.015625,0,0.015625,0,0.03125,0,0.015625,0,0.015625,0,0.015625,0,0.03125,0,0.015625,0,0.015625,0,0.015625,0,0.03125,0,0.03125,0,0.03125,0,0.015625,0,0.03125,0,0.015625,0,0.046875,0.666667,0.015625,0,0.03125,0,0.03125,0,0.03125,0,0.03125,0,0.03125,0,0.046875,0.666667,0.03125,0,0.03125,0,0.03125,0,0.03125,0,0.03125,0,0.015625,0,0.015625,0,0.046875,0.266667,0.015625,0,0.0625,0.749509,0.03125,0,0.015625,0,0.015625,0,0.015625,0,0.03125,0,0.046875,0.2,0.03125,0,0.03125,0,0.03125,0,0.015625,0,0.046875,0.666667,0.015625,0,0.03125,0,0.015625,0,0.03125,0,0.015625,0,0.03125,0,0.03125,0,0.046875,0.666667,0.015625,0,0.015625,0,0.015625,0,0.015625,0,0.03125,0,0.015625,0,0.046875,0.266667,0.03125,0,0.03125,0.4,0.015625,0,0.015625,0,0.0625,0.894281,0.03125,0,0.046875,0.666667,0.015625,0,0.046875,0.666667,0.0625,0.894281,0.03125,0,0.03125,0,0.03125,0,0.03125,0,0.015625,0,0.015625,0,0.03125,0,0.03125,0,0.03125,0,0.03125,0,0.046875,0.933333,0.03125,0,0.078125,1.50421,0.03125,0,0.03125,0,0.03125,0,0.03125,0,0.015625,0,0.03125,0,0.0625,0.749509,0.03125,0,0.0625,0.2,0.03125,0,0.046875,0.2,0.03125,0,0.03125,0,
15,100,2,0.03125,0,0.03125,0,0.015625,0,0.03125,0,0.09375,1.77735,0.046875,0.133333,0.03125,0,0.03125,0,0.03125,0,0.046875,0.533333,0.015625,0,0.03125,0,0.015625,0,0.03125,0,0.015625,0,0.015625,0,0.03125,0,0.0625,0.2,0.046875,0.266667,0.03125,0,0.015625,0,0.015625,0,0.03125,0,0.03125,0,0.015625,0,0.015625,0,0.03125,0.4,0.03125,0,0.03125,0,0.03125,0,0.015625,0,0.03125,0,0.03125,0,0.03125,0,0.03125,0,0.015625,0,0.015625,0,0.03125,0,0.0625,0.788562,0.015625,0,0.03125,0,0.03125,0,0.03125,0,0.03125,0,0.03125,0,0.015625,0,0.015625,0,0.03125,0,0.03125,0,0.015625,0,0.015625,0,0.03125,0,0.015625,0,0.03125,0,0.03125,0,0.03125,0,0.046875,0.133333,0.03125,0,0.03125,0,0.015625,0,0.015625,0,0.0625,1.29232,0.015625,0,0.015625,0,0.03125,0,0.015625,0,0.03125,0,0.03125,0,0.046875,0.6,0.015625,0,0.03125,0,0.046875,0.666667,0.03125,0,0.046875,0.266667,0.03125,0,0.015625,0,0.046875,0.866667,0.03125,0,0.03125,0,0.03125,0,0.015625,0,0.078125,0.988562,0.046875,0.6,0.015625,0,0.015625,0,0.03125,0,0.015625,0,0.015625,0,0.015625,0,0.015625,0,0.046875,0.533333,0.015625,0,0.015625,0,0.046875,0.6,0.046875,0.8,0.03125,0,0.03125,0,0.015625,0,0.015625,0,0.03125,0,
16,100,2,0.015625,0,0.046875,0.266667,0.046875,0,0.0625,0.0666667,0.03125,0,0.03125,0,0.046875,0.333333,0.03125,0,0.03125,0,0.03125,0,0.046875,0.333333,0.03125,0,0.015625,0,0.03125,0,0.015625,0,0.03125,0.0666667,0.015625,0,0.046875,0.866667,0.03125,0,0.015625,0,0.046875,0,0.03125,0,0.0625,0.666667,0.015625,0,0.015625,0,0.0625,1.11519,0.03125,0,0.03125,0,0.03125,0,0.015625,0,0.03125,0,0.03125,0,0.03125,0,0.03125,0,0.03125,0,0.03125,0,0.03125,0,0.03125,0,0.03125,0.0666667,0.046875,0.733333,0.046875,0.866667,0.015625,0,0.03125,0,0.03125,0,0.03125,0,0.046875,0.733333,0.015625,0,0.046875,0.266667,0.046875,0.533333,0.03125,0,0.015625,0,0.03125,0,0.015625,0,0.03125,0,0.0625,0.0666667,0.03125,0,0.046875,0.533333,0.03125,0,0.015625,0,0.046875,0.733333,0.03125,0,0.03125,0.0666667,0.046875,0,0.03125,0,0.0625,1.29232,0.046875,0.333333,0.046875,0,0.0625,0.0666667,0.015625,0,0.015625,0,0.03125,0,0.046875,0.333333,0.046875,0.733333,0.03125,0,0.015625,0,0.03125,0.0666667,0.0625,1.11519,0.03125,0,0.046875,0,0.015625,0,0.046875,0.866667,0.03125,0.0666667,0.015625,0,0.015625,0,0.0625,0.666667,0.0625,1.11519,0.03125,0,0.015625,0,0.015625,0,0.015625,0,0.03125,0,0.03125,0,0.03125,0,0.015625,0,0.03125,0,0.046875,0.866667,0.046875,0,0.046875,0,0.015625,0,0.015625,0,
17,100,2,0.0625,0,0.03125,0,0.03125,0,0.03125,0,0.03125,0,0.03125,0,0.03125,0,0.03125,0,0.078125,1.20948,0.03125,0,0.03125,0,0.015625,0,0.0625,0.666667,0.015625,0,0.046875,0,0.03125,0,0.03125,0,0.015625,0,0.03125,0,0.03125,0,0.03125,0,0.046875,0.6,0.03125,0,0.046875,0.466667,0.046875,0,0.03125,0,0.03125,0,0.046875,0,0.015625,0,0.015625,0,0.015625,0,0.03125,0,0.046875,0,0.03125,0,0.0625,0.666667,0.015625,0,0.03125,0,0.046875,0.733333,0.015625,0,0.03125,0,0.015625,0,0.046875,0.8,0.03125,0,0.03125,0,0.015625,0,0.046875,0.6,0.03125,0,0.03125,0,0.03125,0,0.046875,0.8,0.03125,0,0.03125,0,0.03125,0,0.03125,0,0.015625,0,0.046875,0.8,0.03125,0,0.03125,0,0.015625,0,0.015625,0,0.046875,0,0.03125,0,0.03125,0,0.03125,0,0.046875,0,0.03125,0,0.015625,0,0.046875,0.733333,0.03125,0,0.03125,0,0.03125,0,0.03125,0,0.046875,0.866667,0.046875,0,0.015625,0,0.078125,1.5742,0.0625,1.23709,0.0625,0.666667,0.03125,0,0.015625,0,0.015625,0,0.015625,0,0.03125,0,0.03125,0,0.015625,0,0.03125,0,0.03125,0,0.015625,0,0.03125,0,0.03125,0,0.03125,0,0.03125,0,0.03125,0,0.046875,0.733333,0.03125,0,0.03125,0.266667,0.015625,0,0.03125,0.933333,0.0625,0,0.015625,0,
18,100,2,0.046875,0,0.046875,0.866667,0.046875,0.466667,0.046875,0.466667,0.015625,0,0.03125,0,0.03125,0,0.046875,0.6,0.046875,0.8,0.015625,0,0.0625,0,0.03125,0,0.046875,0.466667,0.03125,0,0.03125,0,0.0625,0.938071,0.015625,0,0.03125,0,0.03125,0,0.03125,0,0.03125,0,0.015625,0,0.015625,0,0.03125,0,0.046875,0.733333,0.015625,0,0.0625,0,0.046875,0,0.046875,0.533333,0.015625,0,0.03125,0,0.03125,0,0.046875,0,0.03125,0,0.046875,0,0.015625,0,0.03125,0,0.03125,0,0.015625,0,0.046875,0.466667,0.046875,0.466667,0.015625,0,0.015625,0,0.03125,0,0.015625,0,0.015625,0,0.03125,0,0.03125,0,0.015625,0,0.03125,0,0.03125,0,0.046875,0.466667,0.03125,0,0.015625,0,0.03125,0,0.03125,0,0.015625,0,0.046875,0.6,0.046875,0.466667,0.03125,0,0.046875,0.6,0.015625,0,0.03125,0,0.046875,0.466667,0.015625,0,0.046875,0.466667,0.015625,0,0.03125,0,0.03125,0,0.03125,0,0.015625,0,0.015625,0,0.015625,0,0.03125,0,0.046875,0,0.046875,0,0.0625,1.04853,0.015625,0,0.015625,0,0.015625,0,0.03125,0,0.015625,0,0.015625,0,0.046875,0,0.03125,0,0.03125,0,0.03125,0,0.03125,0,0.03125,0,0.03125,0,0.0625,0.6,0.03125,0,0.015625,0,0.03125,0,0.046875,0,0.015625,0,0.0625,0,0.03125,0,0.015625,0,0.015625,0,
19,100,2,0.015625,0,0.0625,0.8,0.015625,0,0.03125,0,0.03125,0,0.046875,0.866667,0.046875,0,0.03125,0,0.046875,0.533333,0.015625,0,0.03125,0,0.015625,0,0.015625,0,0.03125,0,0.015625,0,0.0625,0.466667,0.015625,0,0.03125,0,0.046875,0.6,0.03125,0,0.046875,0,0.03125,0,0.03125,0,0.015625,0,0.03125,0,0.046875,0.6,0.015625,0,0.03125,0,0.03125,0,0.046875,0.466667,0.046875,0.266667,0.0625,0.466667,0.03125,0,0.015625,0,0.03125,0,0.03125,0,0.03125,0,0.0625,0.466667,0.015625,0,0.03125,0,0.015625,0,0.046875,0.466667,0.015625,0,0.046875,0,0.046875,0,0.03125,0,0.015625,0,0.046875,0,0.03125,0,0.03125,0,0.046875,0.533333,0.046875,0.466667,0.03125,0,0.03125,0,0.03125,0,0.015625,0,0.046875,0.866667,0.03125,0,0.015625,0,0.03125,0,0.046875,0.4,0.046875,0,0.0625,0,0.046875,0,0.015625,0,0.046875,0.266667,0.046875,0.533333,0.078125,1.23709,0.015625,0,0.03125,0,0.046875,0.6,0.046875,0.466667,0.046875,0.4,0.046875,0.266667,0.0625,1.09902,0.015625,0,0.03125,0,0.046875,0,0.015625,0,0.03125,0,0.046875,0.4,0.03125,0,0.03125,0,0.015625,0,0.015625,0,0.015625,0,0.046875,0.4,0.0625,0,0.03125,0,0.03125,0,0.03125,0,0.0625,0,0.046875,0.533333,0.03125,0,0.03125,0,0.03125,0,0.046875,0.533333,0.046875,0.533333,0.03125,0,0.03125,0,
20,100,2,0.0625,1.07614,0.03125,0,0.046875,0.2,0.03125,0,0.046875,0,0.03125,0,0.03125,0,0.03125,0,0.015625,0,0.03125,0,0.015625,0,0.03125,0,0.015625,0,0.03125,0,0.03125,0,0.046875,0.866667,0.046875,0.0666667,0.0625,0.6,0.03125,0,0.046875,0,0.03125,0,0.03125,0,0.03125,0,0.046875,0,0.0625,1.15425,0.046875,0.866667,0.03125,0,0.03125,0,0.046875,0.533333,0.015625,0,0.015625,0,0.03125,0,0.046875,0.2,0.03125,0,0.03125,0,0.03125,0,0.03125,0,0.03125,0,0.03125,0,0.015625,0,0.046875,0.733333,0.046875,0.2,0.046875,0.0666667,0.03125,0,0.03125,0,0.046875,0,0.046875,0.0666667,0.03125,0,0.015625,0,0.03125,0,0.046875,0,0.03125,0,0.03125,0,0.046875,0.533333,0.03125,0,0.03125,0,0.046875,0.866667,0.015625,0,0.015625,0,0.046875,0.4,0.046875,0.0666667,0.03125,0,0.03125,0,0.046875,0.2,0.03125,0,0.078125,0.866667,0.0625,1.05997,0.046875,0,0.03125,0,0.03125,0,0.046875,0.2,0.03125,0,0.03125,0,0.03125,0,0.03125,0,0.03125,0,0.0625,1.07614,0.015625,0,0.046875,0.4,0.03125,0,0.03125,0,0.015625,0,0.046875,0,0.03125,0,0.03125,0,0.03125,0,0.03125,0,0.015625,0,0.03125,0,0.0625,0.0666667,0.03125,0,0.046875,0.933333,0.046875,0,0.03125,0,0.03125,0,0.046875,0.666667,0.03125,0,0.015625,0,0.015625,0,0.03125,0,
21,100,2,0.03125,0,0.046875,0,0.046875,0,0.0625,0.965685,0.015625,0,0.015625,0,0.015625,0,0.03125,0,0.015625,0,0.015625,0,0.03125,0,0.03125,0,0.03125,0,0.03125,0,0.078125,1.41945,0.015625,0,0.03125,0,0.015625,0,0.03125,0,0.03125,0,0.015625,0,0.03125,0,0.03125,0,0.015625,0,0.046875,0.2,0.046875,0,0.03125,0,0.046875,0.2,0.03125,0,0.015625,0,0.015625,0,0.0625,0.533333,0.03125,0,0.046875,0.333333,0.046875,0.333333,0.03125,0,0.03125,0,0.0625,0.666667,0.03125,0,0.015625,0,0.046875,0,0.03125,0,0.03125,0,0.03125,0,0.078125,1.09902,0.03125,0,0.046875,0.333333,0.015625,0,0.015625,0,0.03125,0,0.015625,0,0.03125,0,0.046875,0,0.015625,0,0.0625,0,0.03125,0,0.03125,0,0.03125,0,0.0625,0,0.03125,0,0.015625,0,0.015625,0,0.046875,0.333333,0.03125,0,0.046875,0.666667,0.0625,0,0.015625,0,0.046875,0.466667,0.03125,0,0.03125,0,0.015625,0,0.015625,0,0.0625,0.666667,0.046875,0.933333,0.015625,0,0.03125,0,0.015625,0,0.03125,0,0.015625,0,0.046875,0,0.046875,0.733333,0.078125,1.08758,0.046875,0,0.03125,0,0.03125,0,0.03125,0,0.03125,0,0.03125,0,0.03125,0,0.03125,0,0.015625,0,0.03125,0,0.0625,0,0.015625,0,0.03125,0,0.046875,0,0.0625,0.533333,0.046875,0,0.0625,0.533333,0.03125,0,
22,100,2,0.03125,0,0.015625,0,0.03125,0,0.046875,0.8,0.046875,0.2,0.046875,0,0.015625,0,0.03125,0,0.03125,0,0.03125,0,0.03125,0,0.046875,0.266667,0.03125,0,0.015625,0,0.03125,0,0.046875,0.733333,0.09375,1.79521,0.046875,0,0.015625,0,0.015625,0,0.03125,0,0.046875,0,0.03125,0,0.03125,0,0.0625,0,0.015625,0,0.015625,0,0.03125,0,0.046875,0,0.03125,0,0.03125,0,0.03125,0,0.046875,0.266667,0.03125,0,0.0625,0.533333,0.046875,0,0.046875,0,0.046875,0,0.03125,0,0.03125,0,0.015625,0,0.015625,0,0.046875,0,0.078125,0.866667,0.046875,0.4,0.015625,0,0.046875,0.733333,0.03125,0,0.03125,0,0.046875,0.8,0.015625,0,0.03125,0,0.046875,0,0.03125,0,0.03125,0,0.046875,0,0.03125,0,0.03125,0,0.046875,0.2,0.015625,0,0.0625,0,0.03125,0,0.0625,0.666667,0.0625,0.533333,0.0625,0.926633,0.046875,0.733333,0.015625,0,0.03125,0,0.03125,0,0.015625,0,0.0625,0.933333,0.03125,0,0.0625,0,0.0625,0.666667,0.046875,0.2,0.046875,0.4,0.046875,0,0.015625,0,0.0625,0,0.015625,0,0.03125,0,0.03125,0,0.046875,0.866667,0.015625,0,0.046875,0.2,0.0625,0,0.046875,0,0.03125,0,0.046875,0,0.046875,0.266667,0.046875,0.266667,0.03125,0,0.0625,0.899019,0.046875,0,0.015625,0,0.046875,0,0.03125,0,0.0625,0.666667,0.03125,0,0.015625,0,
23,100,2,0.03125,0,0.046875,0.2,0.015625,0,0.046875,0,0.046875,0,0.046875,0,0.0625,0,0.03125,0,0.015625,0,0.03125,0,0.015625,0,0.078125,1.2647,0.015625,0,0.015625,0,0.03125,0,0.03125,0,0.0625,1.29232,0.046875,0,0.015625,0,0.03125,0,0.015625,0,0.03125,0,0.0625,0.6,0.03125,0,0.03125,0,0.0625,0.6,0.015625,0,0.03125,0,0.03125,0,0.046875,0.733333,0.03125,0,0.03125,0,0.046875,0.4,0.03125,0,0.046875,0.4,0.03125,0,0.0625,0.533333,0.0625,0,0.015625,0,0.03125,0,0.03125,0,0.03125,0,0.03125,0,0.015625,0,0.015625,0,0.03125,0,0.03125,0,0.03125,0,0.015625,0,0.015625,0,0.015625,0,0.03125,0,0.03125,0,0.046875,0.2,0.015625,0,0.0625,0.866667,0.046875,0,0.046875,0,0.03125,0,0.046875,0,0.015625,0,0.0625,1.0714,0.015625,0,0.015625,0,0.03125,0,0.015625,0,0.03125,0,0.0625,0,0.015625,0,0.046875,0,0.046875,0.6,0.03125,0,0.03125,0,0.046875,0,0.015625,0,0.046875,0,0.03125,0,0.078125,1.20948,0.015625,0,0.015625,0,0.03125,0,0.03125,0,0.046875,0,0.0625,0.866667,0.0625,0.866667,0.03125,0,0.015625,0,0.046875,0,0.046875,0,0.078125,1.2647,0.0625,0,0.015625,0,0.03125,0,0.015625,0,0.03125,0,0.046875,0,0.03125,0,0.046875,0,0.03125,0,0.03125,0,
24,100,2,0.046875,0,0.046875,0,0.046875,0,0.046875,0,0.03125,0,0.03125,0,0.03125,0,0.03125,0,0.03125,0,0.03125,0,0.046875,0,0.078125,1.5742,0.03125,0,0.046875,0,0.015625,0,0.03125,0,0.015625,0,0.03125,0,0.03125,0,0.046875,0,0.03125,0,0.03125,0,0.046875,0,0.046875,0.533333,0.03125,0,0.0625,0.6,0.03125,0,0.015625,0,0.015625,0,0.078125,0.921895,0.03125,0,0.03125,0,0.03125,0,0.015625,0,0.046875,0,0.03125,0,0.03125,0,0.03125,0,0.03125,0,0.03125,0,0.03125,0,0.0625,0,0.046875,0.666667,0.046875,0,0.015625,0,0.046875,0,0.046875,0,0.015625,0,0.015625,0,0.046875,0,0.046875,0.733333,0.03125,0,0.015625,0,0.03125,0,0.046875,0.8,0.03125,0,0.015625,0,0.046875,0.866667,0.015625,0,0.046875,0,0.03125,0,0.03125,0,0.015625,0,0.046875,0.866667,0.03125,0,0.0625,0.6,0.03125,0,0.03125,0,0.015625,0,0.015625,0,0.046875,0,0.03125,0,0.015625,0,0.0625,0.533333,0.046875,0,0.015625,0,0.0625,0.533333,0.015625,0,0.03125,0,0.078125,1.22565,0.03125,0,0.046875,0,0.046875,0,0.046875,0,0.03125,0,0.046875,0,0.0625,0.933333,0.046875,0.533333,0.03125,0,0.03125,0,0.046875,0,0.078125,1.09902,0.015625,0,0.03125,0,0.078125,1.59539,0.03125,0,0.015625,0,0.03125,0,0.078125,1.2647,0.03125,0,
25,100,2,0.03125,0,0.03125,0,0.046875,0,0.015625,0,0.015625,0,0.015625,0,0.03125,0,0.03125,0,0.046875,0,0.015625,0,0.046875,0.4,0.03125,0,0.046875,0.8,0.046875,0.866667,0.03125,0,0.046875,0,0.015625,0,0.015625,0,0.03125,0,0.03125,0,0.046875,0,0.046875,0,0.03125,0,0.015625,0,0.0625,1.2647,0.046875,0.266667,0.015625,0,0.046875,0.866667,0.015625,0,0.03125,0,0.015625,0,0.0625,0.533333,0.0625,0.933333,0.0625,0.866667,0.03125,0,0.03125,0,0.03125,0,0.0625,0.871405,0.03125,0,0.015625,0,0.015625,0,0.03125,0,0.0625,0.933333,0.03125,0,0.03125,0,0.015625,0,0.015625,0,0.0625,0.4,0.03125,0,0.046875,0,0.03125,0,0.046875,0,0.046875,0.733333,0.03125,0,0.046875,0,0.046875,0.733333,0.03125,0,0.015625,0,0.0625,0.933333,0.03125,0,0.015625,0,0.0625,0,0.046875,0.266667,0.015625,0,0.015625,0,0.046875,0,0.046875,0.733333,0.015625,0,0.015625,0,0.03125,0,0.046875,0,0.0625,0.866667,0.03125,0,0.0625,0,0.046875,0,0.09375,1.37065,0.0625,0.4,0.03125,0,0.015625,0,0.03125,0,0.046875,0,0.015625,0,0.03125,0,0.03125,0,0.015625,0,0.03125,0,0.03125,0,0.0625,0.866667,0.03125,0,0.0625,0.682843,0.03125,0,0.0625,0.682843,0.0625,1.23709,0.015625,0,0.046875,0.8,0.0625,0.466667,0.015625,0,0.046875,0.4,0.015625,0,0.046875,0.266667,
26,100,2,0.046875,0,0.03125,0,0.046875,0,0.078125,1.2647,0.03125,0,0.03125,0,0.015625,0,0.03125,0,0.015625,0,0.046875,0,0.078125,1.18186,0.03125,0,0.015625,0,0.03125,0,0.046875,0,0.03125,0,0.046875,0.866667,0.03125,0,0.03125,0,0.0625,0,0.046875,0.666667,0.015625,0,0.03125,0,0.03125,0,0.03125,0,0.046875,0,0.0625,0,0.03125,0,0.03125,0,0.0625,0,0.03125,0,0.03125,0,0.03125,0,0.03125,0,0.046875,0.666667,0.03125,0,0.0625,1.23709,0.046875,0,0.046875,0,0.0625,0.533333,0.015625,0,0.0625,0.933333,0.03125,0,0.03125,0,0.03125,0,0.015625,0,0.0625,0,0.03125,0,0.015625,0,0.03125,0,0.03125,0,0.0625,1.11519,0.0625,0.749509,0.046875,0,0.078125,0.8,0.03125,0,0.015625,0,0.03125,0,0.015625,0,0.03125,0,0.03125,0,0.0625,1.00474,0.0625,0.749509,0.03125,0,0.03125,0,0.03125,0,0.03125,0,0.015625,0,0.03125,0,0.015625,0,0.03125,0,0.015625,0,0.03125,0,0.03125,0,0.046875,0,0.046875,0.333333,0.03125,0,0.046875,0,0.03125,0,0.046875,0,0.03125,0,0.03125,0,0.078125,1.34946,0.03125,0,0.015625,0,0.03125,0,0.03125,0,0.078125,1.18186,0.046875,0,0.03125,0,0.015625,0,0.015625,0,0.015625,0,0.03125,0,0.046875,0.666667,0.03125,0,0.03125,0,0.03125,0,0.03125,0,0.03125,0,
27,100,2,0.0625,0.866667,0.03125,0,0.03125,0,0.03125,0,0.0625,0,0.015625,0,0.015625,0,0.046875,0,0.03125,0,0.0625,0,0.046875,0.866667,0.0625,0.6,0.015625,0,0.03125,0,0.03125,0.933333,0.046875,0,0.0625,0.933333,0.03125,0,0.046875,0.466667,0.015625,0,0.03125,0,0.015625,0,0.046875,0,0.03125,0,0.046875,0,0.03125,0,0.046875,0,0.046875,0,0.046875,0,0.078125,1.23709,0.0625,0.933333,0.015625,0,0.03125,0,0.03125,0,0.046875,0.466667,0.03125,0,0.0625,0.749509,0.03125,0,0.046875,0,0.015625,0,0.046875,0.666667,0.03125,0,0.015625,0,0.0625,1.15425,0.078125,1.09902,0.0625,0,0.046875,0.733333,0.015625,0,0.03125,0,0.03125,0,0.0625,0,0.015625,0,0.03125,0,0.015625,0,0.03125,0,0.015625,0,0.015625,0,0.03125,0,0.015625,0,0.03125,0,0.015625,0,0.015625,0,0.03125,0,0.03125,0,0.03125,0,0.015625,0,0.015625,0,0.03125,0,0.03125,0,0.046875,0,0.046875,0,0.0625,0,0.015625,0,0.015625,0,0.046875,0.733333,0.03125,0,0.046875,0,0.015625,0,0.046875,0,0.03125,0,0.046875,0.8,0.0625,0,0.015625,0,0.03125,0,0.015625,0,0.015625,0,0.015625,0,0.015625,0,0.03125,0,0.03125,0,0.03125,0,0.046875,0.533333,0.015625,0,0.046875,0,0.046875,0.533333,0.03125,0,0.046875,0,0.015625,0,0.03125,0,0.03125,0,
28,100,2,0.03125,0,0.03125,0,0.0625,0.266667,0.03125,0,0.03125,0,0.0625,0.266667,0.0625,0.6,0.015625,0,0.03125,0,0.046875,0,0.03125,0,0.03125,0,0.046875,0.466667,0.015625,0,0.046875,0.266667,0.03125,0,0.015625,0,0.078125,1.17042,0.03125,0,0.015625,0,0.03125,0,0.03125,0,0.0625,0.666667,0.046875,0,0.046875,0.6,0.015625,0,0.015625,0,0.03125,0,0.0625,0.333333,0.046875,0.733333,0.0625,0,0.03125,0,0.078125,1.31542,0.015625,0,0.046875,0,0.03125,0,0.03125,0,0.015625,0,0.0625,0.933333,0.0625,1.31993,0.03125,0,0.046875,0.666667,0.046875,0,0.03125,0,0.015625,0,0.0625,0.533333,0.03125,0,0.046875,0,0.046875,0.266667,0.078125,0.933333,0.046875,0.266667,0.015625,0,0.046875,0.4,0.03125,0,0.03125,0,0.0625,0.666667,0.03125,0,0.03125,0,0.0625,0.333333,0.015625,0,0.015625,0,0.0625,0.733333,0.046875,0,0.03125,0,0.046875,0,0.03125,0,0.046875,0,0.015625,0,0.046875,0.333333,0.046875,0.6,0.046875,0,0.03125,0,0.015625,0,0.046875,0,0.03125,0,0.03125,0,0.046875,0,0.0625,0.733333,0.03125,0,0.03125,0,0.0625,0.666667,0.0625,0,0.046875,0,0.03125,0,0.03125,0,0.0625,0.894281,0.015625,0,0.03125,0,0.03125,0,0.03125,0,0.046875,0,0.046875,0,0.0625,0.866667,0.03125,0,0.015625,0,0.03125,0,0.046875,0,0.046875,0.4,0.03125,0,0.03125,0,
29,100,2,0.046875,0,0.03125,0,0.078125,0.921895,0.046875,0,0.0625,0,0.03125,0,0.046875,0,0.0625,0,0.03125,0,0.046875,0,0.03125,0,0.03125,0,0.03125,0,0.0625,0.333333,0.078125,1.12663,0.03125,0,0.046875,0,0.03125,0,0.0625,0,0.03125,0,0.046875,0.733333,0.0625,0,0.03125,0,0.046875,0,0.015625,0,0.015625,0,0.078125,0.866667,0.015625,0,0.03125,0,0.0625,1.08758,0.03125,0,0.046875,0,0.03125,0,0.03125,0,0.03125,0,0.03125,0,0.0625,1.08758,0.0625,0.533333,0.0625,0.866667,0.03125,0,0.03125,0,0.015625,0,0.09375,1.20948,0.03125,0,0.0625,0,0.0625,0.533333,0.046875,0,0.046875,0.4,0.046875,0,0.015625,0,0.03125,0,0.03125,0,0.015625,0,0.015625,0,0.046875,0,0.0625,0.8,0.03125,0,0.078125,0.827614,0.0625,0.333333,0.015625,0,0.046875,0,0.015625,0,0.046875,0,0.03125,0,0.03125,0,0.046875,0.333333,0.0625,0,0.015625,0,0.046875,0,0.078125,1.34304,0.046875,0,0.03125,0,0.0625,0.333333,0.015625,0,0.046875,0.533333,0.0625,0.8,0.015625,0,0.015625,0,0.0625,0.8,0.03125,0,0.03125,0,0.046875,0,0.015625,0,0.046875,0,0.0625,0.333333,0.03125,0,0.046875,0.533333,0.03125,0,0.03125,0,0.03125,0,0.03125,0,0.046875,0.8,0.015625,0,0.078125,1.40469,0.0625,0.333333,0.03125,0,0.046875,0,0.015625,0,0.03125,0,0.03125,0,
30,100,2,0.046875,0,0.0625,0.266667,0.046875,0.333333,0.046875,0,0.015625,0,0.046875,0.333333,0.046875,0.6,0.0625,0,0.046875,0,0.046875,0,0.0625,0.266667,0.046875,0,0.0625,0.266667,0.015625,0,0.0625,0.266667,0.03125,0,0.0625,0.933333,0.0625,0.466667,0.015625,0,0.046875,0.4,0.03125,0,0.03125,0,0.046875,0.6,0.109375,1.5254,0.03125,0,0.03125,0,0.03125,0,0.046875,0,0.046875,0,0.0625,0.882843,0.078125,1.31041,0.03125,0,0.03125,0,0.078125,1.17042,0.0625,0,0.078125,1.20948,0.015625,0,0.046875,0.533333,0.015625,0,0.046875,0.4,0.03125,0,0.03125,0,0.046875,0.533333,0.0625,0,0.015625,0,0.046875,0,0.078125,0.954247,0.046875,0,0.015625,0,0.046875,0,0.078125,0.954247,0.015625,0,0.078125,0.666667,0.015625,0,0.0625,0.866667,0.0625,0,0.03125,0,0.03125,0,0.046875,0,0.03125,0,0.046875,0,0.046875,0.533333,0.03125,0,0.015625,0,0.03125,0,0.046875,0,0.015625,0,0.015625,0,0.0625,0.666667,0.015625,0,0.046875,0,0.015625,0,0.0625,0.666667,0.046875,0.333333,0.078125,1.39826,0.03125,0,0.015625,0,0.046875,0,0.03125,0,0.046875,0,0.046875,0.866667,0.078125,1.05997,0.0625,0,0.078125,0.666667,0.046875,0.533333,0.03125,0,0.0625,0,0.0625,0.266667,0.0625,0.266667,0.09375,1.53182,0.046875,0.4,0.03125,0,0.015625,0,0.046875,0.6,0.015625,0,0.078125,1.20948,0.046875,0.533333,0.03125,0,0.015625,0,0.046875,0,
31,100,2,0.046875,0.533333,0.046875,0,0.046875,0,0.015625,0,0.0625,0,0.03125,0,0.046875,0.733333,0.078125,0.8,0.046875,0.133333,0.046875,0,0.046875,0.533333,0.015625,0,0.046875,0,0.078125,1.01618,0.0625,0.866667,0.046875,0,0.03125,0,0.0625,0.466667,0.046875,0.8,0.046875,0,0.03125,0,0.046875,0,0.046875,0.666667,0.046875,0.2,0.03125,0,0.078125,1.13137,0.09375,1.29423,0.0625,0.266667,0.046875,0,0.078125,1.15425,0.046875,0,0.015625,0,0.03125,0,0.0625,0,0.0625,0.733333,0.015625,0,0.046875,0,0.03125,0,0.0625,1.15425,0.0625,0.266667,0.0625,0,0.03125,0,0.03125,0,0.0625,0.733333,0.03125,0,0.015625,0,0.0625,1.00474,0.03125,0,0.03125,0,0.078125,1.09902,0.046875,0,0.03125,0,0.046875,0,0.046875,0.2,0.03125,0,0.015625,0,0.0625,0,0.03125,0,0.015625,0,0.03125,0,0.03125,0,0.03125,0,0.03125,0,0.03125,0,0.09375,1.50421,0.03125,0,0.015625,0,0.015625,0,0.03125,0,0.046875,0,0.03125,0,0.015625,0,0.03125,0,0.046875,0,0.015625,0,0.046875,0.2,0.046875,0,0.0625,0.882843,0.015625,0,0.015625,0,0.046875,0,0.0625,1.23709,0.03125,0,0.046875,0,0.015625,0,0.046875,0.133333,0.03125,0,0.015625,0,0.078125,1.23709,0.0625,0.933333,0.046875,0.133333,0.046875,0,0.03125,0,0.03125,0,0.046875,0.533333,0.03125,0,0.046875,0,0.015625,0,0.03125,0,0.046875,0.2,
32,100,2,0.0625,0.133333,0.015625,0,0.015625,0,0.046875,0.133333,0.0625,0.733333,0.03125,0,0.0625,1.25828,0.03125,0,0.03125,0,0.03125,0,0.0625,0.133333,0.046875,0,0.0625,0,0.046875,0.266667,0.03125,0,0.03125,0,0.0625,1.08758,0.03125,0,0.03125,0,0.046875,0,0.046875,0,0.0625,0.866667,0.046875,0,0.03125,0,0.03125,0,0.03125,0,0.0625,0,0.03125,0,0.03125,0,0.046875,0.133333,0.09375,1.44707,0.03125,0,0.046875,0,0.0625,1.08758,0.03125,0.8,0.046875,0,0.046875,0.333333,0.03125,0,0.03125,0,0.03125,0,0.078125,1.09902,0.03125,0,0.078125,1.01618,0.046875,0.4,0.015625,0,0.0625,0.933333,0.046875,0,0.046875,0.266667,0.03125,0,0.03125,0,0.0625,0.133333,0.046875,0,0.015625,0,0.046875,0,0.03125,0,0.078125,0.533333,0.03125,0.8,0.046875,0,0.046875,0.533333,0.046875,0,0.078125,0.777124,0.03125,0,0.0625,0.8,0.015625,0,0.046875,0.733333,0.078125,0.533333,0.046875,0.266667,0.015625,0,0.046875,0.133333,0.03125,0,0.0625,0.4,0.03125,0,0.03125,0,0.015625,0,0.0625,0,0.0625,0.133333,0.09375,1.15425,0.046875,0.6,0.078125,0.733333,0.015625,0,0.03125,0,0.0625,0.466667,0.015625,0,0.03125,0,0.015625,0,0.015625,0,0.0625,1.14281,0.03125,0,0.03125,0,0.0625,0.733333,0.03125,0,0.046875,0.733333,0.0625,0,0.078125,0.733333,0.046875,0,0.03125,0,0.046875,0.133333,0.03125,0,0.015625,0,0.03125,0,
33,100,2,0.03125,0,0.09375,1.08758,0.046875,0,0.03125,0,0.015625,0,0.0625,0,0.078125,1.00474,0.078125,1.09902,0.03125,0,0.0625,0.466667,0.078125,0.804738,0.03125,0,0.03125,0,0.015625,0,0.046875,0,0.03125,0,0.03125,0,0.03125,0,0.046875,0,0.078125,1.30708,0.03125,0,0.03125,0,0.046875,0,0.046875,0.133333,0.046875,0,0.078125,1.03235,0.0625,0.333333,0.015625,0,0.046875,0.333333,0.015625,0,0.015625,0,0.03125,0,0.046875,0.533333,0.03125,0,0.0625,0,0.046875,0,0.0625,0.788562,0.03125,0,0.03125,0,0.046875,0.333333,0.046875,0.533333,0.0625,0,0.03125,0,0.03125,0,0.03125,0,0.0625,0.466667,0.015625,0,0.015625,0,0.046875,0,0.015625,0,0.03125,0,0.0625,0,0.0625,0.133333,0.046875,0.933333,0.03125,0,0.03125,0,0.03125,0,0.046875,0,0.03125,0,0.03125,0,0.015625,0,0.0625,0.666667,0.03125,0,0.109375,1.55301,0.046875,0,0.046875,0.533333,0.03125,0,0.078125,1.18186,0.015625,0,0.0625,0,0.03125,0,0.03125,0,0.03125,0,0.03125,0,0.0625,0.8,0.03125,0,0.03125,0,0.03125,0,0.0625,0.733333,0.0625,0.133333,0.015625,0,0.03125,0,0.046875,0,0.046875,0,0.03125,0,0.03125,0,0.046875,0,0.046875,0.133333,0.0625,0.133333,0.046875,0.333333,0.015625,0,0.03125,0,0.0625,0.866667,0.03125,0,0.046875,0.133333,0.03125,0,0.046875,0,0.03125,0,0.0625,0.8,0.0625,0,
34,100,2,0.03125,0,0.03125,0,0.03125,0,0.09375,1.11519,0.0625,0,0.03125,0,0.078125,0.627614,0.046875,0,0.046875,0.4,0.03125,0,0.03125,0,0.0625,0.266667,0.015625,0,0.046875,0.2,0.03125,0,0.03125,0,0.046875,0,0.046875,0,0.0625,0.6,0.046875,0.533333,0.0625,0.6,0.0625,0,0.09375,1.2647,0.046875,0.266667,0.046875,0,0.03125,0,0.03125,0,0.0625,0,0.046875,0,0.046875,0.733333,0.0625,0.8,0.03125,0,0.046875,0,0.0625,0,0.03125,0,0.03125,0,0.078125,1.01618,0.046875,0,0.03125,0,0.015625,0,0.015625,0,0.0625,0.8,0.046875,0,0.03125,0,0.03125,0,0.0625,0.0666667,0.03125,0,0.03125,0,0.046875,0,0.03125,0,0.015625,0,0.0625,0,0.03125,0,0.03125,0,0.046875,0.266667,0.015625,0,0.03125,0,0.0625,0,0.0625,1.03235,0.046875,0.666667,0.0625,0.0666667,0.0625,0.666667,0.03125,0,0.015625,0,0.015625,0,0.015625,0,0.0625,0.466667,0.03125,0,0.046875,0,0.0625,0.466667,0.03125,0,0.046875,0,0.03125,0,0.03125,0,0.0625,0.6,0.046875,0.4,0.046875,0.666667,0.0625,0.0666667,0.046875,0,0.03125,0,0.046875,0,0.03125,0,0.03125,0,0.046875,0.4,0.046875,0,0.046875,0,0.046875,0,0.03125,0,0.015625,0,0.046875,0,0.046875,0,0.015625,0,0.015625,0,0.046875,0,0.046875,0,0.0625,0.988562,0.046875,0.933333,0.0625,0.960948,0.0625,0.6,0.046875,0,
35,100,2,0.03125,0,0.046875,0.8,0.0625,0,0.0625,0,0.015625,0,0.03125,0,0.015625,0,0.0625,0.965685,0.046875,0,0.03125,0,0.046875,0.4,0.046875,0.4,0.0625,0.8,0.0625,0.8,0.03125,0,0.03125,0,0.046875,0,0.046875,0,0.046875,0,0.015625,0,0.015625,0,0.046875,0,0.03125,0,0.046875,0,0.0625,0.8,0.03125,0,0.015625,0,0.0625,0.910457,0.0625,0.666667,0.03125,0,0.0625,0,0.03125,0,0.0625,0.466667,0.046875,0,0.03125,0,0.078125,0.8,0.078125,0.6,0.03125,0,0.046875,0,0.046875,0,0.046875,0.2,0.03125,0,0.046875,0,0.03125,0,0.046875,0,0.078125,0.6,0.046875,0.733333,0.03125,0,0.046875,0,0.03125,0,0.03125,0,0.015625,0,0.046875,0,0.0625,0,0.0625,0,0.046875,0.533333,0.046875,0.533333,0.09375,1.14281,0.03125,0,0.0625,0,0.078125,0.933333,0.03125,0,0.03125,0,0.046875,0,0.046875,0.533333,0.046875,0,0.03125,0,0.015625,0,0.015625,0,0.078125,0.6,0.03125,0,0.078125,1.18186,0.046875,0,0.0625,0,0.03125,0,0.078125,0.655228,0.03125,0,0.0625,0,0.03125,0,0.03125,0,0.078125,0.933333,0.03125,0,0.03125,0,0.078125,0.6,0.0625,0,0.046875,0,0.0625,0,0.03125,0,0.046875,0,0.03125,0,0.046875,0.333333,0.078125,1.11519,0.0625,0.866667,0.046875,0,0.03125,0,0.046875,0,0.03125,0,0.046875,0,0.03125,0,0.078125,1.46826,
36,100,2,0.03125,0,0.015625,0,0.078125,1.37398,0.0625,0,0.046875,0,0.0625,0,0.03125,0,0.03125,0,0.046875,0.6,0.0625,0.8,0.03125,0,0.046875,0,0.03125,0,0.015625,0,0.015625,0,0.015625,0,0.015625,0,0.046875,0,0.078125,0.4,0.046875,0,0.046875,0,0.046875,0,0.078125,0.8,0.046875,0.666667,0.078125,0.4,0.03125,0,0.0625,0,0.078125,0.882843,0.03125,0,0.046875,0,0.046875,0.333333,0.015625,0,0.0625,0,0.046875,0,0.046875,0,0.0625,0,0.046875,0.133333,0.0625,0,0.046875,0,0.078125,0.4,0.015625,0,0.046875,0.133333,0.03125,0,0.046875,0,0.015625,0,0.046875,0,0.046875,0,0.046875,0,0.046875,0,0.046875,0,0.09375,1.04379,0.015625,0,0.0625,0.899019,0.0625,0,0.046875,0,0.046875,0,0.046875,0,0.078125,0.933333,0.03125,0,0.046875,0,0.03125,0,0.0625,0.933333,0.046875,0,0.046875,0,0.03125,0,0.09375,0.8,0.03125,0,0.015625,0,0.03125,0,0.078125,0.933333,0.03125,0,0.09375,1.23709,0.078125,0.4,0.078125,0.4,0.046875,0,0.078125,0.8,0.078125,0.866667,0.046875,0,0.078125,0.4,0.046875,0,0.03125,0,0.0625,0.533333,0.015625,0,0.03125,0,0.015625,0,0.078125,0.8,0.046875,0.333333,0.078125,0.4,0.03125,0,0.078125,0.4,0.046875,0.333333,0.046875,0,0.0625,0,0.046875,0,0.078125,0.6,0.0625,0,0.0625,0,0.0625,0.533333,0.0625,0.466667,0.046875,0.133333,
37,100,2,0.078125,0.133333,0.0625,0,0.046875,0,0.078125,0.6,0.0625,0,0.046875,0.266667,0.0625,0.4,0.03125,0,0.0625,0.266667,0.078125,0.133333,0.046875,0,0.03125,0,0.109375,1.32517,0.015625,0,0.046875,0,0.046875,0.2,0.0625,0,0.015625,0,0.03125,0,0.046875,0.4,0.078125,0.666667,0.015625,0,0.015625,0,0.046875,0,0.0625,0.733333,0.0625,0,0.015625,0,0.03125,0,0.09375,0.694281,0.046875,0,0.046875,0,0.046875,0.4,0.078125,0.666667,0.046875,0,0.046875,0,0.03125,0,0.078125,1.23709,0.0625,0,0.03125,0,0.046875,0,0.03125,0,0.03125,0,0.03125,0,0.0625,0.266667,0.0625,0,0.046875,0.4,0.03125,0,0.078125,0.133333,0.0625,0,0.078125,0.133333,0.0625,0,0.046875,0,0.0625,0.266667,0.03125,0,0.0625,0,0.0625,1.01618,0.0625,0.666667,0.046875,0,0.03125,0,0.046875,0,0.078125,0.133333,0.0625,0.266667,0.078125,0.977124,0.078125,0.133333,0.046875,0,0.0625,0,0.046875,0,0.03125,0,0.03125,0,0.046875,0,0.078125,0.894281,0.078125,0.133333,0.0625,0,0.03125,0,0.046875,0,0.03125,0,0.046875,0,0.0625,0,0.0625,0.666667,0.0625,0,0.0625,0.266667,0.0625,0,0.0625,0,0.0625,0.666667,0.015625,0,0.0625,0,0.09375,0.694281,0.046875,0,0.0625,0.4,0.0625,0,0.03125,0,0.03125,0,0.046875,0,0.015625,0,0.03125,0,0.046875,0,0.015625,0,0.046875,0,0.046875,0.266667,0.03125,0,
38,100,2,0.046875,0,0.03125,0,0.078125,0.2,0.046875,0,0.046875,0.733333,0.078125,0.921895,0.0625,0.266667,0.046875,0,0.0625,0,0.0625,0.266667,0.046875,0,0.0625,0.266667,0.046875,0,0.078125,0.8,0.0625,0.866667,0.046875,0.533333,0.03125,0,0.078125,0.2,0.03125,0,0.078125,0.2,0.046875,0,0.078125,0.533333,0.078125,0.2,0.078125,0.466667,0.03125,0,0.015625,0,0.046875,0,0.046875,0.2,0.0625,0,0.0625,0,0.015625,0,0.0625,0,0.046875,0.133333,0.09375,0.666667,0.015625,0,0.078125,0.466667,0.0625,0,0.046875,0,0.046875,0,0.0625,0,0.078125,0.8,0.0625,0,0.0625,0,0.015625,0,0.03125,0,0.0625,0,0.03125,0,0.09375,0.84379,0.03125,0,0.0625,0,0.046875,0,0.046875,0,0.046875,0.133333,0.0625,0,0.046875,0,0.0625,0,0.046875,0,0.0625,0,0.078125,0.2,0.0625,0,0.046875,0,0.046875,0,0.078125,0.533333,0.046875,0,0.015625,0,0.046875,0,0.0625,0.666667,0.046875,0,0.03125,0,0.0625,0,0.0625,0,0.03125,0,0.0625,0,0.0625,0,0.0625,0.933333,0.09375,0.84379,0.0625,0,0.03125,0,0.03125,0,0.078125,0.533333,0.0625,0,0.0625,0,0.03125,0,0.0625,0.733333,0.046875,0.2,0.0625,0,0.03125,0,0.03125,0,0.046875,0,0.046875,0,0.0625,0,0.046875,0,0.046875,0,0.046875,0,0.046875,0,0.03125,0,0.09375,0.666667,0.0625,0.733333,0.046875,0.6,0.03125,0,
39,100,2,0.03125,0,0.0625,0.933333,0.0625,0,0.078125,1.0714,0.0625,0.866667,0.0625,0,0.0625,0,0.0625,0,0.03125,0,0.03125,0,0.0625,0,0.03125,0,0.046875,0,0.03125,0,0.03125,0,0.046875,0,0.03125,0,0.03125,0,0.03125,0,0.078125,0.4,0.09375,1.2647,0.046875,0,0.0625,0,0.046875,0,0.046875,0.133333,0.046875,0.133333,0.015625,0,0.0625,0,0.078125,0,0.046875,0,0.078125,0,0.078125,0,0.078125,0,0.0625,0,0.0625,0.0666667,0.015625,0,0.0625,0,0.046875,0,0.0625,0,0.09375,0.866667,0.03125,0,0.0625,0.666667,0.046875,0,0.078125,1.20948,0.046875,0,0.0625,0,0.03125,0,0.015625,0,0.046875,0.133333,0.046875,0,0.078125,0.4,0.0625,0,0.03125,0,0.0625,0,0.078125,0.4,0.046875,0,0.046875,0,0.0625,0,0.046875,0,0.0625,0.666667,0.09375,0.866667,0.046875,0,0.078125,0.466667,0.09375,1.20948,0.03125,0,0.09375,0.733333,0.0625,0.0666667,0.0625,0,0.078125,0.8,0.0625,0.0666667,0.0625,0,0.03125,0,0.078125,0,0.046875,0,0.0625,0,0.0625,0.0666667,0.03125,0,0.078125,0.8,0.0625,0,0.03125,0,0.0625,0.0666667,0.0625,0,0.03125,0,0.0625,0.0666667,0.046875,0,0.015625,0,0.046875,0,0.046875,0,0.078125,0.921895,0.0625,0,0.046875,0,0.0625,0,0.078125,0,0.03125,0,0.0625,0,0.046875,0,0.046875,0,0.03125,0,0.078125,0.466667,0.046875,0,
40,100,2,0.046875,0,0.0625,0,0.078125,0.333333,0.046875,0.0666667,0.0625,0.666667,0.0625,0.866667,0.0625,0,0.046875,0,0.0625,0,0.078125,0,0.046875,0,0.0625,0,0.03125,0,0.09375,0.894281,0.078125,0,0.03125,0,0.046875,0,0.0625,0,0.0625,0,0.03125,0,0.046875,0,0.0625,0,0.015625,0,0.0625,0,0.015625,0,0.046875,0,0.078125,0.8,0.0625,0,0.03125,0,0.0625,0.666667,0.046875,0,0.0625,0,0.0625,0,0.046875,0,0.03125,0,0.078125,0.333333,0.078125,0.866667,0.078125,0.333333,0.0625,0,0.046875,0.4,0.046875,0,0.0625,0,0.03125,0,0.046875,0,0.03125,0,0.0625,0,0.046875,0.0666667,0.046875,0,0.046875,0,0.0625,0,0.0625,0,0.046875,0,0.0625,0,0.078125,0.733333,0.015625,0,0.03125,0,0.046875,0,0.046875,0.0666667,0.078125,0.6,0.0625,0.2,0.015625,0,0.078125,0.333333,0.0625,0,0.03125,0,0.0625,0.666667,0.0625,0.666667,0.0625,0.666667,0.078125,0,0.03125,0,0.078125,0,0.0625,0.866667,0.0625,0.2,0.03125,0,0.078125,0.333333,0.046875,0,0.078125,0.733333,0.0625,0,0.046875,0,0.0625,0,0.0625,0,0.0625,0,0.03125,0,0.0625,0,0.046875,0.933333,0.0625,0,0.046875,0.4,0.078125,0,0.046875,0,0.046875,0,0.03125,0,0.046875,0,0.046875,0,0.078125,0.910457,0.046875,0,0.03125,0,0.046875,0,0.046875,0,0.046875,0,0.09375,0.933333,0.03125,0,
41,100,2,0.0625,0,0.0625,0,0.046875,0,0.0625,0,0.0625,0,0.078125,0.266667,0.0625,0,0.078125,0,0.046875,0,0.0625,0,0.046875,0,0.0625,0,0.0625,0,0.0625,0,0.015625,0,0.03125,0,0.015625,0,0.0625,0,0.0625,0,0.046875,0,0.078125,0.266667,0.09375,0.733333,0.015625,0,0.046875,0,0.0625,0,0.09375,0.733333,0.09375,0.733333,0.046875,0,0.0625,0,0.046875,0,0.078125,0,0.046875,0,0.046875,0,0.0625,0,0.0625,0,0.09375,0.666667,0.046875,0,0.078125,0,0.0625,0,0.0625,0,0.046875,0,0.046875,0,0.0625,0,0.0625,1.20948,0.0625,0,0.0625,0,0.078125,0.266667,0.0625,0,0.046875,0,0.078125,1.08758,0.09375,0.733333,0.078125,0.266667,0.0625,0,0.0625,0,0.09375,1.55301,0.03125,0,0.046875,0,0.09375,1.04379,0.078125,0,0.0625,0,0.09375,1.14281,0.046875,0.2,0.09375,0.666667,0.046875,0,0.0625,0,0.078125,0.866667,0.046875,0,0.0625,0,0.0625,0,0.0625,0,0.03125,0,0.078125,0,0.046875,0,0.09375,0.8,0.0625,0,0.078125,0.266667,0.0625,0,0.046875,0,0.078125,1.03709,0.0625,0,0.0625,0,0.046875,0,0.0625,0,0.0625,0,0.09375,0.666667,0.078125,0.8,0.078125,0,0.03125,0,0.046875,0,0.046875,0,0.0625,0,0.03125,0,0.0625,0,0.0625,0,0.078125,0,0.0625,0,0.0625,0,0.078125,0,0.015625,0,0.03125,0,
42,100,2,0.0625,0,0.09375,0.666667,0.0625,0.0666667,0.046875,0,0.0625,0,0.0625,0,0.078125,0,0.09375,0.733333,0.0625,0,0.03125,0,0.015625,0,0.046875,0,0.0625,0,0.0625,0,0.046875,0,0.078125,0,0.046875,0,0.078125,0,0.078125,0.133333,0.078125,0.466667,0.046875,0,0.0625,0.733333,0.015625,0,0.0625,0.8,0.03125,0,0.0625,0.666667,0.046875,0,0.046875,0,0.0625,0.0666667,0.078125,0,0.046875,0,0.078125,0,0.0625,0,0.03125,0,0.03125,0,0.0625,0,0.078125,0.466667,0.078125,0.894281,0.078125,0,0.046875,0,0.09375,0.933333,0.09375,0.666667,0.046875,0,0.0625,0,0.0625,0,0.03125,0,0.046875,0,0.046875,0,0.0625,0,0.0625,0.6,0.0625,0.866667,0.0625,0,0.03125,0,0.0625,0,0.078125,0,0.078125,0,0.078125,0.133333,0.0625,0,0.0625,0,0.046875,0.4,0.046875,0,0.0625,0,0.0625,0,0.046875,0,0.0625,0,0.078125,0,0.046875,0.866667,0.0625,0,0.0625,0,0.046875,0,0.078125,0.466667,0.046875,0,0.0625,0,0.0625,0,0.0625,0,0.078125,0,0.078125,0.133333,0.0625,0,0.046875,0,0.078125,0.733333,0.03125,0,0.0625,0,0.078125,0.466667,0.0625,0,0.046875,0,0.078125,0,0.0625,0,0.078125,0.733333,0.046875,0,0.046875,0,0.09375,0.733333,0.0625,0,0.015625,0,0.046875,0,0.046875,0,0.046875,0,0.046875,0,0.0625,0,0.0625,0,0.078125,0.466667,
43,100,2,0.0625,0,0.078125,0,0.09375,0.6,0.109375,1.04853,0.09375,0.6,0.078125,0,0.046875,0,0.078125,0,0.0625,0,0.046875,0,0.046875,0,0.078125,0,0.0625,0,0.0625,0,0.046875,0,0.0625,0,0.078125,0,0.046875,0,0.046875,0,0.0625,0,0.0625,0,0.0625,0,0.046875,0,0.0625,0,0.046875,0,0.0625,0,0.03125,0,0.046875,0,0.03125,0,0.078125,0,0.046875,0,0.03125,0,0.046875,0,0.0625,0,0.015625,0,0.078125,0,0.0625,0,0.03125,0,0.046875,0,0.03125,0,0.015625,0,0.0625,0,0.078125,0,0.078125,0,0.078125,0,0.0625,0,0.03125,0,0.0625,0,0.0625,0,0.046875,0,0.0625,0,0.0625,0,0.078125,0,0.078125,0,0.0625,0.733333,0.0625,0,0.046875,0,0.0625,0,0.0625,0,0.03125,0,0.0625,0,0.046875,0,0.0625,0,0.078125,0,0.046875,0,0.0625,0,0.078125,0,0.078125,0.6,0.046875,0,0.078125,0,0.046875,0,0.03125,0,0.0625,0.866667,0.046875,0.133333,0.109375,1.20948,0.046875,0,0.046875,0,0.078125,0,0.03125,0,0.03125,0,0.015625,0,0.046875,0,0.0625,0,0.046875,0,0.078125,0,0.078125,0,0.046875,0,0.015625,0,0.0625,0.866667,0.078125,0.733333,0.078125,0,0.078125,0,0.046875,0,0.078125,0,0.046875,0,0.0625,0,0.109375,1.18186,0.0625,0,0.078125,0,0.0625,0,
44,100,2,0.046875,0,0.0625,0,0.109375,1.04379,0.0625,0,0.03125,0,0.0625,0,0.078125,0,0.09375,0.666667,0.03125,0,0.0625,0,0.046875,0,0.0625,0,0.0625,0,0.078125,0,0.015625,0,0.03125,0,0.03125,0,0.078125,0,0.0625,0,0.078125,0,0.0625,0,0.0625,0,0.015625,0,0.0625,0,0.078125,0,0.046875,0,0.0625,0,0.078125,0,0.078125,0,0.046875,0,0.046875,0,0.03125,0,0.0625,0,0.0625,0,0.046875,0,0.078125,0,0.078125,0,0.078125,0,0.0625,0,0.0625,0,0.0625,0,0.03125,0,0.0625,0,0.03125,0,0.046875,0,0.0625,0,0.046875,0,0.078125,0,0.078125,0,0.046875,0,0.0625,0,0.078125,0,0.046875,0,0.03125,0,0.046875,0,0.078125,0,0.09375,1.17042,0.078125,0.733333,0.078125,0.8,0.078125,0,0.046875,0,0.078125,0,0.078125,0.887581,0.015625,0,0.046875,0.0666667,0.046875,0,0.0625,0,0.046875,0.0666667,0.078125,0,0.046875,0.133333,0.046875,0,0.03125,0,0.015625,0,0.046875,0,0.0625,0.866667,0.046875,0,0.015625,0,0.046875,0,0.046875,0,0.03125,0,0.046875,0,0.03125,0,0.046875,0,0.0625,0,0.0625,0,0.078125,0,0.0625,0,0.03125,0,0.078125,0,0.03125,0,0.0625,0,0.0625,0,0.0625,0,0.046875,0.6,0.03125,0,0.078125,0,0.0625,0,0.09375,0.533333,0.078125,0,0.046875,0,
45,100,2,0.078125,0.6,0.0625,0,0.0625,0.666667,0.03125,0,0.046875,0.133333,0.046875,0,0.078125,0,0.109375,0.954247,0.078125,0,0.0625,0.866667,0.046875,0,0.0625,0,0.0625,0,0.09375,1.18186,0.078125,0.8,0.046875,0,0.078125,0,0.046875,0,0.09375,0.866667,0.0625,0,0.09375,1.15425,0.046875,0,0.078125,0,0.0625,0,0.0625,0,0.0625,0,0.046875,0,0.015625,0,0.046875,0,0.046875,0,0.0625,0,0.046875,0,0.078125,0.887581,0.0625,0.2,0.0625,0,0.078125,0,0.0625,0,0.0625,0,0.046875,0,0.0625,0,0.078125,0,0.03125,0,0.09375,0.466667,0.078125,0,0.078125,0,0.046875,0,0.0625,0.666667,0.046875,0.333333,0.046875,0,0.09375,0.533333,0.09375,0.533333,0.09375,0.866667,0.046875,0,0.046875,0,0.0625,0,0.078125,0,0.09375,0.871405,0.078125,0,0.078125,0,0.078125,0,0.046875,0.866667,0.03125,0,0.0625,0,0.015625,0,0.0625,0,0.0625,0,0.0625,0,0.046875,0,0.078125,1.2647,0.0625,0,0.09375,0.871405,0.078125,0,0.078125,0,0.046875,0,0.0625,0,0.0625,0,0.078125,0,0.078125,0,0.078125,0.733333,0.0625,0,0.0625,0,0.078125,0,0.109375,1.03235,0.0625,0,0.078125,0,0.0625,0.6,0.046875,0,0.078125,0,0.0625,0,0.078125,0,0.078125,0,0.0625,0,0.078125,0,0.03125,0,0.078125,0,0.0625,0,0.0625,0,0.0625,0,0.078125,0,0.0625,0,
46,100,2,0.046875,0,0.09375,0.333333,0.078125,0,0.046875,0,0.078125,0,0.0625,0,0.125,1.22424,0.046875,0,0.0625,0,0.0625,0,0.0625,0,0.109375,0.721895,0.078125,0,0.0625,0.733333,0.046875,0,0.0625,0,0.078125,1.2647,0.078125,0.8,0.0625,0,0.09375,0.933333,0.078125,1.15425,0.0625,0,0.078125,0,0.03125,0,0.046875,0,0.046875,0,0.109375,1.19804,0.0625,0,0.078125,0,0.03125,0,0.046875,0,0.046875,0,0.0625,0,0.09375,0.733333,0.09375,0.733333,0.046875,0,0.078125,0,0.078125,0,0.09375,0.682843,0.078125,0,0.09375,0.682843,0.015625,0,0.046875,0,0.0625,0,0.0625,0,0.046875,0,0.046875,0,0.046875,0,0.046875,0,0.0625,0,0.046875,0,0.078125,0,0.09375,0.682843,0.046875,0,0.109375,0.721895,0.078125,0.733333,0.0625,0,0.078125,0.8,0.078125,0,0.078125,0,0.109375,1.19804,0.078125,0.733333,0.078125,0,0.0625,0,0.015625,0,0.078125,0,0.09375,0.8,0.046875,0,0.0625,0,0.046875,0,0.0625,0,0.078125,0.8,0.09375,0.533333,0.078125,0,0.0625,0,0.09375,0.333333,0.0625,0,0.0625,0,0.0625,0.8,0.03125,0,0.046875,0,0.03125,0,0.078125,0.8,0.0625,0,0.046875,0,0.0625,0,0.078125,0,0.09375,0.333333,0.078125,0,0.046875,0,0.0625,0.6,0.046875,0,0.078125,0,0.078125,0.8,0.109375,0.721895,0.0625,0,0.0625,0,0.0625,0,0.09375,1.59539,0.0625,0,
47,100,2,0.0625,0,0.046875,0,0.078125,0,0.0625,0,0.0625,0,0.046875,0,0.046875,0,0.09375,0.866667,0.0625,0,0.09375,0.4,0.0625,0,0.0625,0,0.046875,0,0.09375,0.8,0.046875,0,0.0625,0,0.109375,0.921895,0.078125,0,0.046875,0,0.09375,1.05997,0.046875,0,0.078125,0.6,0.046875,0,0.0625,0,0.078125,0,0.0625,0,0.0625,0,0.078125,0,0.078125,0,0.0625,0,0.046875,0,0.046875,0,0.0625,0,0.046875,0,0.109375,0.733333,0.09375,0.333333,0.109375,0.738071,0.078125,0,0.0625,0,0.0625,0,0.0625,0,0.0625,0,0.09375,0.333333,0.0625,0,0.046875,0,0.078125,0.6,0.0625,0,0.078125,0.8,0.0625,0,0.078125,0,0.0625,0,0.0625,0,0.0625,0,0.03125,0,0.0625,0,0.078125,0,0.046875,0,0.0625,0,0.046875,0,0.078125,0.6,0.0625,0,0.109375,1.22424,0.078125,0.733333,0.0625,0,0.046875,0,0.046875,0,0.078125,1.29232,0.046875,0.333333,0.0625,0,0.0625,0,0.078125,0.933333,0.078125,0,0.0625,0,0.109375,0.738071,0.046875,0,0.078125,0,0.078125,0,0.046875,0,0.046875,0,0.046875,0,0.0625,0,0.0625,0,0.0625,0,0.0625,0,0.046875,0,0.078125,0,0.046875,0,0.09375,0.721895,0.078125,0.733333,0.09375,0.866667,0.0625,1.04379,0.078125,0,0.09375,0.933333,0.078125,0.6,0.046875,0,0.078125,0,0.09375,0.866667,0.046875,0,0.09375,0.4,0.078125,0,
48,100,2,0.09375,0.533333,0.0625,0,0.078125,0,0.015625,0,0.078125,0.8,0.09375,0.8,0.09375,1.23709,0.09375,1.23709,0.046875,0,0.09375,0.2,0.078125,0,0.03125,0,0.0625,0,0.09375,0.2,0.09375,0.866667,0.0625,0,0.09375,0.533333,0.09375,0.2,0.078125,0,0.0625,0,0.046875,0,0.046875,0,0.046875,0,0.0625,0,0.078125,0,0.046875,0,0.046875,0,0.078125,0.666667,0.09375,1.12353,0.03125,0,0.046875,0,0.046875,0,0.078125,0,0.078125,0,0.09375,1.12353,0.078125,0,0.046875,0.333333,0.046875,0,0.078125,0,0.046875,0,0.078125,0,0.0625,0,0.046875,0,0.0625,0,0.078125,0.733333,0.078125,0,0.109375,0.733333,0.078125,0,0.0625,0,0.03125,0,0.03125,0,0.0625,0,0.09375,0.2,0.09375,0.533333,0.078125,0,0.0625,0,0.046875,0,0.046875,0,0.0625,0,0.03125,0,0.0625,0,0.0625,0,0.078125,0,0.09375,0.866667,0.0625,0,0.09375,0.2,0.0625,0,0.078125,0,0.09375,0.8,0.09375,0.2,0.09375,0.2,0.078125,0,0.09375,0.533333,0.125,1.46826,0.03125,0,0.078125,0,0.078125,0,0.078125,0.765685,0.078125,0,0.078125,0,0.046875,0,0.046875,0,0.078125,0,0.0625,0,0.078125,0,0.09375,0.533333,0.078125,0.6,0.03125,0,0.09375,0.533333,0.078125,0,0.078125,0,0.078125,0.765685,0.046875,0,0.078125,0,0.09375,0.2,0.0625,0,0.078125,0,0.046875,0,0.03125,0,0.0625,0,
49,100,2,0.0625,0,0.0625,0,0.078125,0,0.078125,0,0.09375,1.14281,0.09375,0.2,0.09375,0.2,0.0625,0,0.0625,0,0.0625,0,0.0625,0,0.046875,0,0.046875,0,0.09375,0.333333,0.09375,0.266667,0.078125,0,0.0625,0,0.0625,0,0.046875,0,0.078125,0,0.0625,0,0.078125,0.8,0.078125,0,0.046875,0,0.046875,0,0.03125,0,0.0625,0,0.078125,0.666667,0.078125,0,0.03125,0,0.046875,0,0.0625,0,0.0625,0,0.078125,0.4,0.09375,0.333333,0.078125,0.4,0.09375,0.933333,0.0625,0,0.03125,0,0.0625,0,0.078125,0,0.078125,1.15425,0.078125,0,0.078125,0,0.0625,0,0.046875,0.133333,0.0625,0,0.0625,0.666667,0.0625,0,0.0625,0,0.046875,0,0.0625,0,0.078125,0,0.09375,0.2,0.0625,0.666667,0.015625,0,0.046875,0,0.09375,0.266667,0.09375,0.333333,0.078125,0,0.0625,0,0.046875,0,0.0625,0,0.0625,0,0.0625,0,0.09375,0.333333,0.046875,0,0.078125,1.23709,0.03125,0,0.09375,0.333333,0.109375,0.666667,0.078125,0,0.046875,0,0.0625,0,0.078125,0,0.078125,0,0.0625,0,0.0625,0.666667,0.09375,0.333333,0.0625,0,0.0625,0,0.0625,0,0.0625,0,0.078125,0,0.0625,0,0.078125,0,0.09375,1.04853,0.046875,0.133333,0.078125,0,0.0625,0,0.0625,0,0.0625,0.666667,0.078125,0,0.09375,1.04853,0.0625,0,0.0625,0,0.078125,0.4,0.078125,0,0.09375,0.466667,0.09375,0.2,
50,100,2,0.0625,0,0.046875,0,0.046875,0,0.109375,0.666667,0.09375,0.133333,0.09375,0.133333,0.046875,0,0.03125,0,0.0625,0,0.046875,0,0.078125,0,0.078125,0.965685,0.0625,0,0.0625,0,0.046875,0,0.078125,0.8,0.0625,0,0.09375,0,0.046875,0,0.046875,0.133333,0.09375,0.133333,0.0625,0,0.078125,0,0.078125,0,0.0625,0.733333,0.09375,1.01618,0.046875,0,0.109375,1.04379,0.078125,0,0.0625,0,0.078125,0,0.078125,0.8,0.046875,0,0.046875,0,0.09375,0.466667,0.0625,0,0.078125,1.05997,0.0625,0,0.03125,0,0.078125,0,0.0625,0,0.078125,0.666667,0.078125,0,0.03125,0,0.046875,0,0.0625,0,0.046875,0,0.0625,0,0.09375,0.866667,0.078125,0,0.046875,0,0.078125,0,0.03125,0,0.09375,1.23709,0.078125,0,0.078125,0,0.078125,0.2,0.0625,0,0.078125,0,0.109375,1.09902,0.078125,0,0.03125,0,0.09375,0.733333,0.0625,0,0.09375,0,0.09375,0.8,0.109375,1.14281,0.078125,0.866667,0.03125,0,0.078125,0,0.0625,0,0.09375,0,0.078125,0,0.046875,0,0.03125,0,0.078125,0.2,0.078125,0.2,0.0625,0,0.046875,0,0.078125,0.2,0.0625,0,0.0625,0,0.078125,0,0.078125,0,0.0625,0,0.09375,0,0.078125,0,0.078125,0,0.09375,0,0.0625,0,0.09375,0.133333,0.078125,0,0.0625,0.666667,0.078125,0.666667,0.03125,0,0.078125,0,0.0625,0,0.03125,0,0.078125,0,0.09375,0.333333,
51,100,2,0.078125,0,0.0625,0,0.0625,0,0.078125,0,0.078125,0.2,0.09375,0.666667,0.078125,0,0.09375,0.866667,0.078125,0.2,0.0625,0,0.078125,0,0.046875,0,0.09375,0.333333,0.046875,0,0.03125,0,0.03125,0,0.03125,0,0.078125,0,0.0625,0,0.078125,1.20948,0.046875,0,0.046875,0,0.046875,0,0.078125,0.6,0.0625,0,0.09375,0.666667,0.078125,0,0.03125,0,0.09375,0.977124,0.078125,0,0.09375,1.2647,0.09375,1.15425,0.046875,0,0.046875,0.866667,0.078125,0,0.078125,0.8,0.09375,0,0.109375,1.04853,0.109375,0.6,0.0625,0,0.03125,0,0.0625,0,0.09375,0,0.046875,0,0.0625,0.666667,0.0625,0,0.046875,0,0.0625,0,0.046875,0.0666667,0.0625,0,0.09375,0.926633,0.0625,0,0.09375,0.8,0.078125,0.666667,0.09375,0.266667,0.078125,0,0.0625,0,0.0625,0,0.078125,0,0.078125,0,0.0625,0,0.078125,0,0.078125,0,0.046875,0,0.09375,0.266667,0.09375,0.133333,0.046875,0,0.078125,0,0.046875,0,0.0625,0,0.0625,0,0.0625,0,0.09375,0.266667,0.03125,0,0.0625,0,0.09375,0,0.078125,0.6,0.0625,0,0.0625,0,0.0625,0,0.078125,0,0.0625,0,0.0625,0,0.09375,0,0.078125,0,0.078125,0,0.03125,0,0.078125,0.933333,0.046875,0,0.109375,0.977124,0.046875,0,0.078125,0.2,0.09375,0.133333,0.0625,0,0.078125,0,0.0625,0,0.0625,0,0.109375,0.933333,0.078125,0,0.078125,0,
52,100,2,0.078125,0,0.0625,0,0.0625,0.6,0.09375,0.738071,0.078125,0.6,0.078125,0.760948,0.078125,0,0.015625,0,0.03125,0,0.0625,0,0.078125,0,0.078125,0.666667,0.03125,0,0.109375,0.6,0.046875,0,0.09375,0,0.078125,0,0.09375,0,0.0625,0,0.078125,0,0.0625,0,0.0625,0,0.078125,0.733333,0.078125,0,0.0625,0,0.09375,0,0.0625,0,0.078125,0,0.046875,0,0.0625,0.8,0.078125,0,0.078125,0,0.0625,0,0.078125,0.6,0.046875,0,0.046875,0,0.09375,0.733333,0.078125,0,0.0625,0,0.078125,0.8,0.09375,0,0.03125,0,0.03125,0,0.078125,0,0.09375,0,0.0625,0,0.078125,0,0.078125,0,0.109375,1.15425,0.0625,0.8,0.09375,0,0.0625,0,0.046875,0,0.109375,0.6,0.0625,0,0.046875,0,0.078125,0,0.078125,0,0.09375,0,0.078125,0.733333,0.078125,0,0.046875,0,0.078125,0,0.046875,0,0.109375,0.933333,0.078125,0,0.078125,0.666667,0.09375,0,0.03125,0,0.09375,0.8,0.0625,0,0.0625,0,0.03125,0,0.046875,0,0.09375,0.965685,0.078125,0,0.078125,0,0.0625,0,0.0625,0,0.078125,0,0.0625,0,0.078125,0,0.109375,0.910457,0.03125,0,0.0625,0,0.078125,0,0.078125,0,0.0625,0,0.09375,0,0.09375,0,0.09375,0,0.09375,0,0.046875,0,0.0625,0,0.078125,0,0.09375,0.738071,0.109375,1.23709,0.046875,0,0.046875,0,0.078125,0,
53,100,2,0.078125,0.933333,0.0625,0,0.09375,0,0.0625,0,0.09375,1.05997,0.0625,0.4,0.09375,0,0.078125,0,0.09375,0,0.078125,0,0.078125,0.466667,0.046875,0,0.078125,0,0.0625,0,0.046875,0,0.078125,0.933333,0.0625,0.4,0.0625,0,0.0625,0,0.09375,0,0.0625,0.533333,0.109375,0.866667,0.09375,0,0.078125,0,0.0625,0,0.078125,0,0.078125,0,0.109375,0.533333,0.09375,0.666667,0.078125,0,0.078125,0.8,0.078125,0,0.109375,0.533333,0.109375,0.6,0.09375,0.866667,0.0625,0,0.109375,0.933333,0.09375,0,0.0625,0,0.0625,0,0.078125,0,0.078125,0,0.078125,0,0.046875,0,0.078125,0,0.0625,0,0.078125,0,0.0625,0,0.0625,0,0.09375,1.15425,0.078125,0,0.09375,0.8,0.046875,0,0.0625,0.4,0.078125,0,0.078125,0.466667,0.046875,0,0.109375,1.12663,0.109375,0.533333,0.046875,0,0.078125,0,0.0625,0.8,0.0625,0,0.0625,0.4,0.0625,0,0.09375,0,0.078125,0,0.09375,0.710457,0.078125,0,0.046875,0,0.078125,0,0.046875,0,0.078125,0,0.078125,0,0.109375,1.25828,0.078125,0.466667,0.0625,0,0.078125,0.6,0.078125,0.733333,0.09375,0,0.0625,0,0.0625,0,0.078125,0,0.09375,0,0.109375,1.14281,0.0625,0,0.09375,0.882843,0.109375,1.14281,0.09375,0,0.078125,0,0.078125,0,0.0625,0,0.0625,0,0.046875,0,0.078125,0,0.09375,0,0.09375,0,0.046875,0,0.0625,0,0.078125,0.666667,
54,100,2,0.078125,0.6,0.078125,1.23709,0.078125,0,0.0625,0.8,0.078125,0,0.078125,0.733333,0.078125,0,0.0625,0,0.078125,0,0.109375,0.8,0.09375,0,0.09375,0,0.078125,0,0.078125,0.666667,0.0625,0,0.09375,0,0.03125,0,0.078125,0,0.09375,0.749509,0.078125,0.866667,0.078125,0.533333,0.0625,0,0.0625,0,0.0625,0,0.09375,0,0.046875,0,0.0625,0.333333,0.0625,0.333333,0.0625,0,0.09375,0,0.078125,0,0.046875,0,0.078125,0,0.078125,0,0.046875,0,0.078125,0,0.09375,0,0.0625,0.333333,0.046875,0,0.0625,0,0.09375,1.18186,0.078125,0,0.09375,0.616176,0.078125,0,0.09375,0,0.078125,0,0.078125,0,0.078125,0,0.078125,0,0.09375,1.11519,0.078125,0,0.078125,0,0.09375,0,0.078125,0,0.0625,0,0.09375,0,0.0625,0,0.109375,0.6,0.078125,0,0.0625,0,0.0625,0,0.078125,0,0.078125,0,0.09375,1.03235,0.0625,0,0.078125,0,0.078125,0,0.09375,0.616176,0.125,1.18186,0.0625,0,0.0625,0,0.078125,0.533333,0.078125,0.733333,0.109375,0.871405,0.0625,0,0.0625,0.333333,0.109375,0.533333,0.078125,0,0.109375,0.533333,0.078125,0,0.078125,0,0.0625,0,0.0625,0,0.0625,0,0.0625,0,0.109375,1.09902,0.078125,0,0.078125,0,0.09375,0.749509,0.0625,0,0.078125,0,0.09375,0,0.0625,0,0.0625,0,0.0625,0,0.078125,0,0.078125,0,0.09375,0.949509,0.03125,0,0.0625,0,
55,100,2,0.078125,0,0.078125,0.933333,0.046875,0,0.09375,0.627614,0.0625,0,0.09375,0.733333,0.046875,0,0.0625,0,0.046875,0,0.0625,0,0.09375,0.627614,0.078125,0,0.09375,0,0.0625,0,0.046875,0,0.078125,0.6,0.09375,0,0.078125,0,0.078125,0,0.078125,0,0.09375,0.8,0.078125,0.466667,0.078125,0,0.078125,0,0.078125,0.466667,0.046875,0,0.03125,0,0.03125,0,0.09375,0,0.109375,0.8,0.078125,0.84379,0.078125,0,0.078125,0,0.078125,0,0.03125,0,0.09375,0,0.078125,0,0.078125,0.6,0.078125,0.466667,0.0625,0,0.09375,0,0.09375,0,0.0625,0,0.09375,0,0.09375,0,0.078125,0,0.09375,0.6,0.09375,0,0.09375,0,0.046875,0,0.0625,0,0.078125,0.6,0.078125,0,0.0625,0,0.09375,0,0.0625,0,0.0625,0,0.0625,0,0.0625,0,0.0625,0.2,0.078125,0.866667,0.015625,0,0.109375,0.6,0.09375,0,0.078125,0,0.0625,0,0.109375,0.866667,0.078125,0,0.09375,0.910457,0.046875,0,0.078125,0,0.0625,0.2,0.078125,0.6,0.09375,0.8,0.046875,0,0.078125,0,0.078125,0.533333,0.0625,0,0.0625,0,0.0625,0.2,0.078125,0,0.0625,0,0.078125,0,0.078125,0,0.03125,0,0.09375,0,0.078125,0.8,0.109375,0.8,0.0625,0.2,0.09375,0.627614,0.09375,0.666667,0.03125,0,0.0625,0,0.078125,0,0.09375,0,0.078125,0,0.0625,0,0.078125,0,0.078125,0,0.078125,0,
56,100,2,0.078125,0.733333,0.0625,0,0.0625,0,0.09375,0.733333,0.0625,0.133333,0.09375,0.533333,0.0625,0,0.078125,0.733333,0.078125,0,0.078125,0,0.078125,0,0.078125,0.6,0.078125,0.4,0.078125,0,0.078125,0,0.078125,0,0.109375,0.466667,0.046875,0,0.078125,0,0.09375,0.733333,0.109375,0.4,0.046875,0,0.09375,0,0.09375,0,0.0625,0,0.109375,0.666667,0.0625,0,0.078125,0,0.078125,0,0.09375,0.866667,0.0625,0,0.09375,0,0.109375,0.4,0.078125,0.4,0.0625,0,0.078125,0,0.09375,0,0.09375,0,0.109375,0.816176,0.109375,0.4,0.09375,0.666667,0.09375,0,0.109375,0.899019,0.078125,0,0.09375,0,0.0625,0,0.0625,0,0.09375,0.666667,0.09375,0,0.078125,0.6,0.078125,0,0.046875,0,0.0625,0,0.0625,0.933333,0.0625,0,0.0625,0,0.078125,0,0.046875,0,0.0625,0.133333,0.078125,0,0.046875,0,0.078125,0,0.0625,0,0.046875,0,0.0625,0,0.078125,0.4,0.078125,0,0.078125,0,0.09375,0,0.0625,0.133333,0.078125,0.84379,0.046875,0,0.03125,0,0.078125,0.4,0.078125,0.866667,0.0625,0,0.0625,0,0.078125,0.733333,0.09375,0.533333,0.015625,0,0.09375,0,0.109375,0.666667,0.078125,0,0.09375,0,0.109375,0.899019,0.0625,0,0.109375,0.466667,0.078125,0,0.0625,0,0.078125,0.4,0.046875,0,0.09375,0.533333,0.078125,0.4,0.078125,0,0.078125,0,0.09375,0.933333,0.078125,0,0.078125,0.733333,0.09375,0.533333,0.09375,0,
57,100,2,0.046875,0,0.09375,0.333333,0.078125,0,0.0625,0,0.09375,0.733333,0.09375,0,0.09375,0,0.0625,0,0.078125,0,0.109375,0.8,0.078125,0,0.09375,0,0.09375,0.4,0.09375,0.4,0.109375,1.29232,0.0625,0,0.0625,0,0.03125,0,0.078125,0.4,0.09375,0,0.078125,0.4,0.09375,0.333333,0.078125,0,0.078125,0.333333,0.078125,0.466667,0.09375,0.533333,0.046875,0,0.09375,0.855228,0.0625,0,0.046875,0,0.0625,0,0.078125,0,0.078125,0,0.125,1.08758,0.078125,0,0.078125,0,0.078125,0.6,0.078125,0,0.078125,0.4,0.078125,0,0.078125,0.333333,0.03125,0,0.09375,0.533333,0.09375,0,0.09375,0.4,0.09375,0.333333,0.078125,0.666667,0.078125,0.8,0.09375,0,0.09375,0,0.0625,0,0.09375,0,0.09375,0,0.078125,0.8,0.046875,0,0.078125,0,0.078125,0,0.078125,0.333333,0.109375,0.8,0.078125,0.333333,0.09375,0,0.09375,0.733333,0.0625,0,0.109375,0.921895,0.09375,0.533333,0.078125,0,0.0625,0.533333,0.09375,0.333333,0.046875,0,0.109375,0.8,0.109375,0.4,0.0625,0,0.09375,0.533333,0.09375,0,0.078125,0.466667,0.09375,0.866667,0.03125,0,0.078125,0.933333,0.09375,0.333333,0.0625,0,0.0625,0,0.078125,0,0.046875,0,0.109375,0.666667,0.09375,1.12663,0.09375,0.4,0.109375,0.8,0.09375,0,0.078125,0,0.046875,0,0.078125,0.333333,0.046875,0,0.09375,0.466667,0.0625,0,0.09375,0,0.09375,0.466667,0.078125,0,0.109375,0.721895,0.078125,0,0.0625,0.0666667,
58,100,2,0.0625,0,0.09375,0,0.078125,0.4,0.0625,0.733333,0.109375,0.333333,0.0625,0,0.078125,0.866667,0.0625,0,0.078125,0,0.078125,0.866667,0.046875,0,0.09375,0.4,0.0625,0,0.0625,0,0.03125,0,0.078125,0.933333,0.015625,0,0.078125,0,0.0625,0,0.09375,0,0.0625,0,0.09375,0,0.0625,0,0.09375,0.333333,0.09375,0,0.09375,0.333333,0.078125,0,0.046875,0,0.09375,0,0.046875,0,0.078125,0.4,0.078125,0,0.0625,0,0.046875,0,0.078125,0.4,0.09375,1.20948,0.09375,0,0.09375,0,0.046875,0,0.078125,0,0.09375,0,0.046875,0,0.09375,0,0.078125,0,0.0625,0,0.046875,0,0.046875,0,0.09375,0.533333,0.078125,0,0.046875,0,0.078125,0,0.0625,0,0.0625,0,0.078125,0.4,0.0625,0,0.0625,0,0.078125,0,0.046875,0,0.078125,0,0.03125,0,0.078125,0,0.078125,0,0.078125,0,0.078125,0,0.09375,0.533333,0.09375,0.333333,0.0625,0,0.09375,0.533333,0.078125,0,0.09375,0.533333,0.09375,0,0.0625,0,0.09375,0,0.109375,0.866667,0.109375,0.333333,0.109375,0.533333,0.078125,0,0.09375,0.866667,0.03125,0,0.078125,0,0.0625,0,0.0625,0,0.078125,0,0.0625,0,0.046875,0,0.078125,0,0.0625,0,0.078125,0,0.09375,0,0.0625,0,0.0625,0,0.0625,0,0.09375,0,0.09375,0,0.09375,0,0.09375,0,0.09375,0,0.03125,0,0.0625,0,0.09375,0.4,
59,100,2,0.109375,0.6,0.078125,0,0.0625,0,0.0625,0,0.109375,0.466667,0.109375,0.466667,0.078125,0,0.0625,0,0.0625,0,0.109375,0.666667,0.03125,0,0.078125,0,0.109375,0.466667,0.09375,0.4,0.046875,0,0.109375,0.8,0.0625,0,0.078125,0,0.0625,0,0.09375,0.866667,0.078125,0,0.046875,0,0.09375,0.8,0.046875,0,0.078125,0,0.078125,0,0.09375,0,0.0625,0,0.078125,0,0.078125,0,0.0625,0,0.015625,0,0.09375,0.8,0.0625,0,0.078125,0,0.046875,0,0.09375,0,0.09375,0,0.09375,0.4,0.078125,0,0.09375,0.266667,0.09375,0.266667,0.0625,0,0.078125,0,0.109375,0.8,0.0625,0,0.078125,0.666667,0.078125,0,0.109375,0.333333,0.109375,0.466667,0.078125,0,0.0625,0,0.078125,0,0.09375,0,0.09375,0.333333,0.078125,0.533333,0.0625,0,0.09375,0,0.09375,0.4,0.078125,0,0.03125,0,0.078125,0,0.046875,0,0.046875,0,0.046875,0,0.09375,0,0.078125,0.733333,0.078125,0,0.09375,0,0.109375,0.333333,0.09375,0,0.09375,0,0.046875,0,0.078125,0,0.09375,0,0.078125,0,0.109375,0.333333,0.078125,0,0.09375,0,0.109375,0.333333,0.09375,0,0.046875,0,0.109375,0.333333,0.09375,0,0.078125,0,0.09375,0.4,0.09375,0,0.09375,0.4,0.09375,0.266667,0.078125,0,0.03125,0,0.078125,0.333333,0.078125,0,0.078125,0,0.078125,0,0.078125,0.533333,0.125,0.965685,0.09375,0,0.078125,0,0.078125,0,
60,100,2,0.09375,0,0.109375,0.960948,0.09375,0,0.046875,0,0.0625,0,0.0625,0,0.078125,0,0.0625,0,0.0625,0,0.0625,0,0.0625,0,0.0625,0,0.109375,0.866667,0.0625,0,0.078125,0.8,0.0625,0,0.09375,0.133333,0.09375,0.666667,0.109375,0.266667,0.09375,0,0.046875,0,0.078125,0,0.078125,0,0.09375,0.466667,0.0625,0,0.046875,0,0.109375,0.866667,0.078125,0,0.125,1.40469,0.109375,0.933333,0.078125,0,0.078125,0.0666667,0.078125,0,0.0625,0,0.109375,0.266667,0.078125,0,0.078125,0,0.0625,0,0.078125,0,0.0625,0,0.0625,0,0.09375,0,0.125,0.933333,0.0625,0,0.078125,0,0.0625,0,0.078125,0.0666667,0.09375,0,0.0625,0,0.109375,1.36231,0.078125,0,0.078125,0,0.078125,0,0.0625,0,0.109375,0.8,0.0625,0,0.078125,0.933333,0.078125,0,0.109375,0.666667,0.09375,0,0.015625,0,0.0625,0,0.0625,0,0.09375,0,0.0625,0,0.09375,0.666667,0.046875,0,0.078125,0,0.078125,0.6,0.078125,0.333333,0.109375,0.8,0.03125,0,0.0625,0,0.109375,0.266667,0.0625,0,0.078125,1.08758,0.078125,0,0.0625,0,0.078125,0.0666667,0.09375,0.466667,0.0625,0,0.078125,0,0.0625,0,0.09375,0.4,0.078125,0,0.078125,0.466667,0.078125,0.0666667,0.078125,0,0.03125,0,0.0625,0,0.078125,0,0.09375,0,0.0625,0,0.09375,0,0.09375,0,0.125,0.871405,0.046875,0,0.078125,0,0.09375,0,0.09375,0.133333,
61,100,2,0.078125,0.466667,0.0625,0,0.0625,0,0.078125,0,0.0625,0,0.078125,0,0.0625,0,0.078125,0,0.078125,0,0.046875,0,0.078125,0,0.046875,0,0.0625,0,0.09375,0.8,0.078125,0,0.0625,0,0.09375,0.0666667,0.0625,0,0.078125,0,0.09375,0,0.046875,0,0.09375,0,0.078125,0,0.078125,0.333333,0.09375,0,0.09375,0,0.09375,0,0.09375,0.0666667,0.109375,0.2,0.078125,0,0.0625,0,0.078125,0,0.046875,0,0.09375,0,0.078125,0,0.109375,0.533333,0.046875,0,0.0625,0,0.140625,1.5742,0.09375,0.4,0.0625,0,0.046875,0,0.0625,0,0.09375,0,0.078125,0,0.09375,0.333333,0.078125,0.466667,0.046875,0,0.078125,0.2,0.09375,0.933333,0.078125,0.333333,0.078125,0,0.0625,0,0.0625,0,0.078125,0.2,0.09375,0,0.078125,0,0.046875,0,0.0625,0,0.078125,0,0.046875,0,0.078125,0,0.078125,0,0.09375,0.333333,0.109375,0.533333,0.078125,0.733333,0.09375,0,0.09375,0.733333,0.0625,0,0.09375,0.6,0.078125,0,0.0625,0,0.078125,0,0.078125,0,0.09375,0.8,0.109375,0.8,0.078125,0,0.09375,0,0.078125,0,0.09375,0,0.078125,0.733333,0.09375,0,0.046875,0,0.03125,0,0.078125,0,0.078125,0,0.0625,0,0.046875,0,0.09375,0.333333,0.078125,0,0.0625,0,0.09375,0.733333,0.0625,0,0.0625,0,0.0625,0,0.078125,0,0.078125,0,0.078125,0,0.078125,0,0.09375,0.0666667,
62,100,2,0.078125,0,0.09375,0,0.0625,0,0.0625,0,0.046875,0,0.078125,0,0.078125,0.2,0.09375,0.933333,0.09375,0,0.09375,0.333333,0.09375,0,0.078125,0,0.0625,0,0.078125,0.733333,0.046875,0,0.09375,0.8,0.078125,0,0.078125,0,0.0625,0,0.09375,0,0.09375,0.6,0.0625,0,0.09375,0,0.078125,0,0.0625,0,0.078125,0,0.0625,0,0.078125,0,0.125,1.12663,0.078125,0,0.078125,0.2,0.0625,0,0.046875,0,0.078125,0.666667,0.0625,0,0.046875,0,0.09375,0,0.09375,0,0.078125,0,0.078125,0,0.09375,0.133333,0.09375,0.733333,0.09375,0.8,0.109375,0.933333,0.03125,0,0.0625,0,0.0625,0,0.09375,0,0.0625,0,0.078125,0,0.078125,0,0.078125,0,0.046875,0,0.09375,0,0.078125,0.866667,0.078125,0,0.09375,1.08758,0.0625,0,0.09375,0,0.078125,0.2,0.09375,0.133333,0.0625,0,0.046875,0,0.09375,0,0.078125,0,0.09375,0,0.09375,0.133333,0.09375,0.333333,0.078125,0.2,0.125,0.777124,0.109375,0.666667,0.09375,0,0.09375,0.133333,0.109375,0.133333,0.078125,0,0.046875,0,0.078125,0,0.078125,0,0.0625,0,0.09375,0.6,0.09375,0,0.078125,0,0.078125,0,0.0625,0,0.0625,0,0.09375,0,0.0625,0,0.09375,0.333333,0.09375,0,0.09375,0,0.0625,0,0.078125,0.2,0.078125,0.2,0.078125,0,0.078125,0.2,0.109375,0.133333,0.078125,0.2,0.0625,0,0.09375,0.133333,0.0625,0,
63,100,2,0.09375,0,0.109375,0.133333,0.109375,0.6,0.09375,0,0.09375,0,0.078125,0.533333,0.0625,0.933333,0.09375,0,0.125,1.13137,0.0625,0,0.125,1.13137,0.078125,0,0.078125,0.8,0.0625,0,0.09375,0.733333,0.0625,0,0.046875,0,0.09375,0,0.09375,0,0.0625,0,0.078125,0,0.109375,0.8,0.09375,0,0.09375,0,0.09375,0,0.09375,0.133333,0.0625,0,0.078125,0.333333,0.09375,0,0.0625,0,0.078125,0.133333,0.0625,0,0.046875,0,0.046875,0,0.078125,0,0.09375,0.8,0.09375,0,0.09375,0,0.03125,0,0.09375,0,0.09375,1.00474,0.109375,0.6,0.078125,0,0.078125,0,0.09375,0,0.078125,0,0.09375,0,0.078125,0,0.078125,0,0.078125,0.533333,0.0625,0.733333,0.09375,0,0.09375,0.133333,0.09375,0.133333,0.109375,0.6,0.078125,0,0.078125,0.133333,0.0625,0,0.046875,0,0.078125,0,0.0625,0,0.09375,0.133333,0.09375,0,0.09375,1.02091,0.109375,0.466667,0.078125,0,0.046875,0,0.09375,0,0.046875,0,0.046875,0,0.078125,0,0.109375,0.866667,0.078125,0,0.078125,0,0.078125,0,0.0625,0,0.09375,0.733333,0.09375,0,0.078125,0,0.03125,0,0.109375,0.8,0.0625,0,0.109375,0.666667,0.09375,0,0.109375,0.6,0.09375,0.8,0.078125,0,0.09375,0,0.0625,0,0.078125,0,0.078125,0,0.078125,0,0.09375,0.933333,0.09375,0,0.0625,0,0.0625,0,0.078125,0.466667,0.078125,0.133333,0.0625,0,0.078125,0,
