generation,0,0,-0.654862,-0.85195,0.104928,1,-0.639812,-0.853154,0.0756884,2,-0.626621,-0.850987,0.095634,3,-0.574467,-0.786038,0.0573201,4,-0.635206,-0.851491,0.1259,5,-0.606173,-0.805614,0.113182,6,-0.577569,-0.814207,0.0650597,7,-0.627401,-0.851377,0.115898,8,-0.607453,-0.826005,0.0759793,9,-0.597888,-0.797581,0.0914222,10,-0.602416,-0.817261,0.0827361,11,-0.664362,-0.861908,0.101589,12,-0.632731,-0.847548,0.117893,13,-0.504424,-0.810135,0.130986,14,-0.581045,-0.798014,0.0624821,15,-0.643688,-0.854515,0.118444,16,-0.586934,-0.797691,0.0891064,17,-0.57191,-0.77823,0.106329,18,-0.550758,-0.775913,0.11222,19,-0.632746,-0.804729,0.153944,20,-0.627155,-0.846948,0.092209,21,-0.587879,-0.821196,0.0977463,22,-0.570176,-0.817481,0.0789287,23,-0.592918,-0.825953,0.0900614,24,-0.630095,-0.841898,0.0598427,25,-0.615189,-0.798038,0.104079,26,-0.581077,-0.790028,0.0934093,27,-0.554126,-0.835948,0.0734425,28,-0.625488,-0.835426,0.0920318,29,-0.556829,-0.828685,0.0793865,30,-0.60775,-0.844365,0.0773425,31,-0.515514,-0.820829,0.10567,32,-0.635333,-0.855131,0.0974079,33,-0.563516,-0.78736,0.134194,34,-0.592878,-0.799375,0.0696111,35,-0.614254,-0.849156,0.0848092,36,-0.62862,-0.773933,0.0697488,37,-0.60766,-0.852756,0.103893,38,-0.625455,-0.859789,0.126578,39,-0.600665,-0.770429,0.0944294,40,-0.552303,-0.801147,0.109101,41,-0.637736,-0.825565,0.108573,42,-0.614883,-0.844838,0.0648366,43,-0.627744,-0.799741,0.093917,44,-0.615716,-0.849475,0.130078,45,-0.621354,-0.8478,0.0846123,46,-0.550757,-0.793716,0.101631,47,-0.693779,-0.808089,0.0597147,48,-0.636256,-0.851227,0.101452,49,-0.610588,-0.819297,0.109505,
generation,1,0,-0.601636,-0.817148,0.134892,1,-0.644454,-0.850681,0.103194,2,-0.560973,-0.827219,0.0765133,3,-0.609663,-0.79558,0.0817252,4,-0.610448,-0.810293,0.0724512,5,-0.585432,-0.760907,0.120731,6,-0.646826,-0.818013,0.139344,7,-0.59895,-0.842441,0.0815903,8,-0.576805,-0.786807,0.0789493,9,-0.618784,-0.852258,0.0863744,10,-0.590671,-0.824976,0.149758,11,-0.602318,-0.840496,0.0998271,12,-0.461976,-0.814636,0.0995133,13,-0.622229,-0.843448,0.0728957,14,-0.615862,-0.849759,0.0790831,15,-0.598217,-0.84441,0.0793766,16,-0.637456,-0.850517,0.0858272,17,-0.589396,-0.810803,0.0679698,18,-0.683704,-0.817887,0.108449,19,-0.502849,-0.803652,0.109109,20,-0.6084,-0.827715,0.0929291,21,-0.652112,-0.793207,0.100106,22,-0.59311,-0.791196,0.111841,23,-0.632841,-0.847263,0.0755122,24,-0.60753,-0.825064,0.0720814,25,-0.551279,-0.793349,0.106919,26,-0.621009,-0.847214,0.0862182,27,-0.631785,-0.815615,0.097304,28,-0.686664,-0.843931,0.105751,29,-0.643466,-0.854801,0.0935059,30,-0.496333,-0.801147,0.0935579,31,-0.637956,-0.783251,0.0987478,32,-0.623536,-0.844199,0.100124,33,-0.607821,-0.848784,0.0859556,34,-0.708359,-0.867252,0.107379,35,-0.624579,-0.777249,0.107434,36,-0.634558,-0.827862,0.101096,37,-0.693296,-0.798379,0.110836,38,-0.627974,-0.835701,0.078299,39,-0.610619,-0.783549,0.0772115,40,-0.582395,-0.806672,0.0733467,41,-0.545057,-0.789055,0.0991064,42,-0.686896,-0.850114,0.105482,43,-0.529767,-0.816359,0.142824,44,-0.615547,-0.848195,0.12546,45,-0.476198,-0.823534,0.0931784,46,-0.63829,-0.852613,0.0769934,47,-0.610161,-0.842857,0.124094,48,-0.68372,-0.79507,0.0789807,49,-0.607774,-0.855572,0.0835503,
generation,2,0,-0.605023,-0.84093,0.10139,1,-0.578339,-0.833939,0.095122,2,-0.625348,-0.853259,0.107437,3,-0.586937,-0.78197,0.0823697,4,-0.4885,-0.806542,0.0849073,5,-0.649638,-0.850213,0.118446,6,-0.631391,-0.847389,0.0809849,7,-0.629959,-0.846787,0.0850883,8,-0.597553,-0.830296,0.0716297,9,-0.600143,-0.798757,0.0843921,10,-0.612251,-0.85109,0.071508,11,-0.615672,-0.840439,0.0651767,12,-0.624432,-0.84607,0.100709,13,-0.608483,-0.839499,0.0602565,14,-0.608952,-0.85044,0.0813881,15,-0.573256,-0.779967,0.0914959,16,-0.606335,-0.827715,0.099357,17,-0.593897,-0.827395,0.0649305,18,-0.632466,-0.817137,0.118762,19,-0.453321,-0.814234,0.056563,20,-0.568859,-0.775893,0.0931995,21,-0.597992,-0.832964,0.105895,22,-0.59583,-0.846021,0.129512,23,-0.635922,-0.844299,0.0872093,24,-0.640387,-0.845582,0.0874821,25,-0.545312,-0.871754,0.138905,26,-0.604039,-0.809305,0.0705072,27,-0.599066,-0.79512,0.115122,28,-0.637201,-0.857478,0.11851,29,-0.613989,-0.786641,0.0686494,30,-0.599969,-0.833672,0.0588581,31,-0.631179,-0.840662,0.106776,32,-0.610608,-0.795353,0.0932125,33,-0.628014,-0.843294,0.0871252,34,-0.659572,-0.847322,0.102679,35,-0.570496,-0.78617,0.0568545,36,-0.647959,-0.848855,0.0926508,37,-0.564388,-0.796322,0.0999489,38,-0.634398,-0.83136,0.106438,39,-0.665631,-0.844807,0.116851,40,-0.627044,-0.84081,0.0885092,41,-0.613213,-0.826539,0.0938742,42,-0.621246,-0.844646,0.101019,43,-0.648974,-0.846722,0.0993813,44,-0.621726,-0.841261,0.0881208,45,-0.612832,-0.781892,0.0993626,46,-0.585634,-0.777566,0.105768,47,-0.622339,-0.814938,0.0896971,48,-0.607648,-0.840593,0.0780343,49,-0.632862,-0.829736,0.119018,
generation,3,0,-0.636226,-0.855169,0.138716,1,-0.65102,-0.842547,0.13934,2,-0.623594,-0.852349,0.112451,3,-0.579206,-0.792767,0.0987815,4,-0.649265,-0.838763,0.0773799,5,-0.542937,-0.829352,0.0819024,6,-0.611898,-0.837284,0.097646,7,-0.666029,-0.852373,0.0905029,8,-0.648422,-0.869255,0.0949788,9,-0.604401,-0.84662,0.0803242,10,-0.582672,-0.847656,0.0619633,11,-0.655218,-0.844954,0.107953,12,-0.642328,-0.851772,0.10372,13,-0.519234,-0.843922,0.0937282,14,-0.557274,-0.808819,0.0822155,15,-0.620389,-0.843274,0.0995189,16,-0.632171,-0.81683,0.126914,17,-0.593955,-0.815242,0.0928688,18,-0.665056,-0.839997,0.110378,19,-0.597517,-0.829464,0.08982,20,-0.667058,-0.862534,0.0999233,21,-0.625325,-0.854559,0.0874415,22,-0.602034,-0.852858,0.11225,23,-0.602433,-0.845214,0.106469,24,-0.555473,-0.818209,0.0783526,25,-0.629766,-0.844252,0.104869,26,-0.603782,-0.830449,0.121679,27,-0.603525,-0.775375,0.0750404,28,-0.658702,-0.874074,0.14236,29,-0.638976,-0.761741,0.102296,30,-0.554692,-0.838508,0.106417,31,-0.643367,-0.854638,0.110274,32,-0.607453,-0.84806,0.0859123,33,-0.640863,-0.830828,0.10997,34,-0.619055,-0.824585,0.131724,35,-0.648744,-0.829545,0.118535,36,-0.608592,-0.789694,0.119152,37,-0.606577,-0.844435,0.0763078,38,-0.651036,-0.839904,0.10951,39,-0.634484,-0.848008,0.0899691,40,-0.560287,-0.781949,0.0943828,41,-0.6189,-0.825716,0.0703567,42,-0.613479,-0.810815,0.085762,43,-0.597914,-0.803629,0.105025,44,-0.645522,-0.849066,0.10638,45,-0.643579,-0.835726,0.128308,46,-0.630129,-0.78982,0.0652194,47,-0.597198,-0.825967,0.0839164,48,-0.597393,-0.814367,0.0663521,49,-0.594469,-0.606445,0.0885795,
generation,4,0,-0.660786,-0.791154,0.111711,1,-0.604992,-0.839926,0.115129,2,-0.705385,-0.850172,0.0842621,3,-0.584088,-0.774798,0.0744815,4,-0.602857,-0.803935,0.0717263,5,-0.701086,-0.82103,0.159894,6,-0.568286,-0.783806,0.108679,7,-0.620589,-0.846412,0.113183,8,-0.609222,-0.854417,0.0837235,9,-0.695199,-0.79358,0.08653,10,-0.432966,-0.836345,0.081085,11,-0.643474,-0.80248,0.0878934,12,-0.588099,-0.755321,0.141147,13,-0.629987,-0.777061,0.11646,14,-0.626163,-0.850345,0.110676,15,-0.64245,-0.810491,0.0949312,16,-0.603315,-0.798129,0.0748124,17,-0.601884,-0.847396,0.0965359,18,-0.568025,-0.804876,0.0978103,19,-0.610505,-0.849829,0.0955241,20,-0.540068,-0.835192,0.120887,21,-0.613134,-0.828914,0.0805027,22,-0.620301,-0.832202,0.106887,23,-0.58405,-0.806477,0.106022,24,-0.525577,-0.820111,0.0903976,25,-0.614615,-0.839799,0.0990775,26,-0.618283,-0.85399,0.119031,27,-0.510666,-0.82755,0.0575881,28,-0.568089,-0.783167,0.084407,29,-0.57448,-0.793696,0.0929178,30,-0.640313,-0.8293,0.1113,31,-0.56209,-0.764773,0.108321,32,-0.653011,-0.844883,0.114112,33,-0.636111,-0.828452,0.0827301,34,-0.604841,-0.827732,0.0823544,35,-0.625952,-0.852867,0.101183,36,-0.638509,-0.857919,0.101395,37,-0.644505,-0.848086,0.115941,38,-0.624161,-0.846981,0.117181,39,-0.637593,-0.857859,0.12014,40,-0.494203,-0.785659,0.075962,41,-0.623263,-0.850347,0.0799275,42,-0.593125,-0.819534,0.0833643,43,-0.63512,-0.802444,0.0838857,44,-0.666652,-0.801069,0.0826478,45,-0.550593,-0.812379,0.109464,46,-0.60293,-0.833028,0.0886615,47,-0.715945,-0.829155,0.0944254,48,-0.603122,-0.839425,0.112749,49,-0.649038,-0.845925,0.0751713,
generation,5,0,-0.5811,-0.768997,0.0709694,1,-0.602157,-0.851698,0.0715734,2,-0.518903,-0.814717,0.0719355,3,-0.544666,-0.79734,0.0846336,4,-0.622947,-0.847916,0.122084,5,-0.597221,-0.846226,0.0792722,6,-0.529538,-0.838448,0.0727787,7,-0.644356,-0.8476,0.0855284,8,-0.567411,-0.779701,0.107508,9,-0.61436,-0.814248,0.0653285,10,-0.616479,-0.817129,0.0894051,11,-0.665192,-0.833765,0.112169,12,-0.548391,-0.79999,0.13146,13,-0.676764,-0.844966,0.0959759,14,-0.620334,-0.850737,0.0823549,15,-0.628859,-0.816372,0.0892962,16,-0.644475,-0.843242,0.101502,17,-0.685294,-0.846258,0.117709,18,-0.620364,-0.855126,0.0938569,19,-0.619704,-0.836103,0.0794125,20,-0.580006,-0.797365,0.0709144,21,-0.646276,-0.85213,0.0896389,22,-0.585955,-0.771404,0.116181,23,-0.652927,-0.857787,0.12177,24,-0.547506,-0.788763,0.101198,25,-0.661279,-0.848718,0.104579,26,-0.475806,-0.802662,0.0908773,27,-0.655644,-0.829596,0.113745,28,-0.653049,-0.849788,0.103396,29,-0.603191,-0.851091,0.0661629,30,-0.568517,-0.831935,0.0870225,31,-0.599654,-0.777274,0.116491,32,-0.5488,-0.787772,0.138601,33,-0.612039,-0.843717,0.0793878,34,-0.624493,-0.770309,0.0921181,35,-0.588414,-0.825733,0.0858367,36,-0.63686,-0.789076,0.117741,37,-0.639282,-0.851016,0.119529,38,-0.570085,-0.789162,0.118107,39,-0.632828,-0.812098,0.0758789,40,-0.590577,-0.825882,0.0715146,41,-0.57794,-0.783538,0.0750557,42,-0.644438,-0.845162,0.122843,43,-0.624787,-0.838602,0.0701933,44,-0.602183,-0.787295,0.131407,45,-0.621344,-0.851188,0.107028,46,-0.6049,-0.849031,0.0783273,47,-0.607238,-0.844397,0.0706008,48,-0.641444,-0.85256,0.0977829,49,-0.479314,-0.823796,0.0571947,
generation,6,0,-0.576496,-0.796287,0.144989,1,-0.567719,-0.792205,0.0779933,2,-0.498932,-0.816923,0.0804113,3,-0.660094,-0.816084,0.0863271,4,-0.624528,-0.845834,0.0897648,5,-0.611948,-0.776977,0.0803632,6,-0.553017,-0.805373,0.0747275,7,-0.554944,-0.766539,0.105785,8,-0.622225,-0.833472,0.110179,9,-0.647017,-0.853981,0.112719,10,-0.626573,-0.830492,0.0905288,11,-0.602302,-0.84113,0.0629305,12,-0.602667,-0.831132,0.100084,13,-0.621861,-0.83438,0.0967978,14,-0.629006,-0.850331,0.0734087,15,-0.608403,-0.847979,0.0840854,16,-0.613571,-0.809224,0.0706395,17,-0.599452,-0.796323,0.111065,18,-0.634185,-0.826572,0.113908,19,-0.629167,-0.795726,0.0971895,20,-0.594321,-0.785656,0.1139,21,-0.60614,-0.815018,0.0930703,22,-0.606814,-0.828121,0.0977268,23,-0.621364,-0.798002,0.0792025,24,-0.631584,-0.755568,0.0740458,25,-0.620106,-0.853762,0.0859812,26,-0.62486,-0.784898,0.092271,27,-0.557624,-0.704838,0.0770696,28,-0.5969,-0.792162,0.11309,29,-0.576671,-0.827911,0.0916137,30,-0.618771,-0.849472,0.102531,31,-0.716289,-0.788386,0.084141,32,-0.606568,-0.814903,0.0855721,33,-0.614744,-0.846781,0.0798582,34,-0.644795,-0.773641,0.0911458,35,-0.478319,-0.783498,0.10578,36,-0.593929,-0.824224,0.078247,37,-0.584045,-0.784536,0.0645852,38,-0.588815,-0.810702,0.0681847,39,-0.632912,-0.812829,0.0874545,40,-0.629687,-0.844686,0.0911489,41,-0.619498,-0.760731,0.114568,42,-0.598951,-0.793402,0.113597,43,-0.632213,-0.849203,0.111721,44,-0.622298,-0.833807,0.103464,45,-0.650172,-0.81771,0.128413,46,-0.653197,-0.792656,0.116775,47,-0.545968,-0.818449,0.0877199,48,-0.57107,-0.830357,0.0935363,49,-0.598464,-0.824577,0.0619667,
generation,7,0,-0.619519,-0.852798,0.073558,1,-0.624793,-0.856439,0.0824678,2,-0.642604,-0.84968,0.11404,3,-0.669114,-0.798732,0.114421,4,-0.569134,-0.806678,0.0726257,5,-0.598039,-0.762497,0.0776392,6,-0.586215,-0.778205,0.0747939,7,-0.624425,-0.847743,0.0963333,8,-0.580428,-0.809494,0.0658043,9,-0.576978,-0.808057,0.0666609,10,-0.648374,-0.844514,0.0924659,11,-0.626681,-0.848534,0.110006,12,-0.666016,-0.808433,0.0794764,13,-0.514965,-0.809162,0.084908,14,-0.620995,-0.848629,0.0824174,15,-0.565943,-0.807567,0.117926,16,-0.557257,-0.78624,0.0797897,17,-0.648593,-0.832749,0.104624,18,-0.672975,-0.811275,0.0924557,19,-0.599419,-0.801204,0.0756081,20,-0.486856,-0.80791,0.0963471,21,-0.624677,-0.850113,0.0914375,22,-0.637015,-0.839349,0.102986,23,-0.625836,-0.835235,0.0817214,24,-0.616395,-0.807517,0.0875881,25,-0.639771,-0.851226,0.0953785,26,-0.590943,-0.781969,0.0986218,27,-0.581548,-0.80072,0.0815291,28,-0.591746,-0.796196,0.108711,29,-0.632063,-0.850364,0.09823,30,-0.605918,-0.827607,0.0825349,31,-0.594232,-0.81072,0.0915205,32,-0.616725,-0.804441,0.121103,33,-0.589232,-0.831945,0.0993099,34,-0.598156,-0.819246,0.0842977,35,-0.719221,-0.856017,0.101681,36,-0.622894,-0.822691,0.0694358,37,-0.593501,-0.851614,0.0775006,38,-0.633517,-0.84561,0.124326,39,-0.590125,-0.83501,0.0974876,40,-0.568635,-0.788956,0.0599297,41,-0.653003,-0.849174,0.118381,42,-0.553915,-0.802984,0.0768065,43,-0.630721,-0.808262,0.0946113,44,-0.582567,-0.851702,0.0599873,45,-0.607522,-0.840826,0.0779892,46,-0.65128,-0.84678,0.0938162,47,-0.598134,-0.839032,0.0759263,48,-0.640236,-0.842051,0.10072,49,-0.605854,-0.85342,0.0818006,
generation,8,0,-0.609427,-0.850148,0.0755832,1,-0.493435,-0.809464,0.0670777,2,-0.60504,-0.85389,0.0966469,3,-0.611107,-0.835804,0.0960803,4,-0.604919,-0.798684,0.144988,5,-0.660039,-0.8492,0.100548,6,-0.642619,-0.783755,0.084334,7,-0.559901,-0.851734,0.0897777,8,-0.604253,-0.838307,0.0967784,9,-0.656932,-0.768504,0.143439,10,-0.684633,-0.806419,0.0994463,11,-0.534918,-0.799901,0.0583349,12,-0.604974,-0.771095,0.0815041,13,-0.626737,-0.752501,0.133009,14,-0.612203,-0.841982,0.0837294,15,-0.62645,-0.850981,0.13641,16,-0.561032,-0.779061,0.105186,17,-0.60442,-0.77557,0.124414,18,-0.603123,-0.808074,0.0782953,19,-0.6047,-0.838531,0.1324,20,-0.695322,-0.820817,0.0807381,21,-0.581154,-0.786737,0.134767,22,-0.593723,-0.825883,0.0939596,23,-0.593507,-0.838416,0.0693785,24,-0.646424,-0.844471,0.0926277,25,-0.569864,-0.799136,0.0604661,26,-0.551598,-0.791771,0.10647,27,-0.598276,-0.80047,0.106533,28,-0.557306,-0.642746,0.0876727,29,-0.643284,-0.821139,0.0833503,30,-0.602707,-0.80991,0.0763077,31,-0.605221,-0.837647,0.112043,32,-0.603185,-0.850436,0.100305,33,-0.573977,-0.838192,0.102302,34,-0.571953,-0.818005,0.0689643,35,-0.44486,-0.850029,0.12079,36,-0.527712,-0.806411,0.0926323,37,-0.608081,-0.772373,0.0750597,38,-0.666746,-0.847379,0.0727479,39,-0.631727,-0.838399,0.103287,40,-0.612537,-0.850244,0.0686356,41,-0.670922,-0.798274,0.0916453,42,-0.695579,-0.848536,0.118586,43,-0.540615,-0.787605,0.128993,44,-0.59175,-0.820489,0.0910016,45,-0.477328,-0.768214,0.0813384,46,-0.612032,-0.778083,0.122767,47,-0.662669,-0.806328,0.109807,48,-0.62878,-0.789533,0.115508,49,-0.62646,-0.858315,0.104996,
generation,9,0,-0.556062,-0.835193,0.109392,1,-0.644043,-0.767007,0.107725,2,-0.492908,-0.902967,0.176697,3,-0.481186,-0.680667,0.0842035,4,-0.607709,-0.804534,0.0801773,5,-0.62125,-0.780141,0.0565852,6,-0.664294,-0.80184,0.0974633,7,-0.656706,-0.830779,0.0847886,8,-0.677188,-0.799852,0.0886277,9,-0.662588,-0.853434,0.105277,10,-0.646147,-0.817686,0.102641,11,-0.591467,-0.80568,0.128049,12,-0.545086,-0.814791,0.0835891,13,-0.633396,-0.845813,0.0886316,14,-0.581674,-0.800528,0.0958119,15,-0.652727,-0.853509,0.112293,16,-0.61165,-0.821116,0.120683,17,-0.625075,-0.749303,0.133875,18,-0.678495,-0.811864,0.119267,19,-0.593748,-0.852322,0.0958301,20,-0.660205,-0.825731,0.114463,21,-0.60828,-0.838906,0.068116,22,-0.569294,-0.826335,0.0782102,23,-0.596707,-0.807478,0.100493,24,-0.64727,-0.813872,0.131711,25,-0.629478,-0.846973,0.0975956,26,-0.599167,-0.803799,0.0859376,27,-0.625711,-0.841302,0.0961287,28,-0.590664,-0.785414,0.0771302,29,-0.684933,-0.793494,0.115773,30,-0.575912,-0.841796,0.117304,31,-0.648985,-0.832997,0.112219,32,-0.666413,-0.807546,0.0860977,33,-0.62468,-0.844497,0.116387,34,-0.594675,-0.818391,0.0647241,35,-0.661598,-0.852419,0.142504,36,-0.663837,-0.84144,0.122471,37,-0.613816,-0.841193,0.0869847,38,-0.564375,-0.786317,0.089398,39,-0.607539,-0.849734,0.0759903,40,-0.434814,-0.651961,0.0861855,41,-0.558668,-0.790204,0.0742846,42,-0.646683,-0.844321,0.114898,43,-0.554933,-0.766354,0.0952052,44,-0.549078,-0.818365,0.0845926,45,-0.637071,-0.847346,0.0735904,46,-0.640229,-0.79259,0.093898,47,-0.629711,-0.824864,0.0764839,48,-0.65681,-0.831922,0.073355,49,-0.644648,-0.792557,0.0949643,
generation,10,0,-0.581771,-0.837686,0.0801176,1,-0.62361,-0.830972,0.102674,2,-0.619826,-0.832525,0.0711433,3,-0.69964,-0.789776,0.0893278,4,-0.624291,-0.79907,0.0884409,5,-0.554993,-0.767777,0.124367,6,-0.647299,-0.816708,0.10078,7,-0.707618,-0.838202,0.147544,8,-0.623955,-0.836311,0.0891772,9,-0.573459,-0.832363,0.0798385,10,-0.534009,-0.806538,0.11983,11,-0.606658,-0.807142,0.138672,12,-0.538984,-0.771061,0.0762939,13,-0.623411,-0.823815,0.131072,14,-0.578399,-0.802448,0.115689,15,-0.600438,-0.849605,0.0849572,16,-0.452104,-0.798813,0.0723938,17,-0.642809,-0.826478,0.0567754,18,-0.553988,-0.78638,0.149577,19,-0.683933,-0.790711,0.0950097,20,-0.615899,-0.852866,0.116064,21,-0.696718,-0.793008,0.107756,22,-0.658783,-0.839217,0.0953847,23,-0.613701,-0.84605,0.125748,24,-0.585941,-0.842919,0.116759,25,-0.571232,-0.852582,0.105697,26,-0.609702,-0.848208,0.0991885,27,-0.589246,-0.820055,0.0613645,28,-0.60906,-0.841564,0.091719,29,-0.622617,-0.841934,0.082328,30,-0.643512,-0.851131,0.11613,31,-0.622584,-0.847791,0.0764336,32,-0.636166,-0.781109,0.098858,33,-0.595995,-0.811114,0.127905,34,-0.680141,-0.812182,0.138968,35,-0.624393,-0.846299,0.0797599,36,-0.634652,-0.784751,0.0809395,37,-0.617035,-0.849898,0.0926917,38,-0.628949,-0.852821,0.0605531,39,-0.65502,-0.853315,0.0999054,40,-0.614774,-0.832191,0.0905575,41,-0.623873,-0.775905,0.116599,42,-0.614428,-0.850048,0.0746937,43,-0.561624,-0.807074,0.121344,44,-0.633638,-0.852852,0.0703338,45,-0.61745,-0.847933,0.0924203,46,-0.629358,-0.823221,0.080404,47,-0.582962,-0.835692,0.0711306,48,-0.587995,-0.849251,0.116679,49,-0.517774,-0.830507,0.104859,
generation,11,0,-0.537603,-0.80469,0.101261,1,-0.616873,-0.813079,0.0657513,2,-0.621935,-0.848121,0.0699279,3,-0.621384,-0.847081,0.0755413,4,-0.602492,-0.84755,0.103999,5,-0.601635,-0.761164,0.0808006,6,-0.598924,-0.81389,0.0727707,7,-0.591498,-0.828276,0.0682249,8,-0.636286,-0.769905,0.121202,9,-0.60529,-0.825817,0.120952,10,-0.592974,-0.819015,0.0710745,11,-0.638871,-0.839568,0.0911851,12,-0.657622,-0.847797,0.0945557,13,-0.649344,-0.782533,0.105275,14,-0.634099,-0.766881,0.124635,15,-0.63411,-0.827333,0.101837,16,-0.494396,-0.823482,0.0779542,17,-0.590808,-0.828072,0.148273,18,-0.538943,-0.824833,0.0946928,19,-0.627478,-0.851026,0.0966696,20,-0.593268,-0.82726,0.100151,21,-0.660546,-0.846697,0.0650131,22,-0.535878,-0.773274,0.125018,23,-0.629598,-0.800395,0.107211,24,-0.605089,-0.852449,0.0882853,25,-0.607878,-0.848593,0.104219,26,-0.603166,-0.845317,0.0767327,27,-0.612782,-0.836589,0.0998313,28,-0.660925,-0.853217,0.0947758,29,-0.558657,-0.868431,0.141447,30,-0.548082,-0.840446,0.0855846,31,-0.492931,-0.827116,0.145599,32,-0.61799,-0.798594,0.126142,33,-0.635568,-0.783664,0.150718,34,-0.643572,-0.843781,0.117121,35,-0.494872,-0.778468,0.101787,36,-0.658792,-0.807728,0.118108,37,-0.792888,-0.75618,0.100567,38,-0.598695,-0.801411,0.0744608,39,-0.592508,-0.802556,0.0922729,40,-0.62759,-0.792643,0.129092,41,-0.608835,-0.856629,0.0912089,42,-0.674172,-0.860965,0.136949,43,-0.623176,-0.852445,0.11523,44,-0.643161,-0.843034,0.117061,45,-0.607651,-0.844081,0.083984,46,-0.613796,-0.818633,0.103654,47,-0.686036,-0.766926,0.074631,48,-0.612841,-0.851822,0.109561,49,-0.620437,-0.818236,0.0814729,
generation,12,0,-0.5485,-0.816788,0.0815296,1,-0.607353,-0.830348,0.096269,2,-0.610377,-0.764958,0.0988845,3,-0.597039,-0.814806,0.0735388,4,-0.662648,-0.805514,0.10707,5,-0.594129,-0.796602,0.0753092,6,-0.597324,-0.786742,0.0913394,7,-0.645212,-0.845345,0.136416,8,-0.564128,-0.790778,0.0908386,9,-0.587037,-0.802842,0.154607,10,-0.64252,-0.780979,0.0861444,11,-0.440147,-0.792308,0.115646,12,-0.643904,-0.823869,0.0822264,13,-0.605321,-0.830343,0.0593246,14,-0.631276,-0.833069,0.103425,15,-0.597872,-0.798282,0.0649503,16,-0.618954,-0.750954,0.112754,17,-0.684016,-0.826809,0.144513,18,-0.624474,-0.852566,0.101021,19,-0.438263,-0.845188,0.104148,20,-0.678867,-0.856462,0.11947,21,-0.561955,-0.828072,0.075234,22,-0.651216,-0.842491,0.0723768,23,-0.587325,-0.786066,0.067667,24,-0.604514,-0.762058,0.0893941,25,-0.581505,-0.758642,0.119106,26,-0.592034,-0.796528,0.14097,27,-0.624452,-0.790935,0.0673842,28,-0.611391,-0.863383,0.0916534,29,-0.660411,-0.828106,0.11306,30,-0.626937,-0.851882,0.0677521,31,-0.621487,-0.783223,0.0749824,32,-0.491808,-0.828386,0.0661994,33,-0.604018,-0.792912,0.0962567,34,-0.607635,-0.830107,0.0816579,35,-0.627269,-0.849255,0.127381,36,-0.608532,-0.83873,0.0957097,37,-0.645223,-0.759091,0.161881,38,-0.603367,-0.828638,0.101381,39,-0.616547,-0.848738,0.0837425,40,-0.606527,-0.769976,0.0947861,41,-0.597192,-0.829773,0.0848189,42,-0.619726,-0.841012,0.0691618,43,-0.622934,-0.848929,0.108629,44,-0.661824,-0.824401,0.099137,45,-0.621512,-0.842169,0.110522,46,-0.597742,-0.78707,0.0962178,47,-0.672819,-0.839873,0.0997092,48,-0.651607,-0.842151,0.0996693,49,-0.528898,-0.797504,0.0693191,
generation,13,0,-0.634804,-0.851357,0.0838695,1,-0.621349,-0.829674,0.0840198,2,-0.633694,-0.824159,0.0950971,3,-0.61547,-0.839298,0.124071,4,-0.545621,-0.799717,0.0587636,5,-0.673229,-0.7857,0.0936472,6,-0.614764,-0.820233,0.0861639,7,-0.644694,-0.844613,0.0939353,8,-0.544435,-0.762174,0.0731461,9,-0.691786,-0.85244,0.0648032,10,-0.644184,-0.804937,0.100331,11,-0.627943,-0.845844,0.0857502,12,-0.566095,-0.793739,0.0789714,13,-0.603327,-0.812468,0.0885986,14,-0.576283,-0.79731,0.0843989,15,-0.663037,-0.827902,0.129951,16,-0.63759,-0.826563,0.0974769,17,-0.607792,-0.865925,0.062834,18,-0.572902,-0.822789,0.0670861,19,-0.586872,-0.767134,0.117095,20,-0.637972,-0.850161,0.0815544,21,-0.59152,-0.822823,0.0821473,22,-0.630587,-0.836426,0.0903444,23,-0.651393,-0.852873,0.125951,24,-0.505996,-0.791706,0.081447,25,-0.563171,-0.798281,0.123962,26,-0.613943,-0.853729,0.124115,27,-0.658178,-0.852768,0.130774,28,-0.637643,-0.822593,0.144753,29,-0.589722,-0.788978,0.0602624,30,-0.644066,-0.82226,0.0991575,31,-0.581204,-0.791141,0.0978665,32,-0.483395,-0.801662,0.0987411,33,-0.602105,-0.855881,0.081414,34,-0.580815,-0.779289,0.0673633,35,-0.645506,-0.851196,0.109422,36,-0.642723,-0.841495,0.137368,37,-0.663449,-0.822159,0.098467,38,-0.672764,-0.855274,0.0761507,39,-0.636926,-0.85164,0.091855,40,-0.677478,-0.81041,0.072564,41,-0.607283,-0.807399,0.0806818,42,-0.613586,-0.853929,0.0795685,43,-0.586083,-0.840524,0.0825077,44,-0.639251,-0.851626,0.117286,45,-0.600053,-0.818903,0.0817847,46,-0.637538,-0.832322,0.0849642,47,-0.639726,-0.848898,0.0970756,48,-0.583902,-0.825559,0.0791858,49,-0.644396,-0.843756,0.0843944,
generation,14,0,-0.580854,-0.801782,0.0986798,1,-0.653418,-0.811336,0.0770282,2,-0.659387,-0.808303,0.123584,3,-0.628605,-0.85992,0.077452,4,-0.43887,-0.840986,0.0766508,5,-0.622568,-0.821329,0.131594,6,-0.557088,-0.821284,0.0793233,7,-0.585657,-0.828742,0.120287,8,-0.591487,-0.800012,0.0910747,9,-0.626163,-0.846916,0.107368,10,-0.631047,-0.850812,0.123538,11,-0.579808,-0.845158,0.12723,12,-0.685649,-0.811833,0.097024,13,-0.602046,-0.851595,0.111797,14,-0.591446,-0.812527,0.0748811,15,-0.564054,-0.838505,0.072304,16,-0.565546,-0.798886,0.096484,17,-0.580677,-0.791529,0.0693238,18,-0.588717,-0.82673,0.06881,19,-0.601129,-0.845225,0.100493,20,-0.55059,-0.837394,0.12554,21,-0.601214,-0.833782,0.0957545,22,-0.502591,-0.807278,0.0627816,23,-0.580904,-0.792434,0.0961468,24,-0.637563,-0.800842,0.113265,25,-0.642985,-0.827227,0.0876824,26,-0.67688,-0.80519,0.1357,27,-0.623102,-0.789254,0.0819527,28,-0.604223,-0.806605,0.131806,29,-0.58273,-0.820934,0.0847287,30,-0.548934,-0.804137,0.0586212,31,-0.612263,-0.845382,0.0866275,32,-0.61165,-0.814564,0.102222,33,-0.600901,-0.819184,0.0650228,34,-0.605816,-0.754835,0.075459,35,-0.551967,-0.796915,0.0736589,36,-0.618002,-0.831982,0.120442,37,-0.612509,-0.850498,0.0967129,38,-0.626608,-0.85822,0.140434,39,-0.577505,-0.807794,0.0857274,40,-0.641883,-0.809578,0.113534,41,-0.643571,-0.85483,0.116439,42,-0.600571,-0.849159,0.104524,43,-0.620521,-0.844305,0.0969856,44,-0.629317,-0.850678,0.0948527,45,-0.467691,-0.786515,0.0855131,46,-0.634075,-0.83228,0.093501,47,-0.632433,-0.799507,0.10894,48,-0.634746,-0.840725,0.123693,49,-0.612503,-0.85304,0.114188,
generation,15,0,-0.603266,-0.850053,0.0870517,1,-0.625953,-0.845452,0.0777783,2,-0.613421,-0.795258,0.0797977,3,-0.597829,-0.812076,0.0732923,4,-0.545631,-0.85185,0.069163,5,-0.594521,-0.84811,0.0998397,6,-0.65156,-0.849332,0.140402,7,-0.65778,-0.83575,0.0685005,8,-0.586214,-0.787998,0.0702593,9,-0.587072,-0.791064,0.082696,10,-0.707692,-0.765872,0.115343,11,-0.649015,-0.783364,0.122171,12,-0.570828,-0.812087,0.0704094,13,-0.54516,-0.781796,0.0882454,14,-0.676556,-0.853984,0.0997351,15,-0.522491,-0.853976,0.0615397,16,-0.684699,-0.812016,0.113409,17,-0.605046,-0.840055,0.102478,18,-0.614053,-0.777795,0.108946,19,-0.655581,-0.810967,0.0869964,20,-0.58166,-0.761047,0.0709137,21,-0.630337,-0.83368,0.120723,22,-0.623554,-0.856358,0.0941447,23,-0.696008,-0.844911,0.113954,24,-0.491542,-0.806274,0.144546,25,-0.627433,-0.847737,0.113191,26,-0.652186,-0.812215,0.0895967,27,-0.585662,-0.77879,0.083483,28,-0.5098,-0.847633,0.0964723,29,-0.581672,-0.769676,0.0955703,30,-0.649367,-0.838345,0.0905025,31,-0.612074,-0.852611,0.0747809,32,-0.631686,-0.844604,0.123398,33,-0.637999,-0.812246,0.0827432,34,-0.661313,-0.853186,0.109931,35,-0.574075,-0.774916,0.0792665,36,-0.602308,-0.835462,0.0679839,37,-0.591976,-0.809959,0.0871734,38,-0.630424,-0.820261,0.0796115,39,-0.673729,-0.843577,0.116651,40,-0.646543,-0.850002,0.0980037,41,-0.523453,-0.80384,0.125845,42,-0.70122,-0.847947,0.0985467,43,-0.575028,-0.805358,0.082013,44,-0.596345,-0.797101,0.0952169,45,-0.571961,-0.796913,0.0610612,46,-0.655322,-0.848429,0.0924904,47,-0.583389,-0.795022,0.0793119,48,-0.641736,-0.819238,0.125696,49,-0.609097,-0.819083,0.11759,
generation,16,0,-0.645758,-0.84083,0.110542,1,-0.568476,-0.787517,0.0798497,2,-0.518516,-0.801831,0.135834,3,-0.621014,-0.842884,0.0895476,4,-0.549539,-0.821839,0.0676907,5,-0.545547,-0.817299,0.0849215,6,-0.615048,-0.822984,0.0704431,7,-0.648053,-0.841419,0.0815744,8,-0.604635,-0.816258,0.0790863,9,-0.65069,-0.835486,0.112452,10,-0.629388,-0.852313,0.127968,11,-0.661056,-0.83985,0.127812,12,-0.539486,-0.803008,0.133552,13,-0.560399,-0.778109,0.11729,14,-0.630531,-0.851785,0.10263,15,-0.600117,-0.825965,0.0731935,16,-0.607315,-0.77968,0.120556,17,-0.528365,-0.809873,0.119953,18,-0.620712,-0.848374,0.0833506,19,-0.626307,-0.849139,0.107618,20,-0.637636,-0.753779,0.103245,21,-0.58897,-0.813516,0.0646185,22,-0.604449,-0.718823,0.068739,23,-0.660957,-0.846719,0.10176,24,-0.639382,-0.840683,0.077095,25,-0.57927,-0.819056,0.109614,26,-0.63898,-0.830872,0.11528,27,-0.64702,-0.796363,0.095976,28,-0.537028,-0.838129,0.0707106,29,-0.587414,-0.825091,0.0943886,30,-0.631309,-0.821695,0.108627,31,-0.614173,-0.792558,0.104729,32,-0.672954,-0.866205,0.137384,33,-0.66451,-0.794614,0.110139,34,-0.608782,-0.785,0.0762476,35,-0.593499,-0.749739,0.110142,36,-0.624449,-0.830588,0.0834418,37,-0.551857,-0.843307,0.0813845,38,-0.669363,-0.792224,0.112971,39,-0.61409,-0.844458,0.0850543,40,-0.652074,-0.823846,0.0979386,41,-0.590638,-0.781477,0.101594,42,-0.660451,-0.790016,0.128764,43,-0.611645,-0.770442,0.100597,44,-0.655961,-0.848474,0.154516,45,-0.640775,-0.811247,0.0864014,46,-0.737144,-0.848236,0.0974677,47,-0.605782,-0.839676,0.0988024,48,-0.632776,-0.813873,0.0719892,49,-0.629613,-0.840656,0.0797132,
generation,17,0,-0.62532,-0.853,0.0906301,1,-0.628238,-0.84587,0.0867584,2,-0.598374,-0.814356,0.0756897,3,-0.606342,-0.814649,0.0966844,4,-0.636833,-0.858827,0.112004,5,-0.463094,-0.835903,0.12126,6,-0.605754,-0.806452,0.103067,7,-0.620797,-0.845525,0.11016,8,-0.631545,-0.841794,0.0871373,9,-0.610991,-0.845385,0.0896571,10,-0.606772,-0.789452,0.0963142,11,-0.61963,-0.829976,0.0819069,12,-0.527223,-0.669702,0.0811272,13,-0.624009,-0.764523,0.0894143,14,-0.557879,-0.8027,0.112464,15,-0.608776,-0.60623,0.0893984,16,-0.538269,-0.836398,0.125104,17,-0.633021,-0.800192,0.0569936,18,-0.660134,-0.847334,0.0618271,19,-0.483346,-0.81166,0.0754303,20,-0.695158,-0.846857,0.0983512,21,-0.585814,-0.804748,0.063134,22,-0.623113,-0.774845,0.0786235,23,-0.601873,-0.847478,0.0747156,24,-0.581752,-0.797701,0.0637458,25,-0.635734,-0.83108,0.111527,26,-0.576313,-0.868942,0.123424,27,-0.604468,-0.855357,0.0925006,28,-0.549737,-0.807314,0.12166,29,-0.628517,-0.81919,0.0903542,30,-0.641997,-0.844328,0.0732505,31,-0.552382,-0.837948,0.0835365,32,-0.587149,-0.80427,0.0915846,33,-0.696444,-0.835731,0.10299,34,-0.594303,-0.787487,0.0937184,35,-0.661561,-0.837543,0.0969364,36,-0.475004,-0.811939,0.0840134,37,-0.514444,-0.800756,0.0895985,38,-0.664485,-0.743842,0.15501,39,-0.659774,-0.849677,0.12062,40,-0.555424,-0.824503,0.0857222,41,-0.647914,-0.804379,0.12674,42,-0.62788,-0.83563,0.0928135,43,-0.639387,-0.827191,0.0997365,44,-0.644381,-0.846972,0.0976339,45,-0.62744,-0.825228,0.133075,46,-0.602476,-0.823704,0.116437,47,-0.572439,-0.709273,0.102598,48,-0.636008,-0.826915,0.0699425,49,-0.604689,-0.821186,0.125224,
generation,18,0,-0.666601,-0.852911,0.122043,1,-0.658069,-0.85115,0.0909153,2,-0.633963,-0.824822,0.108298,3,-0.616449,-0.823816,0.118865,4,-0.569589,-0.764896,0.106279,5,-0.630675,-0.827872,0.112222,6,-0.634733,-0.837715,0.081132,7,-0.558745,-0.758738,0.102614,8,-0.601064,-0.807952,0.0683424,9,-0.662363,-0.772993,0.125087,10,-0.600476,-0.825722,0.0937824,11,-0.607602,-0.79565,0.082759,12,-0.715835,-0.755142,0.12134,13,-0.584777,-0.819938,0.065924,14,-0.57111,-0.7917,0.0754892,15,-0.576021,-0.779469,0.0778457,16,-0.694165,-0.849606,0.118924,17,-0.59204,-0.799028,0.0796777,18,-0.630394,-0.788405,0.127209,19,-0.629049,-0.835574,0.107288,20,-0.576749,-0.797742,0.0745213,21,-0.613009,-0.847536,0.076167,22,-0.467631,-0.83655,0.0628278,23,-0.606829,-0.850208,0.0850337,24,-0.553286,-0.807834,0.0722837,25,-0.625899,-0.837775,0.0835522,26,-0.543068,-0.808565,0.0819532,27,-0.611291,-0.788862,0.0903128,28,-0.531735,-0.80502,0.0806367,29,-0.594497,-0.789911,0.0634541,30,-0.648097,-0.812233,0.106668,31,-0.670021,-0.823456,0.137639,32,-0.626318,-0.831439,0.106287,33,-0.624918,-0.835169,0.134214,34,-0.676295,-0.780011,0.108255,35,-0.633365,-0.773793,0.154414,36,-0.529688,-0.812034,0.0810753,37,-0.599657,-0.845064,0.0791973,38,-0.596526,-0.727047,0.0906445,39,-0.630069,-0.85259,0.0873065,40,-0.63728,-0.850112,0.156054,41,-0.664721,-0.850645,0.113377,42,-0.674004,-0.776304,0.143574,43,-0.603717,-0.839097,0.0927941,44,-0.514428,-0.823029,0.102048,45,-0.486207,-0.783659,0.101859,46,-0.639717,-0.804894,0.0858881,47,-0.597016,-0.85455,0.110997,48,-0.615624,-0.852623,0.105195,49,-0.538057,-0.795407,0.117691,
generation,19,0,-0.552926,-0.848826,0.114806,1,-0.668134,-0.835591,0.125756,2,-0.669631,-0.814914,0.11153,3,-0.64672,-0.829344,0.125003,4,-0.567743,-0.803488,0.0599634,5,-0.579094,-0.781111,0.126129,6,-0.592442,-0.843538,0.0787273,7,-0.614795,-0.84061,0.10061,8,-0.562142,-0.831558,0.0720857,9,-0.603521,-0.763045,0.143734,10,-0.589116,-0.798695,0.081565,11,-0.62919,-0.827971,0.136023,12,-0.649295,-0.847089,0.0728133,13,-0.635277,-0.78112,0.126051,14,-0.628102,-0.829332,0.0836646,15,-0.616754,-0.864826,0.13222,16,-0.62327,-0.791519,0.0955112,17,-0.612691,-0.827651,0.107002,18,-0.585458,-0.802138,0.0922156,19,-0.669487,-0.822009,0.0877169,20,-0.516059,-0.84658,0.115135,21,-0.516225,-0.783384,0.123393,22,-0.698405,-0.848629,0.0988466,23,-0.64402,-0.81357,0.0856771,24,-0.646619,-0.794865,0.113279,25,-0.601947,-0.83752,0.0773068,26,-0.610287,-0.793215,0.117435,27,-0.507817,-0.776784,0.073932,28,-0.558331,-0.789492,0.0775081,29,-0.676961,-0.85117,0.0906831,30,-0.515568,-0.77674,0.108156,31,-0.574534,-0.768841,0.0996022,32,-0.6652,-0.850396,0.161955,33,-0.594782,-0.787757,0.0622456,34,-0.60455,-0.846325,0.080058,35,-0.628104,-0.787296,0.116124,36,-0.625211,-0.790483,0.117965,37,-0.654913,-0.851712,0.107924,38,-0.656107,-0.849913,0.0992563,39,-0.554824,-0.822686,0.0756183,40,-0.575125,-0.763253,0.110306,41,-0.563289,-0.832034,0.0799576,42,-0.664733,-0.796028,0.0853982,43,-0.629674,-0.819261,0.103921,44,-0.692167,-0.81059,0.0919745,45,-0.64068,-0.850432,0.112854,46,-0.606312,-0.839042,0.0857376,47,-0.609317,-0.840485,0.0616106,48,-0.613607,-0.79381,0.0844526,49,-0.672833,-0.850703,0.115612,
generation,20,0,-0.534878,-0.85962,0.112872,1,-0.506956,-0.830164,0.0818962,2,-0.608504,-0.836382,0.0726646,3,-0.591537,-0.693799,0.102966,4,-0.631918,-0.871832,0.0900383,5,-0.660605,-0.841928,0.114354,6,-0.542351,-0.775362,0.0568513,7,-0.684066,-0.855819,0.11482,8,-0.67371,-0.770208,0.138015,9,-0.61778,-0.79085,0.0883581,10,-0.690947,-0.722094,0.11199,11,-0.554534,-0.788048,0.108699,12,-0.616576,-0.844562,0.102633,13,-0.657545,-0.852265,0.10456,14,-0.667625,-0.850635,0.0944173,15,-0.644807,-0.831042,0.114035,16,-0.45936,-0.779543,0.0909234,17,-0.608732,-0.813043,0.0918569,18,-0.626792,-0.85187,0.109696,19,-0.603601,-0.839172,0.0986877,20,-0.637954,-0.785646,0.107562,21,-0.566514,-0.775733,0.128942,22,-0.47433,-0.807472,0.101873,23,-0.60741,-0.805178,0.0850113,24,-0.660443,-0.792752,0.113231,25,-0.597759,-0.793174,0.085324,26,-0.553895,-0.835706,0.0672593,27,-0.621043,-0.851122,0.0742864,28,-0.621233,-0.798438,0.0883958,29,-0.633796,-0.820852,0.0890378,30,-0.597921,-0.808525,0.0825379,31,-0.579133,-0.837755,0.0899579,32,-0.513219,-0.827235,0.0792485,33,-0.586966,-0.843497,0.0801915,34,-0.584639,-0.789404,0.111307,35,-0.651768,-0.802481,0.107591,36,-0.613067,-0.776154,0.119139,37,-0.646132,-0.846531,0.136893,38,-0.585831,-0.789332,0.135773,39,-0.529172,-0.786127,0.11866,40,-0.627595,-0.849968,0.120679,41,-0.612429,-0.836174,0.0794472,42,-0.707043,-0.815311,0.0962132,43,-0.631915,-0.845189,0.0918584,44,-0.693819,-0.85232,0.146644,45,-0.679489,-0.853703,0.122089,46,-0.561945,-0.816117,0.0943128,47,-0.618492,-0.778111,0.122291,48,-0.655735,-0.852455,0.100797,49,-0.604986,-0.802102,0.0893525,
generation,21,0,-0.668592,-0.851252,0.10943,1,-0.566388,-0.851162,0.0562413,2,-0.615991,-0.843326,0.105265,3,-0.668231,-0.840845,0.0840793,4,-0.644422,-0.848546,0.0833966,5,-0.58226,-0.787896,0.10145,6,-0.420886,-0.828266,0.105208,7,-0.637733,-0.854109,0.0831317,8,-0.666861,-0.802268,0.11323,9,-0.605609,-0.815839,0.0813979,10,-0.678748,-0.852384,0.105146,11,-0.572041,-0.807693,0.0631944,12,-0.601322,-0.789428,0.0839255,13,-0.633251,-0.861315,0.0768897,14,-0.621524,-0.850193,0.114397,15,-0.624656,-0.767103,0.0919986,16,-0.68346,-0.810015,0.0730419,17,-0.608668,-0.851125,0.0852745,18,-0.6646,-0.829406,0.119248,19,-0.653153,-0.784397,0.161792,20,-0.529392,-0.780533,0.0829972,21,-0.529624,-0.800137,0.0780952,22,-0.610875,-0.82407,0.132139,23,-0.672918,-0.787071,0.0892807,24,-0.602745,-0.845419,0.0646164,25,-0.607612,-0.835978,0.0728379,26,-0.571768,-0.707583,0.0872249,27,-0.550445,-0.812089,0.0901255,28,-0.631472,-0.807966,0.151508,29,-0.661973,-0.799924,0.113907,30,-0.57233,-0.820973,0.0892901,31,-0.579549,-0.784038,0.111955,32,-0.610864,-0.834402,0.106444,33,-0.669782,-0.79217,0.0694906,34,-0.622665,-0.791175,0.102889,35,-0.562677,-0.777073,0.0779059,36,-0.626844,-0.847328,0.089326,37,-0.600214,-0.837977,0.0827607,38,-0.622385,-0.8509,0.0713389,39,-0.621923,-0.845615,0.108342,40,-0.56007,-0.841865,0.0842715,41,-0.614599,-0.823793,0.0992063,42,-0.639287,-0.812671,0.0822199,43,-0.590177,-0.780319,0.0932025,44,-0.580444,-0.808258,0.0818813,45,-0.663215,-0.852296,0.111107,46,-0.559244,-0.803195,0.0560701,47,-0.615708,-0.837261,0.119798,48,-0.493646,-0.770112,0.0895841,49,-0.608082,-0.771881,0.0967681,
generation,22,0,-0.568866,-0.835946,0.0898536,1,-0.64513,-0.821351,0.116367,2,-0.590049,-0.821561,0.0903464,3,-0.590804,-0.827083,0.130638,4,-0.575715,-0.781723,0.0852529,5,-0.617317,-0.793822,0.0772404,6,-0.649414,-0.824039,0.107262,7,-0.681799,-0.780434,0.124294,8,-0.549671,-0.803819,0.124459,9,-0.621794,-0.848874,0.0872536,10,-0.653732,-0.849826,0.146313,11,-0.65259,-0.845632,0.0575811,12,-0.624104,-0.852517,0.0765905,13,-0.632826,-0.830363,0.117326,14,-0.629815,-0.850376,0.0780699,15,-0.556565,-0.785034,0.134468,16,-0.585117,-0.809381,0.0798004,17,-0.52926,-0.829666,0.0707412,18,-0.642552,-0.849268,0.121854,19,-0.61423,-0.760524,0.135819,20,-0.621154,-0.76971,0.0699981,21,-0.503744,-0.77828,0.0978094,22,-0.55457,-0.844216,0.16187,23,-0.609747,-0.830649,0.0942644,24,-0.603173,-0.831003,0.107845,25,-0.658382,-0.762424,0.100731,26,-0.593038,-0.793366,0.0815503,27,-0.599941,-0.789679,0.076016,28,-0.600409,-0.825954,0.0644792,29,-0.586328,-0.804537,0.113406,30,-0.635754,-0.770565,0.0813815,31,-0.565237,-0.803822,0.131166,32,-0.586024,-0.828889,0.0713621,33,-0.652646,-0.851306,0.0809558,34,-0.599838,-0.823801,0.0578214,35,-0.603682,-0.849749,0.104076,36,-0.480113,-0.889012,0.174699,37,-0.620835,-0.89229,0.125908,38,-0.62085,-0.853514,0.101276,39,-0.581123,-0.823704,0.086141,40,-0.644363,-0.843412,0.0835798,41,-0.611788,-0.842823,0.0973858,42,-0.513623,-0.790622,0.0718717,43,-0.602934,-0.824399,0.0907832,44,-0.62834,-0.835052,0.100453,45,-0.639042,-0.816803,0.0866601,46,-0.505341,-0.802756,0.100607,47,-0.596514,-0.801267,0.106651,48,-0.606876,-0.84286,0.0768523,49,-0.605534,-0.821018,0.098498,
generation,23,0,-0.618671,-0.808623,0.100271,1,-0.6285,-0.754542,0.116906,2,-0.657457,-0.838132,0.091972,3,-0.627106,-0.814468,0.0853643,4,-0.6454,-0.852039,0.0834424,5,-0.595735,-0.844694,0.0979413,6,-0.629909,-0.830274,0.0897727,7,-0.626958,-0.802117,0.10916,8,-0.616702,-0.850195,0.0572482,9,-0.612512,-0.778017,0.119358,10,-0.669084,-0.83152,0.114278,11,-0.649755,-0.852857,0.0941084,12,-0.621693,-0.84314,0.0838993,13,-0.627319,-0.852576,0.0972491,14,-0.630823,-0.857725,0.0909383,15,-0.621101,-0.841475,0.0985755,16,-0.504668,-0.878244,0.131148,17,-0.6295,-0.846986,0.0756815,18,-0.630355,-0.740462,0.0974564,19,-0.620791,-0.809107,0.0815654,20,-0.674536,-0.82991,0.105536,21,-0.617256,-0.808276,0.12247,22,-0.62281,-0.856918,0.0663879,23,-0.684621,-0.821175,0.0845472,24,-0.648058,-0.82439,0.0862235,25,-0.66346,-0.844337,0.132444,26,-0.571242,-0.781649,0.114888,27,-0.56434,-0.725525,0.113487,28,-0.538571,-0.807243,0.127859,29,-0.734102,-0.825755,0.122772,30,-0.657926,-0.84127,0.107272,31,-0.597864,-0.844286,0.0571689,32,-0.590128,-0.848646,0.128059,33,-0.567198,-0.795426,0.130482,34,-0.575207,-0.750604,0.108846,35,-0.659097,-0.845467,0.0939862,36,-0.562414,-0.82912,0.0783394,37,-0.62672,-0.795826,0.117081,38,-0.592335,-0.822801,0.0823319,39,-0.477543,-0.795255,0.109064,40,-0.640056,-0.849301,0.0690115,41,-0.630969,-0.841535,0.0832814,42,-0.545771,-0.803966,0.116654,43,-0.595888,-0.80712,0.096377,44,-0.629932,-0.866626,0.0799955,45,-0.627445,-0.852462,0.0942218,46,-0.712394,-0.837441,0.124777,47,-0.638684,-0.844675,0.113483,48,-0.678034,-0.843781,0.0821612,49,-0.548633,-0.796733,0.0759954,
generation,24,0,-0.651206,-0.853023,0.114285,1,-0.642521,-0.841195,0.114463,2,-0.616155,-0.853332,0.0743782,3,-0.565724,-0.792277,0.108013,4,-0.425867,-0.817611,0.099682,5,-0.674556,-0.807086,0.101623,6,-0.664242,-0.853594,0.12102,7,-0.642874,-0.844253,0.0666791,8,-0.602353,-0.831779,0.071129,9,-0.641004,-0.830609,0.103298,10,-0.58782,-0.792325,0.100949,11,-0.612743,-0.792337,0.0681798,12,-0.5962,-0.820853,0.0790822,13,-0.620589,-0.846993,0.0658688,14,-0.689066,-0.852144,0.129976,15,-0.60708,-0.845857,0.0767245,16,-0.655566,-0.827058,0.120159,17,-0.618391,-0.840285,0.0660022,18,-0.566216,-0.842235,0.0978308,19,-0.659682,-0.852285,0.115973,20,-0.630534,-0.833203,0.0734697,21,-0.63996,-0.837953,0.100446,22,-0.6678,-0.85552,0.109459,23,-0.587616,-0.812982,0.0916865,24,-0.614151,-0.815775,0.150018,25,-0.566157,-0.801532,0.0678841,26,-0.616759,-0.841715,0.077649,27,-0.631517,-0.847952,0.14146,28,-0.609303,-0.819185,0.114544,29,-0.630966,-0.857065,0.0895548,30,-0.585222,-0.769079,0.0772869,31,-0.641681,-0.820235,0.10261,32,-0.575651,-0.804362,0.0942955,33,-0.683006,-0.847365,0.107157,34,-0.417747,-0.827352,0.118998,35,-0.66689,-0.788542,0.0932621,36,-0.644149,-0.822214,0.140044,37,-0.652778,-0.805155,0.0905554,38,-0.64108,-0.851801,0.102878,39,-0.604287,-0.80089,0.0870333,40,-0.616562,-0.841553,0.106685,41,-0.651405,-0.847111,0.152628,42,-0.574479,-0.787634,0.0952998,43,-0.656258,-0.773231,0.120421,44,-0.618057,-0.842979,0.108048,45,-0.592803,-0.850377,0.0561982,46,-0.63359,-0.832638,0.0682461,47,-0.593139,-0.822415,0.0941787,48,-0.528029,-0.756034,0.147337,49,-0.504395,-0.766901,0.124512,
generation,25,0,-0.606238,-0.835264,0.0901398,1,-0.646102,-0.845788,0.0737761,2,-0.627293,-0.761742,0.107806,3,-0.602904,-0.763588,0.0999653,4,-0.533964,-0.794805,0.102883,5,-0.630661,-0.852336,0.124,6,-0.634263,-0.852145,0.095904,7,-0.587316,-0.828658,0.0691681,8,-0.621803,-0.851119,0.109898,9,-0.653824,-0.779434,0.0788066,10,-0.604729,-0.8118,0.0826369,11,-0.661967,-0.855968,0.0797551,12,-0.57965,-0.831711,0.128096,13,-0.637648,-0.839953,0.1269,14,-0.64352,-0.818336,0.13413,15,-0.701956,-0.83283,0.0948138,16,-0.629257,-0.810036,0.0593449,17,-0.585573,-0.761053,0.0782131,18,-0.623664,-0.812898,0.0812751,19,-0.629758,-0.820829,0.0987737,20,-0.573382,-0.802536,0.0999385,21,-0.642958,-0.834727,0.081737,22,-0.450815,-0.801672,0.0709046,23,-0.618998,-0.785191,0.087336,24,-0.647312,-0.852097,0.104788,25,-0.621369,-0.852169,0.0992301,26,-0.580717,-0.826793,0.0772344,27,-0.586168,-0.79944,0.107619,28,-0.535554,-0.818981,0.0874368,29,-0.551275,-0.791809,0.0579293,30,-0.634907,-0.839942,0.143278,31,-0.625753,-0.816657,0.122992,32,-0.614703,-0.84395,0.111357,33,-0.588626,-0.819697,0.0938082,34,-0.583307,-0.827464,0.0673358,35,-0.622908,-0.843212,0.108296,36,-0.51038,-0.815632,0.0963583,37,-0.538692,-0.815178,0.124106,38,-0.675923,-0.840666,0.110945,39,-0.59049,-0.769839,0.08649,40,-0.616543,-0.843575,0.0988198,41,-0.60866,-0.796638,0.0929954,42,-0.659393,-0.832532,0.0838907,43,-0.542742,-0.771317,0.106586,44,-0.552205,-0.800137,0.0793733,45,-0.59471,-0.828045,0.0911427,46,-0.598944,-0.838005,0.0916175,47,-0.656043,-0.824413,0.121897,48,-0.60494,-0.848322,0.0865352,49,-0.610846,-0.833191,0.0860811,
